iter	RMSE
0	776.5770956
1	775.0540326
2	773.4284678
3	771.9058304
4	770.2968335
5	768.6373539
6	767.0178012
7	765.4571662
8	764.0748931
9	762.6268503
10	761.1240659
11	759.7504873
12	758.4054421
13	757.0363186
14	755.7101449
15	754.2556665
16	752.9096093
17	751.5885685
18	750.2589599
19	748.8891972
20	747.5492229
21	746.2472365
22	745.0617746
23	743.8091368
24	742.5976834
25	741.4048502
26	740.2356638
27	739.0272923
28	737.8800085
29	736.7920612
30	735.7075462
31	734.5633326
32	733.4818813
33	732.3639524
34	731.2878784
35	730.2676883
36	729.1958651
37	728.1165306
38	727.0556458
39	726.1300164
40	725.0870726
41	724.1539669
42	723.1684818
43	722.1892114
44	721.1867343
45	720.3076866
46	719.4393466
47	718.6179892
48	717.746798
49	716.7889644
50	715.910612
51	715.0191829
52	714.1496279
53	713.3181637
54	712.4484018
55	711.6011086
56	710.7302358
57	709.8632164
58	708.9897132
59	708.2080283
60	707.399214
61	706.6127466
62	705.7951834
63	704.9243986
64	704.1450478
65	703.3366756
66	702.6040077
67	701.8315461
68	701.0657658
69	700.2793556
70	699.5044158
71	698.79195
72	698.0564651
73	697.3149035
74	696.6211019
75	695.9583374
76	695.354136
77	694.6428675
78	693.9348573
79	693.268897
80	692.6152028
81	691.9365578
82	691.3437195
83	690.6609604
84	690.0082448
85	689.4067709
86	688.7880669
87	688.2221477
88	687.6256494
89	687.0163381
90	686.4112319
91	685.7932896
92	685.1947534
93	684.5809481
94	683.9651432
95	683.348241
96	682.7732404
97	682.2176474
98	681.6469703
99	681.1068529
100	680.5020808
101	679.926263
102	679.3541273
103	678.7799041
104	678.2938819
105	677.7949761
106	677.2893884
107	676.7930181
108	676.2733585
109	675.7361293
110	675.1574097
111	674.6639605
112	674.1258866
113	673.628766
114	673.0929984
115	672.593522
116	672.1030895
117	671.6171693
118	671.1351588
119	670.6489857
120	670.1453993
121	669.6141717
122	669.0615029
123	668.5946874
124	668.124366
125	667.6167019
126	667.1497551
127	666.6793876
128	666.1748026
129	665.7218933
130	665.2773339
131	664.9004293
132	664.4850553
133	664.0471129
134	663.5967455
135	663.170752
136	662.7792243
137	662.3437091
138	661.904399
139	661.4624798
140	661.0140213
141	660.6074552
142	660.2157835
143	659.8063111
144	659.3635823
145	658.9923348
146	658.5645339
147	658.1366142
148	657.7470257
149	657.3654058
150	656.9742383
151	656.5255045
152	656.155728
153	655.7834881
154	655.4041234
155	654.9882805
156	654.6323532
157	654.2571607
158	653.8232979
159	653.477173
160	653.1206775
161	652.742561
162	652.3298672
163	651.971205
164	651.6071191
165	651.2072073
166	650.8055188
167	650.429669
168	650.1194533
169	649.7477787
170	649.3954882
171	649.0754762
172	648.6877352
173	648.3196973
174	647.9924652
175	647.673741
176	647.3006716
177	646.9324442
178	646.5877843
179	646.2483192
180	645.9113645
181	645.5943221
182	645.2716529
183	644.9222356
184	644.6161049
185	644.3426827
186	644.0229801
187	643.6925352
188	643.3624646
189	643.0098799
190	642.6826592
191	642.3534626
192	642.0075818
193	641.6794112
194	641.3401871
195	641.0326489
196	640.716622
197	640.4141906
198	640.1316879
199	639.8254258
200	639.5557873
201	639.2400138
202	638.9278222
203	638.6201159
204	638.3731421
205	638.0941298
206	637.8033288
207	637.5513456
208	637.2717292
209	636.9827777
210	636.6478977
211	636.3480084
212	636.0893951
213	635.8296921
214	635.5563315
215	635.2830228
216	635.0073072
217	634.7018191
218	634.4329348
219	634.1981381
220	633.9679629
221	633.6883246
222	633.4365941
223	633.2111215
224	632.9059771
225	632.6318036
226	632.3581609
227	632.0948835
228	631.7421937
229	631.5309537
230	631.249859
231	630.9612627
232	630.7154128
233	630.4663223
234	630.1766071
235	629.8875625
236	629.6008978
237	629.2927873
238	629.0412938
239	628.7755556
240	628.4933449
241	628.2659718
242	628.0521965
243	627.7648537
244	627.5276215
245	627.2813743
246	627.040871
247	626.8082523
248	626.5229074
249	626.3159785
250	626.0717015
251	625.8025704
252	625.5308898
253	625.329838
254	625.0865624
255	624.8234523
256	624.5665472
257	624.3633851
258	624.129073
259	623.9153962
260	623.6686807
261	623.4477011
262	623.1954545
263	622.9225392
264	622.6597878
265	622.4515777
266	622.216914
267	621.9855671
268	621.7406923
269	621.4596095
270	621.298188
271	621.0571477
272	620.8305859
273	620.5997148
274	620.4096498
275	620.1914946
276	619.9641611
277	619.7505084
278	619.5748482
279	619.3714415
280	619.1702673
281	618.9630958
282	618.719977
283	618.4722963
284	618.3067737
285	618.1194665
286	617.8587648
287	617.6801353
288	617.4545293
289	617.1930207
290	617.0112827
291	616.8184039
292	616.6453634
293	616.4297022
294	616.2087775
295	615.9888855
296	615.7456295
297	615.5551718
298	615.3547477
299	615.134022
300	614.91298
301	614.6859005
302	614.4633091
303	614.249349
304	614.0164183
305	613.7790758
306	613.6121346
307	613.4351544
308	613.2348092
309	613.0230286
310	612.8118137
311	612.613472
312	612.3609877
313	612.0776817
314	611.8884049
315	611.6533651
316	611.4591642
317	611.2873439
318	611.0564769
319	610.8424624
320	610.6363544
321	610.4762399
322	610.2917143
323	610.0952301
324	609.9113678
325	609.7146068
326	609.5303885
327	609.3753313
328	609.2116398
329	609.0179673
330	608.841826
331	608.6426407
332	608.4691054
333	608.225516
334	608.0215721
335	607.8455197
336	607.5986421
337	607.4206615
338	607.2110132
339	606.9511711
340	606.7416184
341	606.5240372
342	606.3523985
343	606.2212965
344	606.0683068
345	605.8550419
346	605.6666516
347	605.5232471
348	605.3343735
349	605.1587451
350	604.9745702
351	604.7892853
352	604.6414694
353	604.4771172
354	604.2788238
355	604.1033984
356	603.9393509
357	603.7383114
358	603.4802167
359	603.3277303
360	603.146823
361	602.9554908
362	602.8327653
363	602.6431655
364	602.4661111
365	602.2043248
366	602.0539205
367	601.8470538
368	601.6558636
369	601.4669446
370	601.3283228
371	601.1295575
372	600.924426
373	600.7566372
374	600.564317
375	600.3496466
376	600.2275746
377	600.0892602
378	599.9250006
379	599.7694115
380	599.5679252
381	599.4301806
382	599.2585922
383	599.0886358
384	598.9215452
385	598.7733084
386	598.6416473
387	598.4723993
388	598.322683
389	598.1541461
390	597.9878485
391	597.8349191
392	597.6367564
393	597.4737028
394	597.3222176
395	597.2011667
396	597.0163138
397	596.8572144
398	596.6955778
399	596.5393978
400	596.364875
401	596.2197793
402	596.0367403
403	595.8761446
404	595.6796783
405	595.5192152
406	595.3920204
407	595.2610133
408	595.0686638
409	594.9285563
410	594.7914045
411	594.6341247
412	594.4512796
413	594.2888094
414	594.1742398
415	594.0375936
416	593.8706655
417	593.7306116
418	593.5528127
419	593.4175006
420	593.2734147
421	593.1279488
422	592.9681879
423	592.8061256
424	592.6184499
425	592.4920331
426	592.3264489
427	592.0917602
428	591.9330531
429	591.7242084
430	591.5808857
431	591.4323326
432	591.2815406
433	591.1084049
434	590.9821782
435	590.8740066
436	590.7367994
437	590.6045159
438	590.4578566
439	590.2863465
440	590.1747961
441	590.0264232
442	589.8765671
443	589.7110853
444	589.5594916
445	589.4042758
446	589.2793741
447	589.1225147
448	588.992376
449	588.8550106
450	588.6810431
451	588.5011714
452	588.3569788
453	588.1938766
454	588.0607841
455	587.9047484
456	587.7875286
457	587.6876815
458	587.5593726
459	587.4253935
460	587.3064337
461	587.1692262
462	586.9834842
463	586.8224209
464	586.6910749
465	586.525878
466	586.4232189
467	586.2991922
468	586.1135223
469	585.9788636
470	585.8522371
471	585.7356047
472	585.6181888
473	585.4614951
474	585.3021029
475	585.1830725
476	585.0593178
477	584.9105857
478	584.8148729
479	584.6965329
480	584.5087734
481	584.3261974
482	584.2297068
483	584.1067387
484	583.9482856
485	583.759454
486	583.607379
487	583.4875484
488	583.3291442
489	583.1827325
490	583.0883587
491	582.899001
492	582.7856388
493	582.6007159
494	582.4775191
495	582.309414
496	582.148503
497	581.9873547
498	581.8387557
499	581.7168293
500	581.5349887
501	581.3797068
502	581.2599628
503	581.1447424
504	581.0067322
505	580.8539877
506	580.7228974
507	580.5826423
508	580.4957717
509	580.2854929
510	580.120179
511	579.9891158
512	579.8526968
513	579.708567
514	579.5626683
515	579.4674124
516	579.3056288
517	579.1914122
518	579.0335106
519	578.8688594
520	578.7433358
521	578.6374457
522	578.4955423
523	578.3821688
524	578.2258427
525	578.111559
526	577.9792774
527	577.9100541
528	577.8231879
529	577.7246153
530	577.6086475
531	577.4725771
532	577.3858998
533	577.2662351
534	577.1418126
535	576.9721782
536	576.8743181
537	576.7546537
538	576.5678859
539	576.4117458
540	576.248408
541	576.1332488
542	575.9728314
543	575.8735309
544	575.7582932
545	575.6072395
546	575.4377629
547	575.3204216
548	575.1924599
549	575.0804938
550	574.9243276
551	574.797449
552	574.6951307
553	574.5106321
554	574.3997931
555	574.242107
556	574.1325845
557	573.9761506
558	573.773663
559	573.663356
560	573.477928
561	573.3228721
562	573.2240123
563	573.1016723
564	572.9534057
565	572.8353388
566	572.7130528
567	572.569238
568	572.4657709
569	572.2903891
570	572.1419961
571	571.9760416
572	571.8852361
573	571.7536001
574	571.6009181
575	571.4366621
576	571.3497181
577	571.240404
578	571.104631
579	570.9458336
580	570.8344171
581	570.7114562
582	570.5947149
583	570.4832907
584	570.3526932
585	570.2559512
586	570.1443178
587	570.0653138
588	569.9434678
589	569.8483208
590	569.6961682
591	569.5588615
592	569.4194736
593	569.2928754
594	569.1955832
595	569.0877077
596	569.0078583
597	568.8546533
598	568.7438173
599	568.6413756
600	568.5426219
601	568.4044999
602	568.3030065
603	568.1189036
604	568.0157936
605	567.8750757
606	567.7281111
607	567.6151329
608	567.5253521
609	567.3950491
610	567.2749886
611	567.1397167
612	567.067697
613	566.9637943
614	566.8528707
615	566.7491721
616	566.6675016
617	566.5698663
618	566.4898301
619	566.3870547
620	566.2497593
621	566.155061
622	566.0650156
623	565.9537344
624	565.8677662
625	565.7454528
626	565.6684961
627	565.5141188
628	565.4240071
629	565.2648689
630	565.0984582
631	565.0025923
632	564.9018991
633	564.8021648
634	564.6456907
635	564.5542622
636	564.4901058
637	564.3733931
638	564.2398267
639	564.1206563
640	564.0009473
641	563.8720093
642	563.7291335
643	563.6384639
644	563.5626639
645	563.4597274
646	563.3831638
647	563.230917
648	563.1380446
649	562.9737721
650	562.883425
651	562.7580604
652	562.6574016
653	562.5376204
654	562.4422592
655	562.3309789
656	562.2155773
657	562.1001031
658	562.0044626
659	561.9322489
660	561.8475581
661	561.7250801
662	561.6331064
663	561.5681812
664	561.4211803
665	561.322403
666	561.2179983
667	561.1291965
668	560.9551072
669	560.8520938
670	560.7479189
671	560.6490945
672	560.5200961
673	560.3251143
674	560.1917667
675	560.0442055
676	559.9263575
677	559.8532327
678	559.7653207
679	559.6965112
680	559.5562429
681	559.4238672
682	559.3218836
683	559.2171206
684	559.1375149
685	559.0105163
686	558.9242092
687	558.8073293
688	558.6668759
689	558.5556828
690	558.4703827
691	558.3545863
692	558.2439143
693	558.1155335
694	557.9520409
695	557.8749809
696	557.7978242
697	557.7005247
698	557.5713751
699	557.4618953
700	557.2788817
701	557.182567
702	557.070841
703	556.9210674
704	556.7811441
705	556.6950225
706	556.5995766
707	556.4090243
708	556.3141476
709	556.2389227
710	556.1522414
711	556.0235575
712	555.9122723
713	555.7552765
714	555.5984198
715	555.4713777
716	555.3505581
717	555.2593674
718	555.1376532
719	555.0529991
720	554.920092
721	554.8371928
722	554.7500191
723	554.659064
724	554.4785426
725	554.3859943
726	554.312708
727	554.2057662
728	554.1394095
729	554.0501322
730	553.9110036
731	553.8048601
732	553.6825372
733	553.5654763
734	553.4421448
735	553.3306927
736	553.2411905
737	553.1182102
738	553.0182297
739	552.947724
740	552.8422579
741	552.7170976
742	552.5901622
743	552.4836293
744	552.3798127
745	552.2720662
746	552.132772
747	552.0130717
748	551.8498465
749	551.7618432
750	551.6542474
751	551.4973571
752	551.4015762
753	551.2697129
754	551.1592509
755	551.0837485
756	550.9970186
757	550.9132003
758	550.8140548
759	550.7230143
760	550.6283516
761	550.5597989
762	550.4883047
763	550.4052042
764	550.3266642
765	550.2163788
766	550.1401353
767	550.0304983
768	549.8989822
769	549.8335911
770	549.7598053
771	549.6547461
772	549.5641292
773	549.5144305
774	549.3971589
775	549.3166263
776	549.2397511
777	549.1456665
778	549.0076453
779	548.9490465
780	548.8143216
781	548.7207971
782	548.6223171
783	548.5100218
784	548.4289583
785	548.3223094
786	548.1967553
787	548.131319
788	548.0064617
789	547.8807528
790	547.7895878
791	547.6977247
792	547.5792398
793	547.4780922
794	547.3558458
795	547.2853656
796	547.2000419
797	547.1087024
798	547.0337043
799	546.9007461
800	546.7924174
801	546.6552741
802	546.5395924
803	546.4483164
804	546.3615197
805	546.2869772
806	546.181679
807	546.08795
808	545.957875
809	545.9256772
810	545.805944
811	545.7277714
812	545.5817833
813	545.4870194
814	545.3862849
815	545.2808629
816	545.1443865
817	545.0554623
818	544.9567504
819	544.8752819
820	544.7807561
821	544.7036306
822	544.6020733
823	544.4721482
824	544.3743753
825	544.3101996
826	544.2212662
827	544.1505664
828	544.0247265
829	543.9389089
830	543.8416743
831	543.6687014
832	543.5930089
833	543.5209094
834	543.4580487
835	543.3994786
836	543.3144626
837	543.2005656
838	543.1133702
839	543.0425168
840	542.9728624
841	542.9246272
842	542.8029523
843	542.7098041
844	542.6099454
845	542.5072711
846	542.362704
847	542.2644294
848	542.1888401
849	542.0492429
850	541.9656712
851	541.8711004
852	541.8026688
853	541.7180745
854	541.606029
855	541.5111952
856	541.4188727
857	541.3202541
858	541.2126413
859	541.1545821
860	541.0729328
861	540.985404
862	540.9269787
863	540.8025567
864	540.6894996
865	540.5648787
866	540.5037653
867	540.3820817
868	540.2922751
869	540.2251389
870	540.1449153
871	540.0647873
872	539.9898405
873	539.8574898
874	539.75606
875	539.6737185
876	539.57184
877	539.4512388
878	539.4020376
879	539.3189261
880	539.2370201
881	539.1270267
882	539.0556831
883	538.9707032
884	538.8442758
885	538.7709416
886	538.646608
887	538.5612209
888	538.4538214
889	538.3663915
890	538.2665642
891	538.1992521
892	538.118162
893	538.0302462
894	537.8710407
895	537.7604443
896	537.6962684
897	537.6034909
898	537.5192761
899	537.4402907
900	537.3434345
901	537.2523768
902	537.1889678
903	537.1184677
904	537.0211931
905	536.9202212
906	536.8123326
907	536.7472437
908	536.6439263
909	536.5542423
910	536.4599245
911	536.3325966
912	536.2046935
913	536.1535308
914	536.093793
915	536.0195667
916	535.9501261
917	535.8704729
918	535.7697583
919	535.6450995
920	535.5624096
921	535.448821
922	535.3699996
923	535.2689153
924	535.1438762
925	535.053267
926	534.9409391
927	534.8731246
928	534.7435646
929	534.6329834
930	534.5638157
931	534.4599498
932	534.3671331
933	534.3084615
934	534.2012184
935	534.1022394
936	533.9935631
937	533.9058515
938	533.8403931
939	533.7098162
940	533.6126868
941	533.51689
942	533.4543947
943	533.3393103
944	533.287372
945	533.1796027
946	533.1311972
947	533.0607654
948	533.0022015
949	532.9016251
950	532.809982
951	532.7165397
952	532.6315513
953	532.531423
954	532.4349808
955	532.3483233
956	532.2361396
957	532.1447414
958	532.0796924
959	531.9889889
960	531.9275372
961	531.7987394
962	531.7111809
963	531.6620082
964	531.6203379
965	531.5253127
966	531.4313934
967	531.3428947
968	531.2863393
969	531.2277848
970	531.1421857
971	531.0512278
972	530.95318
973	530.8427782
974	530.7233094
975	530.6520352
976	530.5796604
977	530.5012132
978	530.4075158
979	530.3001613
980	530.1688837
981	530.077797
982	529.9826502
983	529.9255293
984	529.7832216
985	529.7176457
986	529.6162298
987	529.5350895
988	529.4495956
989	529.3539095
990	529.219838
991	529.1416885
992	529.0290472
993	528.9124269
994	528.8370568
995	528.7263634
996	528.6563874
997	528.5341013
998	528.4090348
999	528.336716
1000	528.2750059
1001	528.1759681
1002	528.1128984
1003	528.0259445
1004	527.9600951
1005	527.8651037
1006	527.756425
1007	527.6828631
1008	527.5618193
1009	527.4331752
1010	527.3559114
1011	527.2546095
1012	527.1296845
1013	527.0334286
1014	526.9543528
1015	526.894512
1016	526.838774
1017	526.7765992
1018	526.6720994
1019	526.5988366
1020	526.5085602
1021	526.4014795
1022	526.2925521
1023	526.1962312
1024	526.1007405
1025	526.0169103
1026	525.89419
1027	525.8268234
1028	525.7598647
1029	525.6764156
1030	525.5751585
1031	525.4703992
1032	525.3686003
1033	525.2886329
1034	525.2194989
1035	525.1410347
1036	525.0698628
1037	524.9677498
1038	524.8406358
1039	524.7468485
1040	524.6793793
1041	524.5906167
1042	524.4922297
1043	524.4053206
1044	524.2781303
1045	524.168597
1046	524.0885947
1047	524.029994
1048	523.9494154
1049	523.8689813
1050	523.767892
1051	523.6756831
1052	523.5429008
1053	523.4090157
1054	523.3342464
1055	523.2580646
1056	523.1934977
1057	523.1277812
1058	523.0659086
1059	522.9638697
1060	522.8493568
1061	522.742527
1062	522.6666854
1063	522.6084233
1064	522.5327444
1065	522.4383384
1066	522.3591507
1067	522.3084794
1068	522.2077078
1069	522.1046829
1070	522.01946
1071	521.958326
1072	521.8711047
1073	521.7553579
1074	521.6727806
1075	521.5836663
1076	521.4742504
1077	521.3900783
1078	521.3087211
1079	521.220609
1080	521.1295003
1081	521.0272425
1082	520.9106761
1083	520.7824009
1084	520.7357103
1085	520.6821471
1086	520.5781466
1087	520.5061734
1088	520.4258622
1089	520.34418
1090	520.274878
1091	520.1763965
1092	520.1025007
1093	520.0127654
1094	519.9274096
1095	519.8444163
1096	519.756739
1097	519.6646129
1098	519.601303
1099	519.528766
1100	519.4402779
1101	519.3669475
1102	519.305887
1103	519.1954514
1104	519.0921426
1105	519.0029662
1106	518.921191
1107	518.791148
1108	518.7038608
1109	518.6209201
1110	518.5553918
1111	518.4604287
1112	518.3514456
1113	518.2770239
1114	518.1574656
1115	518.0496296
1116	517.9505919
1117	517.8976221
1118	517.8258901
1119	517.7487155
1120	517.6598047
1121	517.5222647
1122	517.4552518
1123	517.3708948
1124	517.2791004
1125	517.138446
1126	517.0321
1127	516.9242597
1128	516.8324801
1129	516.7356584
1130	516.5892995
1131	516.5297897
1132	516.453917
1133	516.3505615
1134	516.2613861
1135	516.1649945
1136	516.047615
1137	515.9537915
1138	515.8775044
1139	515.8085768
1140	515.7535815
1141	515.6621439
1142	515.5677936
1143	515.4711342
1144	515.3265797
1145	515.2772025
1146	515.1526163
1147	515.0279245
1148	514.8697667
1149	514.8005339
1150	514.6391796
1151	514.5554772
1152	514.4424289
1153	514.3412542
1154	514.2552764
1155	514.1857604
1156	514.0854672
1157	513.9997779
1158	513.9150063
1159	513.7971643
1160	513.7085333
1161	513.6285954
1162	513.5507719
1163	513.4269764
1164	513.370821
1165	513.2679111
1166	513.1420779
1167	513.0221004
1168	512.9409251
1169	512.870884
1170	512.8052119
1171	512.7510416
1172	512.7129342
1173	512.5963055
1174	512.4985623
1175	512.4227615
1176	512.33755
1177	512.2179277
1178	512.1141889
1179	512.0291982
1180	511.9262371
1181	511.8103423
1182	511.7448882
1183	511.6210342
1184	511.563109
1185	511.4687063
1186	511.3900095
1187	511.2737397
1188	511.1689191
1189	511.0999585
1190	511.0248305
1191	510.9600501
1192	510.8769235
1193	510.8102133
1194	510.6842972
1195	510.5978312
1196	510.4830009
1197	510.4031375
1198	510.2837763
1199	510.2081943
1200	510.0992263
1201	509.990588
1202	509.8988558
1203	509.7789154
1204	509.6886715
1205	509.6014108
1206	509.5121599
1207	509.4035703
1208	509.2938931
1209	509.2297241
1210	509.1541929
1211	509.1039919
1212	509.0305661
1213	508.9466169
1214	508.8818328
1215	508.7744634
1216	508.6125403
1217	508.4959601
1218	508.3999143
1219	508.3080628
1220	508.1992128
1221	508.0913621
1222	508.0098706
1223	507.9387059
1224	507.8588501
1225	507.7676085
1226	507.6892141
1227	507.6108069
1228	507.5345153
1229	507.4424905
1230	507.361753
1231	507.2611948
1232	507.200874
1233	507.1400947
1234	507.0277651
1235	506.8610338
1236	506.7725381
1237	506.7040518
1238	506.5963298
1239	506.5062787
1240	506.4253535
1241	506.3218222
1242	506.2129939
1243	506.1446768
1244	506.0286462
1245	505.9263235
1246	505.825084
1247	505.7480608
1248	505.6704112
1249	505.6093193
1250	505.5301632
1251	505.4392513
1252	505.3289721
1253	505.2498355
1254	505.1821215
1255	505.0896521
1256	504.9946489
1257	504.8556564
1258	504.7945904
1259	504.7441436
1260	504.6170412
1261	504.5045676
1262	504.3745408
1263	504.298912
1264	504.227206
1265	504.1617051
1266	504.1061881
1267	504.0276184
1268	503.968845
1269	503.9013433
1270	503.7978867
1271	503.7195181
1272	503.6536472
1273	503.5416062
1274	503.4126856
1275	503.320213
1276	503.2352962
1277	503.1539555
1278	503.0545074
1279	502.9827579
1280	502.9072608
1281	502.7873318
1282	502.6931399
1283	502.6097799
1284	502.5089465
1285	502.3825357
1286	502.2571902
1287	502.188437
1288	502.0801894
1289	501.9989311
1290	501.9193986
1291	501.8239341
1292	501.7564634
1293	501.6640667
1294	501.5690857
1295	501.4414937
1296	501.3436099
1297	501.2485605
1298	501.1616351
1299	501.0699434
1300	500.9499877
1301	500.8474821
1302	500.773036
1303	500.7163235
1304	500.6511296
1305	500.5346767
1306	500.4432372
1307	500.3720878
1308	500.2839998
1309	500.2003505
1310	500.0743459
1311	500.0070747
1312	499.9163066
1313	499.833795
1314	499.7226136
1315	499.6470735
1316	499.5847404
1317	499.4703054
1318	499.3628877
1319	499.2546148
1320	499.1220142
1321	499.0255904
1322	498.9406521
1323	498.818041
1324	498.7473061
1325	498.6723625
1326	498.6096556
1327	498.4907306
1328	498.4000482
1329	498.2998679
1330	498.2204823
1331	498.119408
1332	498.0155107
1333	497.9084448
1334	497.7784274
1335	497.6808708
1336	497.6023604
1337	497.5175813
1338	497.4606091
1339	497.3844434
1340	497.2777336
1341	497.1534842
1342	497.077825
1343	496.9259714
1344	496.818032
1345	496.7532082
1346	496.6629937
1347	496.5441112
1348	496.4739526
1349	496.3451366
1350	496.2020263
1351	496.1308668
1352	496.0745679
1353	496.0082403
1354	495.9609453
1355	495.8324241
1356	495.7233113
1357	495.665251
1358	495.6063209
1359	495.544569
1360	495.424978
1361	495.3568579
1362	495.2929858
1363	495.2181314
1364	495.0842357
1365	494.9728354
1366	494.8754351
1367	494.8066733
1368	494.7170915
1369	494.6324951
1370	494.5597831
1371	494.4750649
1372	494.3692232
1373	494.2820109
1374	494.1927692
1375	494.1213032
1376	494.0306195
1377	493.9325797
1378	493.8672023
1379	493.7860467
1380	493.716282
1381	493.6243205
1382	493.5483416
1383	493.45476
1384	493.3497986
1385	493.2368449
1386	493.1820685
1387	493.1108778
1388	493.049967
1389	492.9366883
1390	492.8945086
1391	492.8107949
1392	492.75943
1393	492.6923738
1394	492.6228309
1395	492.5485554
1396	492.4263672
1397	492.3477052
1398	492.2071192
1399	492.1293537
1400	492.0768531
1401	491.9974216
1402	491.9250172
1403	491.8296772
1404	491.7514406
1405	491.6560796
1406	491.5999904
1407	491.5240638
1408	491.452215
1409	491.3683824
1410	491.2931172
1411	491.2049276
1412	491.1207789
1413	491.0569926
1414	491.0117984
1415	490.9354424
1416	490.8591885
1417	490.7478368
1418	490.6352783
1419	490.519807
1420	490.3907411
1421	490.3066488
1422	490.2258675
1423	490.1445145
1424	490.0743049
1425	489.9381939
1426	489.86072
1427	489.7772117
1428	489.6989711
1429	489.6060646
1430	489.5165485
1431	489.4530108
1432	489.3969891
1433	489.3035774
1434	489.2331042
1435	489.1645317
1436	489.0936143
1437	488.9915613
1438	488.9187531
1439	488.8545997
1440	488.8067423
1441	488.7059326
1442	488.6010494
1443	488.5059553
1444	488.434511
1445	488.3617824
1446	488.2856677
1447	488.2085034
1448	488.1348829
1449	488.0213977
1450	487.91435
1451	487.8456492
1452	487.7719615
1453	487.6857362
1454	487.6113707
1455	487.5261579
1456	487.4691253
1457	487.3815546
1458	487.2848593
1459	487.2002621
1460	487.1290351
1461	487.068578
1462	486.9897561
1463	486.8970481
1464	486.8340412
1465	486.7724984
1466	486.7180532
1467	486.6459771
1468	486.5793804
1469	486.5267522
1470	486.4015154
1471	486.2809031
1472	486.1867895
1473	486.1129937
1474	486.0400789
1475	485.9682379
1476	485.9080442
1477	485.8273442
1478	485.7706679
1479	485.7028444
1480	485.6350331
1481	485.5480204
1482	485.491573
1483	485.3923512
1484	485.3131415
1485	485.2514148
1486	485.178571
1487	485.098194
1488	485.0227209
1489	484.9378821
1490	484.8534529
1491	484.7608662
1492	484.6454267
1493	484.5684129
1494	484.5113538
1495	484.4268182
1496	484.3318001
1497	484.2620813
1498	484.1704144
1499	484.1042628
1500	484.0033846
1501	483.8761803
1502	483.8086254
1503	483.7122992
1504	483.6267008
1505	483.5259431
1506	483.4309253
1507	483.3548306
1508	483.2339896
1509	483.1603068
1510	483.108603
1511	483.0428302
1512	482.9534581
1513	482.8955204
1514	482.8239358
1515	482.7179959
1516	482.5942481
1517	482.5136111
1518	482.4029119
1519	482.3384756
1520	482.2322741
1521	482.1471306
1522	482.0718409
1523	481.975505
1524	481.8872989
1525	481.8222364
1526	481.7244017
1527	481.6360729
1528	481.5603908
1529	481.5067442
1530	481.4041772
1531	481.3253316
1532	481.2061345
1533	481.1548615
1534	481.0855402
1535	481.0003197
1536	480.887363
1537	480.8197807
1538	480.7124152
1539	480.6438483
1540	480.5397307
1541	480.4640053
1542	480.377937
1543	480.2739329
1544	480.1637567
1545	480.0524976
1546	479.9859177
1547	479.9164439
1548	479.8223681
1549	479.724483
1550	479.6150295
1551	479.533752
1552	479.4433713
1553	479.3786313
1554	479.2705391
1555	479.1971833
1556	479.1210801
1557	479.0495256
1558	478.9674559
1559	478.8653387
1560	478.8076361
1561	478.7156985
1562	478.6523111
1563	478.5809005
1564	478.5194216
1565	478.4601505
1566	478.3644509
1567	478.2833405
1568	478.1658759
1569	478.1007028
1570	478.0458202
1571	477.9954814
1572	477.932717
1573	477.8370159
1574	477.7467857
1575	477.6585414
1576	477.5178323
1577	477.4441735
1578	477.3761219
1579	477.3087055
1580	477.2126929
1581	477.1589521
1582	477.0870129
1583	476.9899312
1584	476.9094874
1585	476.8510814
1586	476.7701315
1587	476.6884558
1588	476.5782725
1589	476.5261303
1590	476.4307033
1591	476.3748705
1592	476.3289267
1593	476.215105
1594	476.1571207
1595	476.0794148
1596	475.9964466
1597	475.9151882
1598	475.8505535
1599	475.7673486
1600	475.7064533
1601	475.6507971
1602	475.5818632
1603	475.5140214
1604	475.4205773
1605	475.339284
1606	475.2572432
1607	475.1687724
1608	475.1170753
1609	475.0224197
1610	474.9297982
1611	474.8481751
1612	474.7588163
1613	474.6493147
1614	474.5573861
1615	474.491986
1616	474.4334309
1617	474.3724432
1618	474.2630392
1619	474.1962503
1620	474.120667
1621	474.0692312
1622	473.9856696
1623	473.8960347
1624	473.8395832
1625	473.7803773
1626	473.6577607
1627	473.5918403
1628	473.5152625
1629	473.4497314
1630	473.3827896
1631	473.2954873
1632	473.241521
1633	473.1756874
1634	473.0738563
1635	472.9841466
1636	472.8896877
1637	472.818744
1638	472.7567262
1639	472.6996411
1640	472.619595
1641	472.5285262
1642	472.4616058
1643	472.3593458
1644	472.2859644
1645	472.2104027
1646	472.1414664
1647	472.0497408
1648	471.9944718
1649	471.8751829
1650	471.7711887
1651	471.7033992
1652	471.6096751
1653	471.5004684
1654	471.4084993
1655	471.3473542
1656	471.3089761
1657	471.2382316
1658	471.1420401
1659	471.0602947
1660	470.970575
1661	470.891611
1662	470.8096866
1663	470.7251095
1664	470.6769735
1665	470.5983435
1666	470.53218
1667	470.4557599
1668	470.3883589
1669	470.2802936
1670	470.2091943
1671	470.1338387
1672	470.0610123
1673	469.9984603
1674	469.9408042
1675	469.8454416
1676	469.7689133
1677	469.7048962
1678	469.621317
1679	469.5582899
1680	469.4853722
1681	469.4285819
1682	469.344001
1683	469.2807145
1684	469.2191127
1685	469.1474088
1686	469.1058875
1687	469.0197443
1688	468.9583601
1689	468.8949763
1690	468.7891217
1691	468.7303461
1692	468.6546915
1693	468.5658699
1694	468.5077581
1695	468.4440714
1696	468.3914533
1697	468.2886283
1698	468.2281964
1699	468.1368149
1700	468.0799233
1701	467.9652721
1702	467.8632693
1703	467.7726458
1704	467.7297917
1705	467.6310346
1706	467.5883566
1707	467.5376847
1708	467.4742588
1709	467.3940242
1710	467.3249862
1711	467.272716
1712	467.185296
1713	467.1091597
1714	467.0667612
1715	467.0082424
1716	466.9226274
1717	466.8625504
1718	466.7913525
1719	466.7225337
1720	466.6282155
1721	466.5868476
1722	466.5048903
1723	466.4295383
1724	466.3572573
1725	466.3093509
1726	466.2150139
1727	466.1457329
1728	466.0588082
1729	465.9976402
1730	465.9624155
1731	465.8564953
1732	465.7988232
1733	465.7091115
1734	465.6084029
1735	465.5244812
1736	465.4534465
1737	465.3858372
1738	465.3388887
1739	465.2471366
1740	465.1199668
1741	465.0455993
1742	464.9543112
1743	464.8629375
1744	464.7371323
1745	464.6368238
1746	464.5110286
1747	464.4500783
1748	464.4002199
1749	464.3133506
1750	464.2564445
1751	464.181505
1752	464.1006565
1753	464.0363041
1754	463.9715956
1755	463.8371807
1756	463.7775486
1757	463.7050764
1758	463.64053
1759	463.529811
1760	463.4544933
1761	463.365446
1762	463.2735612
1763	463.2012008
1764	463.1225809
1765	463.0436635
1766	463.0046124
1767	462.9179137
1768	462.8150134
1769	462.746704
1770	462.6714968
1771	462.6072775
1772	462.5196694
1773	462.4755517
1774	462.4148301
1775	462.3386813
1776	462.2759094
1777	462.225087
1778	462.1387858
1779	462.0347994
1780	461.9810125
1781	461.9157288
1782	461.8531493
1783	461.8012285
1784	461.7316316
1785	461.6760994
1786	461.5738775
1787	461.5231847
1788	461.457923
1789	461.3961624
1790	461.3152711
1791	461.2411529
1792	461.1597215
1793	461.1078292
1794	461.0513661
1795	460.9856906
1796	460.9217947
1797	460.8419653
1798	460.7841207
1799	460.7106604
1800	460.667204
1801	460.5802578
1802	460.5283197
1803	460.4544218
1804	460.3574761
1805	460.2950466
1806	460.2138051
1807	460.1344056
1808	460.0575176
1809	459.9827957
1810	459.902367
1811	459.8080277
1812	459.7375027
1813	459.6882241
1814	459.5984138
1815	459.5079611
1816	459.4371054
1817	459.3470149
1818	459.2873816
1819	459.2050906
1820	459.1432493
1821	459.0379875
1822	458.9833517
1823	458.9138028
1824	458.8162412
1825	458.7175602
1826	458.6712174
1827	458.6199957
1828	458.5547993
1829	458.4984866
1830	458.4543469
1831	458.3408299
1832	458.2633872
1833	458.1642998
1834	458.0918012
1835	458.0423121
1836	457.9433694
1837	457.8363704
1838	457.7591679
1839	457.6960937
1840	457.6108841
1841	457.5586733
1842	457.503969
1843	457.4516348
1844	457.3489244
1845	457.2455981
1846	457.1407987
1847	457.0521813
1848	456.964572
1849	456.8986132
1850	456.8272876
1851	456.7538128
1852	456.7205632
1853	456.6730256
1854	456.6113602
1855	456.5536529
1856	456.4620167
1857	456.387612
1858	456.3381541
1859	456.2413297
1860	456.1850265
1861	456.1420626
1862	456.0554989
1863	455.9850609
1864	455.8929766
1865	455.815683
1866	455.7378749
1867	455.6459673
1868	455.5760726
1869	455.5079663
1870	455.471
1871	455.4077892
1872	455.3233688
1873	455.2590697
1874	455.1913344
1875	455.132283
1876	455.0567166
1877	454.9991968
1878	454.9252842
1879	454.8450851
1880	454.7077668
1881	454.6299822
1882	454.5579203
1883	454.4838315
1884	454.4323484
1885	454.3630894
1886	454.2723874
1887	454.2197863
1888	454.1175225
1889	454.0347271
1890	453.9478301
1891	453.8438183
1892	453.7618523
1893	453.6766153
1894	453.597205
1895	453.5094898
1896	453.4173246
1897	453.3559106
1898	453.3053282
1899	453.2002781
1900	453.1222004
1901	453.0373087
1902	452.9770954
1903	452.8911886
1904	452.8152649
1905	452.7448389
1906	452.6789338
1907	452.5935652
1908	452.4839138
1909	452.4221901
1910	452.3723703
1911	452.3024101
1912	452.2623085
1913	452.1993266
1914	452.1143154
1915	452.0385099
1916	451.9906544
1917	451.9113228
1918	451.8599411
1919	451.816
1920	451.7580091
1921	451.6823539
1922	451.6239848
1923	451.5663137
1924	451.493297
1925	451.4121058
1926	451.3357147
1927	451.2376782
1928	451.1626071
1929	451.1045412
1930	451.0116507
1931	450.9370659
1932	450.9057217
1933	450.8493286
1934	450.7227864
1935	450.6634471
1936	450.5773678
1937	450.5112679
1938	450.4467497
1939	450.3594865
1940	450.2969461
1941	450.206803
1942	450.13461
1943	450.071481
1944	449.9805992
1945	449.8772461
1946	449.8135023
1947	449.7741819
1948	449.7110157
1949	449.6299811
1950	449.5583331
1951	449.5297929
1952	449.4793342
1953	449.4101696
1954	449.3638603
1955	449.2870961
1956	449.2075104
1957	449.1313333
1958	449.0472308
1959	448.9878921
1960	448.8897101
1961	448.7906721
1962	448.7480203
1963	448.6749596
1964	448.6357606
1965	448.5809078
1966	448.4488565
1967	448.3804962
1968	448.2931397
1969	448.2303479
1970	448.1748174
1971	448.1247971
1972	448.0823096
1973	448.010281
1974	447.918549
1975	447.8379779
1976	447.7872816
1977	447.7145773
1978	447.6587857
1979	447.6121027
1980	447.5502912
1981	447.4946235
1982	447.4379404
1983	447.382593
1984	447.3096175
1985	447.2716983
1986	447.1942733
1987	447.112004
1988	447.0144919
1989	446.9234449
1990	446.8510113
1991	446.7469899
1992	446.6949439
1993	446.6176978
1994	446.555988
1995	446.4955569
1996	446.427531
1997	446.3610321
1998	446.3086629
1999	446.2606998
2000	446.1605609
2001	446.0889587
2002	446.0305834
2003	445.9730957
2004	445.9175099
2005	445.8397788
2006	445.7824907
2007	445.7099218
2008	445.6392823
2009	445.5732977
2010	445.5113893
2011	445.438048
2012	445.3594188
2013	445.3042595
2014	445.2373223
2015	445.1756554
2016	445.113587
2017	445.0537723
2018	444.9821019
2019	444.9185761
2020	444.8394092
2021	444.7400446
2022	444.6495479
2023	444.5917804
2024	444.529243
2025	444.4807232
2026	444.4294759
2027	444.3719215
2028	444.3158571
2029	444.2305401
2030	444.1837179
2031	444.1304361
2032	444.0806096
2033	443.9926836
2034	443.9303061
2035	443.8220423
2036	443.7691079
2037	443.7081737
2038	443.6377856
2039	443.5967224
2040	443.5415086
2041	443.4796117
2042	443.3927074
2043	443.3308546
2044	443.2403649
2045	443.1970891
2046	443.1438355
2047	443.0877123
2048	443.0104072
2049	442.9561666
2050	442.8988091
2051	442.8553092
2052	442.7867807
2053	442.7041529
2054	442.668195
2055	442.6240444
2056	442.5600133
2057	442.4894548
2058	442.4460509
2059	442.3569072
2060	442.2855896
2061	442.2222336
2062	442.1753093
2063	442.1335736
2064	442.0845116
2065	442.0148299
2066	441.92653
2067	441.8525363
2068	441.789
2069	441.7035011
2070	441.6519084
2071	441.5678278
2072	441.5020652
2073	441.4497993
2074	441.3388935
2075	441.2630077
2076	441.2047184
2077	441.1267398
2078	441.0669775
2079	441.0057496
2080	440.9068444
2081	440.8227836
2082	440.7636854
2083	440.6806603
2084	440.6326332
2085	440.5693402
2086	440.5104385
2087	440.4567718
2088	440.3661131
2089	440.3098249
2090	440.2544064
2091	440.1808695
2092	440.1355477
2093	440.0583684
2094	439.9882659
2095	439.8980234
2096	439.8336621
2097	439.7881869
2098	439.7003213
2099	439.6140105
2100	439.5362792
2101	439.4770905
2102	439.4226568
2103	439.331829
2104	439.2595458
2105	439.1894314
2106	439.1309722
2107	439.0828168
2108	439.021469
2109	438.9617701
2110	438.8936872
2111	438.8403706
2112	438.7902144
2113	438.7347908
2114	438.6574561
2115	438.5927078
2116	438.5463812
2117	438.4733068
2118	438.4063754
2119	438.3448356
2120	438.2923194
2121	438.2415393
2122	438.1715234
2123	438.110456
2124	438.0080178
2125	437.942571
2126	437.8861944
2127	437.8347852
2128	437.7642283
2129	437.69976
2130	437.6450926
2131	437.5602599
2132	437.4933031
2133	437.3873976
2134	437.3481304
2135	437.2929028
2136	437.2275808
2137	437.157466
2138	437.0648006
2139	436.9847349
2140	436.9316011
2141	436.8257694
2142	436.7807478
2143	436.7093712
2144	436.6348126
2145	436.5794792
2146	436.514867
2147	436.4529034
2148	436.3667883
2149	436.2708422
2150	436.2065127
2151	436.1819645
2152	436.1395166
2153	436.0667944
2154	436.0189138
2155	435.9437482
2156	435.900951
2157	435.8225435
2158	435.7528442
2159	435.6862419
2160	435.6064836
2161	435.5528488
2162	435.4860138
2163	435.3883054
2164	435.2966375
2165	435.2356378
2166	435.1724328
2167	435.1031118
2168	435.041673
2169	434.9913568
2170	434.9001862
2171	434.8194427
2172	434.7374224
2173	434.6711552
2174	434.5535187
2175	434.4955229
2176	434.4435936
2177	434.3789272
2178	434.323526
2179	434.2137344
2180	434.1085116
2181	434.0580941
2182	433.9751206
2183	433.9016956
2184	433.8446109
2185	433.7958876
2186	433.7112392
2187	433.6762714
2188	433.6408969
2189	433.5511043
2190	433.4966051
2191	433.4322291
2192	433.3548851
2193	433.2975595
2194	433.2321679
2195	433.1379339
2196	433.0716102
2197	433.0247768
2198	432.9630897
2199	432.8967311
2200	432.8463354
2201	432.7872741
2202	432.7320347
2203	432.6670616
2204	432.6228569
2205	432.5619798
2206	432.4941909
2207	432.4227274
2208	432.3627712
2209	432.3061182
2210	432.2494275
2211	432.2028366
2212	432.1519925
2213	432.0901071
2214	432.0195313
2215	431.9741091
2216	431.9005695
2217	431.8415601
2218	431.7711484
2219	431.7066825
2220	431.6356618
2221	431.6007901
2222	431.5164269
2223	431.4484715
2224	431.3820315
2225	431.3106551
2226	431.2246239
2227	431.1865728
2228	431.1456247
2229	431.0742018
2230	431.0262085
2231	430.9748803
2232	430.9335081
2233	430.8763754
2234	430.8225656
2235	430.7565054
2236	430.6901228
2237	430.6304695
2238	430.5660588
2239	430.5103132
2240	430.4528103
2241	430.3647193
2242	430.309452
2243	430.2375097
2244	430.1444271
2245	430.0312076
2246	429.9750596
2247	429.8819921
2248	429.8183862
2249	429.7329779
2250	429.6789772
2251	429.6093531
2252	429.5391487
2253	429.4839995
2254	429.433799
2255	429.3353587
2256	429.2180721
2257	429.1639662
2258	429.0813451
2259	429.0127659
2260	428.9759188
2261	428.9167179
2262	428.8606609
2263	428.7979134
2264	428.7509691
2265	428.7039145
2266	428.6219741
2267	428.5530245
2268	428.5030436
2269	428.4408321
2270	428.333379
2271	428.2497799
2272	428.1721391
2273	428.120945
2274	428.055709
2275	428.0067171
2276	427.9307893
2277	427.8707701
2278	427.7798353
2279	427.7230358
2280	427.6562119
2281	427.5910951
2282	427.5355874
2283	427.4664311
2284	427.3969948
2285	427.354263
2286	427.2957903
2287	427.2437694
2288	427.1764943
2289	427.1392841
2290	427.0806198
2291	427.0156581
2292	426.9632699
2293	426.8710868
2294	426.8120703
2295	426.7578664
2296	426.7131014
2297	426.6361514
2298	426.5644425
2299	426.4580107
2300	426.3817272
2301	426.3098419
2302	426.2664578
2303	426.1501351
2304	426.0644363
2305	426.0171797
2306	425.9469236
2307	425.8815543
2308	425.8343728
2309	425.7833787
2310	425.723541
2311	425.6408423
2312	425.5727049
2313	425.5168041
2314	425.4659143
2315	425.3816159
2316	425.2995244
2317	425.2483688
2318	425.1883554
2319	425.1040126
2320	425.0393028
2321	424.9769365
2322	424.9301764
2323	424.8439082
2324	424.7964887
2325	424.7366084
2326	424.6766307
2327	424.6082234
2328	424.5653616
2329	424.4711128
2330	424.4266623
2331	424.3604463
2332	424.3137365
2333	424.2570546
2334	424.1870922
2335	424.1214692
2336	424.0696974
2337	424.0211913
2338	423.9471136
2339	423.888683
2340	423.8252822
2341	423.7615606
2342	423.7177589
2343	423.694896
2344	423.6447923
2345	423.5823253
2346	423.5373698
2347	423.47638
2348	423.4319636
2349	423.3674658
2350	423.294272
2351	423.2360087
2352	423.1738893
2353	423.1396463
2354	423.0829486
2355	423.0169165
2356	422.9433723
2357	422.898121
2358	422.8443092
2359	422.787707
2360	422.7494152
2361	422.6834759
2362	422.6390862
2363	422.5978274
2364	422.5550802
2365	422.5123305
2366	422.4539092
2367	422.3804801
2368	422.3150044
2369	422.1913698
2370	422.1330341
2371	422.0668111
2372	422.0080573
2373	421.9528248
2374	421.8836875
2375	421.8091942
2376	421.7397599
2377	421.669516
2378	421.5977953
2379	421.547655
2380	421.5130835
2381	421.4459659
2382	421.3910884
2383	421.3601767
2384	421.3197781
2385	421.2788842
2386	421.2366832
2387	421.1688762
2388	421.0909029
2389	421.0407801
2390	420.9917436
2391	420.9420486
2392	420.8873548
2393	420.8041982
2394	420.7451832
2395	420.6769862
2396	420.6041593
2397	420.5209207
2398	420.459215
2399	420.3873336
2400	420.3189502
2401	420.2635035
2402	420.1948102
2403	420.1122039
2404	420.0539369
2405	420.0046307
2406	419.9167483
2407	419.8478552
2408	419.8038579
2409	419.712067
2410	419.6906733
2411	419.6104215
2412	419.5660648
2413	419.5077303
2414	419.4780426
2415	419.4074008
2416	419.3720745
2417	419.3247225
2418	419.279215
2419	419.2026553
2420	419.0863183
2421	419.0372542
2422	418.9707907
2423	418.909574
2424	418.8505242
2425	418.8000802
2426	418.7730933
2427	418.6969589
2428	418.6518392
2429	418.5788162
2430	418.5210929
2431	418.4434465
2432	418.3977838
2433	418.3111923
2434	418.2402536
2435	418.1731769
2436	418.0825509
2437	418.0227168
2438	417.9784422
2439	417.9377827
2440	417.8799051
2441	417.8173866
2442	417.7352834
2443	417.6862616
2444	417.5836145
2445	417.5549083
2446	417.5039546
2447	417.4315302
2448	417.3844104
2449	417.2986696
2450	417.2534462
2451	417.1818213
2452	417.095554
2453	417.0483094
2454	416.9853338
2455	416.9192372
2456	416.8472055
2457	416.8013944
2458	416.7188906
2459	416.6652367
2460	416.6017961
2461	416.5317764
2462	416.4734938
2463	416.4355997
2464	416.3883409
2465	416.3386206
2466	416.2929277
2467	416.2133913
2468	416.1506333
2469	416.0992511
2470	416.0465724
2471	416.0043662
2472	415.9379342
2473	415.8565349
2474	415.8031711
2475	415.7499076
2476	415.6929579
2477	415.6026078
2478	415.5132474
2479	415.4685651
2480	415.4015928
2481	415.365906
2482	415.3026742
2483	415.2679424
2484	415.1950581
2485	415.1494405
2486	415.0926328
2487	414.9927642
2488	414.9131647
2489	414.8611668
2490	414.7880187
2491	414.7030283
2492	414.5970777
2493	414.5404772
2494	414.4562402
2495	414.3914484
2496	414.3278663
2497	414.2407338
2498	414.1891906
2499	414.1051298
2500	414.0366846
2501	413.9638654
2502	413.9233589
2503	413.8842139
2504	413.8108524
2505	413.7642187
2506	413.6983286
2507	413.6431139
2508	413.5861039
2509	413.4822319
2510	413.4408427
2511	413.4028097
2512	413.3363142
2513	413.273542
2514	413.200643
2515	413.1077897
2516	413.010424
2517	412.9477352
2518	412.866689
2519	412.8094896
2520	412.7414445
2521	412.7014125
2522	412.6164876
2523	412.5480071
2524	412.5095036
2525	412.4509182
2526	412.387873
2527	412.3176972
2528	412.2504422
2529	412.1956656
2530	412.1141193
2531	412.0812679
2532	412.0189371
2533	411.9650888
2534	411.9177448
2535	411.8641445
2536	411.796936
2537	411.7377131
2538	411.662909
2539	411.6110809
2540	411.5356637
2541	411.4786403
2542	411.4247453
2543	411.3931022
2544	411.3436147
2545	411.2689595
2546	411.2127099
2547	411.1382451
2548	411.0928625
2549	411.0391389
2550	410.9751552
2551	410.9211152
2552	410.8484812
2553	410.8126213
2554	410.7677585
2555	410.7160832
2556	410.6702574
2557	410.6301168
2558	410.6075631
2559	410.5479782
2560	410.4942833
2561	410.4100716
2562	410.3738749
2563	410.3140636
2564	410.2301265
2565	410.1784642
2566	410.1049813
2567	410.0683214
2568	409.9962409
2569	409.9403802
2570	409.8804555
2571	409.838506
2572	409.786821
2573	409.7417999
2574	409.6914537
2575	409.6469209
2576	409.5900647
2577	409.5491509
2578	409.5011981
2579	409.4452673
2580	409.3928572
2581	409.348991
2582	409.3054773
2583	409.2231287
2584	409.159626
2585	409.089525
2586	409.0346072
2587	408.9710137
2588	408.9338977
2589	408.8777013
2590	408.8190179
2591	408.7420716
2592	408.6723766
2593	408.6355649
2594	408.5940551
2595	408.5236344
2596	408.4493934
2597	408.3585951
2598	408.3041235
2599	408.2487553
2600	408.1760468
2601	408.1387612
2602	408.1020217
2603	408.0040028
2604	407.9202
2605	407.8403696
2606	407.7961116
2607	407.7202027
2608	407.6610742
2609	407.602318
2610	407.5149478
2611	407.4573473
2612	407.428351
2613	407.3708592
2614	407.3029684
2615	407.2532103
2616	407.1734766
2617	407.1225419
2618	407.0582923
2619	406.9989602
2620	406.9292422
2621	406.8559971
2622	406.8283718
2623	406.7662614
2624	406.714729
2625	406.681573
2626	406.6301444
2627	406.5400061
2628	406.4671442
2629	406.4058731
2630	406.3038809
2631	406.2610868
2632	406.1955735
2633	406.1339654
2634	406.0668508
2635	406.0132673
2636	405.9233015
2637	405.880357
2638	405.8455689
2639	405.7992228
2640	405.7299034
2641	405.699903
2642	405.6576257
2643	405.6080305
2644	405.5500441
2645	405.4933632
2646	405.4566301
2647	405.3675354
2648	405.303492
2649	405.2519536
2650	405.1993322
2651	405.1364277
2652	405.1121312
2653	405.064232
2654	405.026186
2655	404.9442111
2656	404.8703009
2657	404.8216202
2658	404.7640543
2659	404.6729796
2660	404.5977779
2661	404.5687288
2662	404.5134881
2663	404.4679132
2664	404.41854
2665	404.3390688
2666	404.2713059
2667	404.1925412
2668	404.1212323
2669	404.0871016
2670	404.0259304
2671	403.9702768
2672	403.9132153
2673	403.8460175
2674	403.8153549
2675	403.7741402
2676	403.7103481
2677	403.6421675
2678	403.5779582
2679	403.5063218
2680	403.4496468
2681	403.397848
2682	403.3414314
2683	403.2655225
2684	403.2134832
2685	403.1410432
2686	403.0846342
2687	403.0160477
2688	402.9656197
2689	402.9080265
2690	402.8171956
2691	402.7749332
2692	402.7030484
2693	402.6146219
2694	402.5482313
2695	402.4901228
2696	402.4282175
2697	402.3676121
2698	402.3035957
2699	402.2356274
2700	402.1824693
2701	402.1025971
2702	402.0498506
2703	402.0015753
2704	401.9459772
2705	401.8997753
2706	401.8407003
2707	401.7955727
2708	401.7349002
2709	401.6897742
2710	401.6582625
2711	401.5871479
2712	401.5412688
2713	401.4849551
2714	401.3908317
2715	401.3252114
2716	401.2763077
2717	401.2314657
2718	401.1790187
2719	401.1155012
2720	401.0752478
2721	401.0193747
2722	400.9605285
2723	400.8833655
2724	400.8245423
2725	400.7664562
2726	400.7243616
2727	400.6758341
2728	400.6260349
2729	400.5647324
2730	400.5012391
2731	400.4318492
2732	400.380405
2733	400.3323681
2734	400.2616007
2735	400.1764895
2736	400.1202563
2737	400.0646
2738	399.9830284
2739	399.9010227
2740	399.829277
2741	399.789417
2742	399.7226534
2743	399.7013574
2744	399.6170947
2745	399.5428927
2746	399.4863907
2747	399.4081502
2748	399.3394535
2749	399.3015245
2750	399.2479944
2751	399.1904496
2752	399.1367945
2753	399.0848664
2754	399.0401906
2755	398.9924338
2756	398.9328616
2757	398.8566533
2758	398.8102183
2759	398.7608543
2760	398.6898566
2761	398.6371587
2762	398.5523375
2763	398.4781131
2764	398.4198188
2765	398.3599985
2766	398.3012838
2767	398.2400294
2768	398.1990722
2769	398.1370618
2770	398.081706
2771	398.0275058
2772	397.9668779
2773	397.9049285
2774	397.851301
2775	397.793976
2776	397.7349834
2777	397.6822745
2778	397.6419588
2779	397.5682834
2780	397.5294097
2781	397.4793131
2782	397.3985457
2783	397.3210945
2784	397.2739961
2785	397.2272972
2786	397.1708077
2787	397.1122277
2788	397.0663574
2789	397.011971
2790	396.9650038
2791	396.9116331
2792	396.8637358
2793	396.8274235
2794	396.7653013
2795	396.7144411
2796	396.6490846
2797	396.6028316
2798	396.5171718
2799	396.4262785
2800	396.3763098
2801	396.3112107
2802	396.2564775
2803	396.1694817
2804	396.131105
2805	396.0698664
2806	396.0435143
2807	395.9881592
2808	395.9580979
2809	395.9213492
2810	395.8898054
2811	395.8479461
2812	395.7766424
2813	395.7181992
2814	395.6899326
2815	395.6241779
2816	395.5606733
2817	395.510849
2818	395.4469831
2819	395.3849672
2820	395.3348149
2821	395.2605172
2822	395.2106117
2823	395.1513003
2824	395.0961356
2825	395.0519201
2826	394.9928633
2827	394.9151847
2828	394.875178
2829	394.8410354
2830	394.7668499
2831	394.6899957
2832	394.5872984
2833	394.5072394
2834	394.4530678
2835	394.3997546
2836	394.3603671
2837	394.3232101
2838	394.2477107
2839	394.1737962
2840	394.1274485
2841	394.0654323
2842	394.0104773
2843	393.9222494
2844	393.8726932
2845	393.8337847
2846	393.7964514
2847	393.7369196
2848	393.6374668
2849	393.5684911
2850	393.5228453
2851	393.4628233
2852	393.4341117
2853	393.3894925
2854	393.3383024
2855	393.2992588
2856	393.2516479
2857	393.2032505
2858	393.1408518
2859	393.0697666
2860	392.9795952
2861	392.8864983
2862	392.8408802
2863	392.802915
2864	392.7497626
2865	392.7064176
2866	392.6163311
2867	392.5763787
2868	392.5345748
2869	392.4667413
2870	392.4198676
2871	392.3565072
2872	392.3342314
2873	392.2902686
2874	392.2347749
2875	392.1844753
2876	392.1314527
2877	392.0505861
2878	392.0084702
2879	391.941564
2880	391.8957665
2881	391.8388651
2882	391.7770783
2883	391.7425417
2884	391.6949547
2885	391.634396
2886	391.5802298
2887	391.5285163
2888	391.4476333
2889	391.3977384
2890	391.3351182
2891	391.2896984
2892	391.2521434
2893	391.1599466
2894	391.0943882
2895	391.0406683
2896	390.975032
2897	390.8999734
2898	390.8483759
2899	390.7997895
2900	390.7524675
2901	390.710251
2902	390.6884626
2903	390.6344371
2904	390.5674463
2905	390.4799208
2906	390.4111345
2907	390.3692643
2908	390.3319358
2909	390.2413863
2910	390.1866106
2911	390.1488779
2912	390.0935898
2913	390.0507398
2914	389.9612766
2915	389.9356305
2916	389.8849099
2917	389.7957353
2918	389.7314813
2919	389.6748723
2920	389.6343281
2921	389.5892274
2922	389.5316587
2923	389.5025743
2924	389.4269064
2925	389.3759606
2926	389.3065904
2927	389.2723447
2928	389.2322453
2929	389.1637272
2930	389.1266975
2931	389.0719208
2932	388.997459
2933	388.933045
2934	388.8510565
2935	388.8126213
2936	388.7307146
2937	388.6829852
2938	388.6235484
2939	388.5694625
2940	388.5191121
2941	388.4802742
2942	388.4233888
2943	388.3667433
2944	388.303802
2945	388.2625063
2946	388.2161562
2947	388.1536738
2948	388.1027627
2949	388.0273008
2950	387.9765404
2951	387.9011484
2952	387.85029
2953	387.7969316
2954	387.7444636
2955	387.6715982
2956	387.6234766
2957	387.5719705
2958	387.5170494
2959	387.4531906
2960	387.4002642
2961	387.352147
2962	387.3056394
2963	387.2699055
2964	387.2135205
2965	387.1672042
2966	387.1010034
2967	387.0082868
2968	386.956502
2969	386.8954696
2970	386.8668009
2971	386.8152704
2972	386.7821823
2973	386.7435787
2974	386.6912196
2975	386.6424478
2976	386.5984253
2977	386.5376047
2978	386.5009017
2979	386.4499598
2980	386.3991692
2981	386.3554519
2982	386.2995353
2983	386.234281
2984	386.1567903
2985	386.1035579
2986	386.061736
2987	385.9888997
2988	385.9218288
2989	385.8722942
2990	385.8364451
2991	385.7856801
2992	385.7315507
2993	385.6812593
2994	385.6422315
2995	385.5793483
2996	385.5172124
2997	385.4180541
2998	385.3832704
2999	385.3280986
3000	385.2691526
3001	385.2209391
3002	385.1749053
3003	385.1041225
3004	385.0627189
3005	385.0052035
3006	384.9609925
3007	384.9123287
3008	384.8576732
3009	384.7777194
3010	384.7131167
3011	384.6424893
3012	384.5968186
3013	384.5555276
3014	384.5130248
3015	384.4870637
3016	384.4287585
3017	384.3613855
3018	384.310012
3019	384.2709597
3020	384.2192858
3021	384.1638469
3022	384.1084634
3023	384.068905
3024	384.003462
3025	383.9439725
3026	383.8854738
3027	383.8137092
3028	383.7658658
3029	383.6794434
3030	383.6469329
3031	383.6043423
3032	383.5587943
3033	383.4855793
3034	383.4551686
3035	383.4097444
3036	383.3591418
3037	383.3076517
3038	383.2480394
3039	383.1644404
3040	383.1245484
3041	383.0740249
3042	383.0447601
3043	382.9820068
3044	382.9158741
3045	382.8611294
3046	382.8208193
3047	382.7927913
3048	382.7531636
3049	382.6821345
3050	382.6275787
3051	382.5661652
3052	382.5115898
3053	382.4666427
3054	382.4077745
3055	382.3524396
3056	382.2776729
3057	382.2065889
3058	382.1683463
3059	382.124346
3060	382.0511696
3061	381.9962419
3062	381.952518
3063	381.8633361
3064	381.8373254
3065	381.799078
3066	381.7486762
3067	381.6947631
3068	381.647243
3069	381.5789928
3070	381.5416869
3071	381.5073254
3072	381.4627682
3073	381.3866333
3074	381.3074395
3075	381.2697282
3076	381.2324546
3077	381.1585591
3078	381.1098017
3079	381.059982
3080	381.0070966
3081	380.972391
3082	380.9365808
3083	380.9083054
3084	380.8655682
3085	380.7863369
3086	380.7316813
3087	380.6574336
3088	380.598133
3089	380.5706513
3090	380.5176643
3091	380.4798649
3092	380.4153137
3093	380.3752912
3094	380.3394298
3095	380.2859101
3096	380.25392
3097	380.1881488
3098	380.1298973
3099	380.1058524
3100	380.0619926
3101	379.9983082
3102	379.9535067
3103	379.916761
3104	379.8870668
3105	379.7963345
3106	379.7474273
3107	379.6416367
3108	379.5672896
3109	379.5346251
3110	379.4936852
3111	379.4364202
3112	379.4068224
3113	379.3682308
3114	379.3224083
3115	379.2760611
3116	379.2045773
3117	379.1468112
3118	379.1050554
3119	379.061954
3120	379.0030866
3121	378.930007
3122	378.8688813
3123	378.8270637
3124	378.8004528
3125	378.7528977
3126	378.7083487
3127	378.6751011
3128	378.6005481
3129	378.5209961
3130	378.4666006
3131	378.42919
3132	378.3939474
3133	378.3032811
3134	378.2571904
3135	378.1894739
3136	378.1440358
3137	378.0936635
3138	378.065218
3139	377.9993702
3140	377.9311675
3141	377.8782627
3142	377.8387063
3143	377.7685014
3144	377.706337
3145	377.6694683
3146	377.627962
3147	377.568505
3148	377.5109052
3149	377.454681
3150	377.4302274
3151	377.36278
3152	377.3143546
3153	377.2821891
3154	377.2028148
3155	377.1364042
3156	377.0738766
3157	377.0214102
3158	376.9822691
3159	376.9336971
3160	376.8529413
3161	376.8164631
3162	376.766067
3163	376.7253429
3164	376.6533594
3165	376.6290795
3166	376.5540135
3167	376.5070839
3168	376.4542781
3169	376.4265168
3170	376.3684642
3171	376.3052228
3172	376.2522684
3173	376.1857795
3174	376.1072103
3175	376.0477268
3176	375.9884905
3177	375.9271099
3178	375.8820248
3179	375.8273875
3180	375.7780815
3181	375.7305574
3182	375.6681032
3183	375.6212201
3184	375.5838112
3185	375.5115981
3186	375.4493027
3187	375.4096059
3188	375.3758831
3189	375.2934517
3190	375.2679878
3191	375.2190102
3192	375.1432138
3193	375.1164271
3194	375.0697288
3195	375.0382217
3196	375.0077469
3197	374.9548152
3198	374.90645
3199	374.8524835
3200	374.8135077
3201	374.7776198
3202	374.7319556
3203	374.6329065
3204	374.6035113
3205	374.559472
3206	374.4865666
3207	374.4271433
3208	374.3927849
3209	374.3535136
3210	374.3267342
3211	374.2974153
3212	374.2446752
3213	374.1866678
3214	374.1377938
3215	374.101897
3216	374.0517331
3217	373.9895486
3218	373.946374
3219	373.8781522
3220	373.8149005
3221	373.7777532
3222	373.7420646
3223	373.6993347
3224	373.6608579
3225	373.6064752
3226	373.5586653
3227	373.5344176
3228	373.4813628
3229	373.4117399
3230	373.3873172
3231	373.3383325
3232	373.3022837
3233	373.2560074
3234	373.2122893
3235	373.1358564
3236	373.0832965
3237	373.0019668
3238	372.962223
3239	372.9116858
3240	372.836451
3241	372.7796583
3242	372.7383098
3243	372.6812975
3244	372.6461658
3245	372.613344
3246	372.5662801
3247	372.4962835
3248	372.4309933
3249	372.3710031
3250	372.312399
3251	372.2708848
3252	372.2297287
3253	372.1764408
3254	372.1218023
3255	372.0549361
3256	371.9809777
3257	371.9294288
3258	371.8797773
3259	371.8301092
3260	371.7664365
3261	371.7240412
3262	371.6729976
3263	371.6014749
3264	371.5531021
3265	371.515433
3266	371.4774738
3267	371.4091495
3268	371.3627723
3269	371.2973031
3270	371.2457074
3271	371.2023044
3272	371.1643181
3273	371.1019041
3274	371.0593138
3275	371.0204429
3276	370.9928076
3277	370.9575676
3278	370.9068867
3279	370.8608753
3280	370.8317162
3281	370.7863022
3282	370.7365984
3283	370.6888001
3284	370.6394384
3285	370.6037089
3286	370.5690784
3287	370.5156883
3288	370.4930558
3289	370.4298077
3290	370.3817487
3291	370.3261681
3292	370.285778
3293	370.2420243
3294	370.200029
3295	370.1495206
3296	370.1118408
3297	370.0423393
3298	369.9782688
3299	369.9190604
3300	369.8574483
3301	369.8258251
3302	369.779926
3303	369.7365718
3304	369.6730301
3305	369.6064551
3306	369.5712304
3307	369.5457969
3308	369.4897686
3309	369.4401193
3310	369.3570669
3311	369.3020434
3312	369.2605097
3313	369.2050593
3314	369.152784
3315	369.0902852
3316	369.0350194
3317	368.9833206
3318	368.9370917
3319	368.8891691
3320	368.8402048
3321	368.802226
3322	368.7352944
3323	368.6410273
3324	368.5888014
3325	368.5022365
3326	368.452324
3327	368.4214459
3328	368.3965279
3329	368.3175226
3330	368.2728886
3331	368.2323122
3332	368.2108029
3333	368.1523913
3334	368.1120378
3335	368.070931
3336	368.027725
3337	368.0042346
3338	367.9558958
3339	367.9167407
3340	367.8897567
3341	367.8366969
3342	367.7561147
3343	367.703896
3344	367.6707314
3345	367.6252268
3346	367.5712841
3347	367.522123
3348	367.4632403
3349	367.4236887
3350	367.4008565
3351	367.3678107
3352	367.3308749
3353	367.2777672
3354	367.236751
3355	367.1762656
3356	367.1206686
3357	367.0846544
3358	367.0019498
3359	366.9689936
3360	366.881871
3361	366.8157037
3362	366.7664036
3363	366.7067807
3364	366.6713679
3365	366.6048328
3366	366.5526528
3367	366.5198738
3368	366.4625486
3369	366.4137066
3370	366.3814486
3371	366.3313339
3372	366.2788774
3373	366.2360134
3374	366.1939052
3375	366.138949
3376	366.0773303
3377	366.0411831
3378	365.9857029
3379	365.9387482
3380	365.889552
3381	365.8426431
3382	365.7658426
3383	365.7146211
3384	365.6339905
3385	365.5960608
3386	365.5512561
3387	365.5099935
3388	365.4395106
3389	365.3798333
3390	365.3438566
3391	365.2949492
3392	365.2523348
3393	365.1840189
3394	365.1401441
3395	365.1009086
3396	365.0453855
3397	364.9777183
3398	364.9060691
3399	364.861401
3400	364.8199086
3401	364.7569023
3402	364.7003043
3403	364.6687061
3404	364.6228265
3405	364.5908231
3406	364.5529195
3407	364.4683348
3408	364.4054015
3409	364.3497621
3410	364.2885992
3411	364.2439068
3412	364.1996286
3413	364.1531499
3414	364.1066802
3415	364.0616973
3416	363.9815612
3417	363.934681
3418	363.8579876
3419	363.8037482
3420	363.7802587
3421	363.7388635
3422	363.7147353
3423	363.6566251
3424	363.6010258
3425	363.539482
3426	363.5117523
3427	363.4786571
3428	363.4317367
3429	363.3543338
3430	363.319949
3431	363.2743554
3432	363.2491432
3433	363.1770586
3434	363.1276601
3435	363.081554
3436	363.0471229
3437	363.0001932
3438	362.9732961
3439	362.9329458
3440	362.865538
3441	362.8169413
3442	362.7872348
3443	362.7433048
3444	362.6979956
3445	362.6236779
3446	362.5433217
3447	362.5018478
3448	362.4561447
3449	362.3849299
3450	362.3326955
3451	362.2775496
3452	362.213159
3453	362.1686616
3454	362.0971539
3455	362.0550479
3456	362.0218695
3457	361.977317
3458	361.919465
3459	361.895909
3460	361.8494237
3461	361.8216262
3462	361.7285062
3463	361.6738739
3464	361.6295683
3465	361.5826679
3466	361.5423153
3467	361.4916659
3468	361.4381872
3469	361.3994939
3470	361.3683015
3471	361.3320474
3472	361.2847389
3473	361.2429559
3474	361.1862588
3475	361.1430829
3476	361.0755903
3477	361.020974
3478	360.9526173
3479	360.9078073
3480	360.8290549
3481	360.7766483
3482	360.7211656
3483	360.6737347
3484	360.634672
3485	360.5726496
3486	360.5398122
3487	360.5105338
3488	360.4420726
3489	360.3839603
3490	360.326484
3491	360.2755935
3492	360.221212
3493	360.1417291
3494	360.0994221
3495	360.0724153
3496	360.0029215
3497	359.9703153
3498	359.9227711
3499	359.8688562
3500	359.8215174
3501	359.7760365
3502	359.7262226
3503	359.6796682
3504	359.6371053
3505	359.5940057
3506	359.5533775
3507	359.4926287
3508	359.4458516
3509	359.3776594
3510	359.3425035
3511	359.2982457
3512	359.2156671
3513	359.1694003
3514	359.1183442
3515	359.082836
3516	359.0302357
3517	358.9569693
3518	358.9271083
3519	358.9059504
3520	358.8544848
3521	358.7860091
3522	358.746897
3523	358.7096674
3524	358.6409729
3525	358.5824796
3526	358.520979
3527	358.4902156
3528	358.4177524
3529	358.3891181
3530	358.3437373
3531	358.293764
3532	358.258535
3533	358.2126658
3534	358.1670614
3535	358.1017809
3536	358.0659173
3537	358.0275129
3538	357.9584377
3539	357.8929083
3540	357.8464923
3541	357.7691243
3542	357.6963116
3543	357.658154
3544	357.6205026
3545	357.5799396
3546	357.5392961
3547	357.4863395
3548	357.4490163
3549	357.3962629
3550	357.3542011
3551	357.3100561
3552	357.2691331
3553	357.227008
3554	357.1619144
3555	357.1318719
3556	357.0804007
3557	357.0430167
3558	356.9953447
3559	356.9328848
3560	356.8929286
3561	356.8373042
3562	356.7820449
3563	356.7099963
3564	356.6445177
3565	356.6271395
3566	356.5694404
3567	356.535399
3568	356.5089697
3569	356.4651242
3570	356.3789847
3571	356.3432807
3572	356.3115723
3573	356.2719922
3574	356.2362556
3575	356.1822025
3576	356.1486387
3577	356.075332
3578	356.0368201
3579	355.9879849
3580	355.9224059
3581	355.8853254
3582	355.8113054
3583	355.7615009
3584	355.7318432
3585	355.7050481
3586	355.6610855
3587	355.6232316
3588	355.5813283
3589	355.5325244
3590	355.5032251
3591	355.432822
3592	355.3761487
3593	355.3548783
3594	355.2941025
3595	355.2493273
3596	355.1772643
3597	355.107899
3598	355.0248706
3599	354.982169
3600	354.9281641
3601	354.8787348
3602	354.832857
3603	354.7987351
3604	354.7636148
3605	354.7150902
3606	354.6681382
3607	354.6419833
3608	354.6176982
3609	354.5958319
3610	354.5231312
3611	354.4541746
3612	354.395246
3613	354.3191984
3614	354.2495148
3615	354.206804
3616	354.1388654
3617	354.1065804
3618	354.0791732
3619	354.0339169
3620	353.996221
3621	353.9655383
3622	353.9195336
3623	353.8596018
3624	353.8131372
3625	353.737653
3626	353.6865747
3627	353.6494037
3628	353.5712627
3629	353.5217945
3630	353.4682119
3631	353.4234843
3632	353.35099
3633	353.3028147
3634	353.2569513
3635	353.1846008
3636	353.1394601
3637	353.0672958
3638	353.0215989
3639	352.9330876
3640	352.9052948
3641	352.8445201
3642	352.7754527
3643	352.7010596
3644	352.6600994
3645	352.5987165
3646	352.5369399
3647	352.4979194
3648	352.4484298
3649	352.4118919
3650	352.3657973
3651	352.3289792
3652	352.280628
3653	352.2172038
3654	352.1776287
3655	352.1303766
3656	352.0472115
3657	352.0137358
3658	351.9740834
3659	351.9372953
3660	351.8972943
3661	351.85353
3662	351.7986619
3663	351.7423283
3664	351.68966
3665	351.6296573
3666	351.5508212
3667	351.5046976
3668	351.4629617
3669	351.4204198
3670	351.3908628
3671	351.3183092
3672	351.2332492
3673	351.1779727
3674	351.0995118
3675	351.0613668
3676	351.0276868
3677	350.9760237
3678	350.9431511
3679	350.8851713
3680	350.812009
3681	350.7775069
3682	350.7199651
3683	350.6694217
3684	350.6146007
3685	350.5728729
3686	350.5199139
3687	350.4816101
3688	350.4477571
3689	350.4058021
3690	350.3628867
3691	350.3187624
3692	350.2928108
3693	350.2397092
3694	350.1579067
3695	350.0821541
3696	350.0206619
3697	349.9575304
3698	349.8895665
3699	349.8400525
3700	349.7676578
3701	349.7159293
3702	349.6941421
3703	349.644969
3704	349.5806209
3705	349.5499448
3706	349.4962127
3707	349.4630433
3708	349.4131434
3709	349.3612315
3710	349.3253794
3711	349.2953612
3712	349.2229899
3713	349.1831387
3714	349.1430782
3715	349.0967438
3716	349.0687434
3717	349.0208607
3718	348.963815
3719	348.9066599
3720	348.8298188
3721	348.7556269
3722	348.699911
3723	348.6532919
3724	348.5989951
3725	348.525791
3726	348.4920547
3727	348.4520661
3728	348.3887789
3729	348.3386494
3730	348.2652552
3731	348.2223083
3732	348.1605825
3733	348.0976909
3734	348.0330209
3735	348.005585
3736	347.9553685
3737	347.9112269
3738	347.8740769
3739	347.8455091
3740	347.8093995
3741	347.7412979
3742	347.6975377
3743	347.639127
3744	347.5992589
3745	347.5217324
3746	347.4775939
3747	347.412076
3748	347.3691928
3749	347.3254958
3750	347.2583949
3751	347.1917313
3752	347.1595948
3753	347.1045127
3754	347.0703246
3755	347.0200869
3756	346.9683633
3757	346.9130098
3758	346.8827837
3759	346.8023792
3760	346.7433011
3761	346.6667632
3762	346.6050697
3763	346.5405557
3764	346.5025045
3765	346.4715971
3766	346.4386293
3767	346.3805865
3768	346.3361801
3769	346.2974201
3770	346.2536196
3771	346.2130378
3772	346.1817501
3773	346.1433296
3774	346.1151419
3775	346.0417001
3776	345.9866714
3777	345.9246582
3778	345.871826
3779	345.8140861
3780	345.7692586
3781	345.7276097
3782	345.6911613
3783	345.6275737
3784	345.5837562
3785	345.5408069
3786	345.500176
3787	345.4528739
3788	345.4059098
3789	345.3573602
3790	345.2855643
3791	345.2533653
3792	345.2127764
3793	345.1841765
3794	345.1172951
3795	345.087548
3796	345.0372372
3797	344.9746087
3798	344.9207768
3799	344.8528106
3800	344.8267775
3801	344.7835038
3802	344.7449581
3803	344.7008803
3804	344.6595482
3805	344.6071767
3806	344.5643424
3807	344.5304213
3808	344.4973903
3809	344.4408879
3810	344.4014145
3811	344.353298
3812	344.3160816
3813	344.2417277
3814	344.2180323
3815	344.1915272
3816	344.1604317
3817	344.1149192
3818	344.0788399
3819	344.023604
3820	343.9744194
3821	343.9196977
3822	343.8605601
3823	343.8306502
3824	343.785893
3825	343.7504847
3826	343.7081123
3827	343.6721379
3828	343.6249031
3829	343.560886
3830	343.5076983
3831	343.4428164
3832	343.3703503
3833	343.3307798
3834	343.2741947
3835	343.2026889
3836	343.1500113
3837	343.1138077
3838	343.0735001
3839	343.023856
3840	342.9935254
3841	342.9378558
3842	342.8747888
3843	342.8477113
3844	342.8232882
3845	342.7631481
3846	342.7241607
3847	342.6910149
3848	342.6639573
3849	342.5962051
3850	342.5435685
3851	342.5058072
3852	342.4333059
3853	342.3788124
3854	342.3491481
3855	342.2975
3856	342.2454608
3857	342.2055602
3858	342.177831
3859	342.0972321
3860	342.0361808
3861	341.9797294
3862	341.9284701
3863	341.9030909
3864	341.8599073
3865	341.8100251
3866	341.7611629
3867	341.724767
3868	341.6909419
3869	341.6284454
3870	341.5649532
3871	341.527803
3872	341.5021338
3873	341.4417837
3874	341.4000206
3875	341.336983
3876	341.3073585
3877	341.2708544
3878	341.2220725
3879	341.1599994
3880	341.113753
3881	341.0653253
3882	341.0146211
3883	340.9485381
3884	340.9075042
3885	340.8830552
3886	340.8329501
3887	340.7868065
3888	340.7512513
3889	340.7043726
3890	340.6643746
3891	340.6151518
3892	340.5738677
3893	340.5417966
3894	340.491188
3895	340.4377553
3896	340.3791503
3897	340.3451528
3898	340.3193535
3899	340.2659279
3900	340.2222059
3901	340.1502592
3902	340.0978433
3903	340.0647039
3904	340.0262296
3905	339.9723054
3906	339.938055
3907	339.9074009
3908	339.8758934
3909	339.8352986
3910	339.8023348
3911	339.7521794
3912	339.713226
3913	339.6546949
3914	339.6173621
3915	339.5828905
3916	339.5274556
3917	339.4469755
3918	339.4179227
3919	339.347129
3920	339.3249883
3921	339.2856781
3922	339.2468667
3923	339.2274427
3924	339.1906708
3925	339.1460647
3926	339.1099168
3927	339.0596216
3928	339.0303328
3929	338.9666227
3930	338.9444815
3931	338.899956
3932	338.844152
3933	338.7805214
3934	338.7359899
3935	338.6846762
3936	338.6512439
3937	338.5981373
3938	338.5623297
3939	338.5266041
3940	338.4823627
3941	338.4435812
3942	338.4106588
3943	338.3788589
3944	338.3426265
3945	338.2996361
3946	338.2344022
3947	338.2177322
3948	338.1726525
3949	338.14349
3950	338.1077724
3951	338.0642541
3952	338.0239249
3953	337.952251
3954	337.9137662
3955	337.8816458
3956	337.7979283
3957	337.754884
3958	337.7351445
3959	337.6954927
3960	337.6559421
3961	337.6286327
3962	337.57928
3963	337.5551978
3964	337.5344739
3965	337.4420243
3966	337.4018489
3967	337.36083
3968	337.3065016
3969	337.267158
3970	337.2114923
3971	337.1610024
3972	337.1159289
3973	337.0520257
3974	337.019475
3975	336.9806429
3976	336.9217008
3977	336.8591923
3978	336.7950554
3979	336.7394784
3980	336.6999556
3981	336.6452989
3982	336.6097225
3983	336.5651776
3984	336.5400942
3985	336.510021
3986	336.4532448
3987	336.4037607
3988	336.361965
3989	336.3036687
3990	336.2265601
3991	336.1623644
3992	336.1190086
3993	336.0439348
3994	336.0070065
3995	335.9639802
3996	335.897885
3997	335.8631957
3998	335.8206057
3999	335.7867942
4000	335.7241414
4001	335.6883478
4002	335.6532903
4003	335.5992144
4004	335.5547205
4005	335.4976811
4006	335.4603943
4007	335.4128933
4008	335.3675874
4009	335.333831
4010	335.2946425
4011	335.2695795
4012	335.2418629
4013	335.2186411
4014	335.1681773
4015	335.098883
4016	335.0612848
4017	335.0121583
4018	334.95408
4019	334.895863
4020	334.8317543
4021	334.7702851
4022	334.7419886
4023	334.6691482
4024	334.6040658
4025	334.5790771
4026	334.5520959
4027	334.5061999
4028	334.4393479
4029	334.3965458
4030	334.3577265
4031	334.3348709
4032	334.3039977
4033	334.2552261
4034	334.2076149
4035	334.1618115
4036	334.1376489
4037	334.1029843
4038	334.0774224
4039	334.0410043
4040	334.0128017
4041	333.9747621
4042	333.9217341
4043	333.8824428
4044	333.8395383
4045	333.8109415
4046	333.7779165
4047	333.7361661
4048	333.6723777
4049	333.639767
4050	333.6049429
4051	333.5721549
4052	333.5200805
4053	333.489821
4054	333.4354173
4055	333.4103278
4056	333.3539588
4057	333.3088993
4058	333.2794095
4059	333.2415934
4060	333.2069115
4061	333.17118
4062	333.1164965
4063	333.0689361
4064	333.0316481
4065	332.9939042
4066	332.9367326
4067	332.8941193
4068	332.8643352
4069	332.8381703
4070	332.7718315
4071	332.7506918
4072	332.7010179
4073	332.6562213
4074	332.606708
4075	332.5712166
4076	332.5201281
4077	332.4721477
4078	332.4386936
4079	332.3954957
4080	332.3645617
4081	332.3169453
4082	332.2884378
4083	332.2528405
4084	332.2208795
4085	332.1694217
4086	332.128011
4087	332.0912399
4088	332.0517379
4089	332.0058003
4090	331.959781
4091	331.9242666
4092	331.851886
4093	331.8059594
4094	331.7536009
4095	331.7249321
4096	331.6896062
4097	331.6650214
4098	331.5952453
4099	331.5533746
4100	331.5068951
4101	331.4683449
4102	331.4147716
4103	331.3743582
4104	331.3194121
4105	331.2947145
4106	331.2502113
4107	331.1919739
4108	331.1477859
4109	331.1083742
4110	331.041631
4111	330.9896672
4112	330.9492645
4113	330.9156448
4114	330.8598866
4115	330.8258167
4116	330.7805937
4117	330.7551014
4118	330.6846208
4119	330.6292911
4120	330.5978243
4121	330.5318808
4122	330.4916021
4123	330.4382153
4124	330.3840446
4125	330.3696232
4126	330.3301983
4127	330.2752425
4128	330.2222656
4129	330.1884999
4130	330.1356502
4131	330.0906921
4132	330.0507492
4133	330.0254884
4134	329.9909055
4135	329.9410327
4136	329.919452
4137	329.8603159
4138	329.8113313
4139	329.7751272
4140	329.7248414
4141	329.6887139
4142	329.6552844
4143	329.6005557
4144	329.5672726
4145	329.5211925
4146	329.4895418
4147	329.4359093
4148	329.3745263
4149	329.3351308
4150	329.3026583
4151	329.2547018
4152	329.2096613
4153	329.1674895
4154	329.1059475
4155	329.0526191
4156	328.9950154
4157	328.9267488
4158	328.8864027
4159	328.8401068
4160	328.7970637
4161	328.7591531
4162	328.7104716
4163	328.6584379
4164	328.6193672
4165	328.5802887
4166	328.5486521
4167	328.5177688
4168	328.475883
4169	328.4321005
4170	328.3937405
4171	328.3429765
4172	328.3207484
4173	328.2789972
4174	328.2388988
4175	328.2116398
4176	328.189841
4177	328.1564438
4178	328.1214422
4179	328.0575248
4180	328.0053759
4181	327.9751428
4182	327.9233292
4183	327.8893619
4184	327.8395819
4185	327.7898037
4186	327.7606661
4187	327.7123157
4188	327.6600789
4189	327.6133996
4190	327.5669008
4191	327.5276693
4192	327.4914722
4193	327.454573
4194	327.4149603
4195	327.386298
4196	327.3353386
4197	327.2890375
4198	327.2695302
4199	327.230641
4200	327.197495
4201	327.1548963
4202	327.1326536
4203	327.0785378
4204	327.0440763
4205	327.0195253
4206	326.9771555
4207	326.9377578
4208	326.9018398
4209	326.8544066
4210	326.8043546
4211	326.7729844
4212	326.7335771
4213	326.6939098
4214	326.65435
4215	326.6211164
4216	326.5627891
4217	326.5117387
4218	326.4562133
4219	326.4313362
4220	326.3949613
4221	326.3092187
4222	326.2752333
4223	326.2448844
4224	326.1913437
4225	326.1243992
4226	326.089089
4227	326.0382618
4228	325.9917659
4229	325.9572132
4230	325.9171497
4231	325.8895327
4232	325.8536685
4233	325.8265876
4234	325.784086
4235	325.7499002
4236	325.7073431
4237	325.6668651
4238	325.6305114
4239	325.5829221
4240	325.5538053
4241	325.5301946
4242	325.5086805
4243	325.4812389
4244	325.4499256
4245	325.4076453
4246	325.3685376
4247	325.3095276
4248	325.2728374
4249	325.2388387
4250	325.1893248
4251	325.1376834
4252	325.0838373
4253	325.02777
4254	324.9966374
4255	324.9471517
4256	324.9151866
4257	324.868054
4258	324.8277109
4259	324.7774514
4260	324.7262735
4261	324.6783601
4262	324.6284476
4263	324.5601908
4264	324.5068724
4265	324.4670442
4266	324.4301941
4267	324.3824285
4268	324.3245639
4269	324.2949614
4270	324.2543936
4271	324.2398447
4272	324.1927291
4273	324.1184901
4274	324.0850884
4275	324.0379132
4276	324.0137966
4277	323.9732955
4278	323.940164
4279	323.9197091
4280	323.8776283
4281	323.8100604
4282	323.7890363
4283	323.7696479
4284	323.7202544
4285	323.6773114
4286	323.6396652
4287	323.6160974
4288	323.5779314
4289	323.5206582
4290	323.4746704
4291	323.4476707
4292	323.4052285
4293	323.3357324
4294	323.2984294
4295	323.2480764
4296	323.2203598
4297	323.1621298
4298	323.107666
4299	323.0545883
4300	323.0170438
4301	322.9808744
4302	322.955795
4303	322.9246561
4304	322.870011
4305	322.8391952
4306	322.81526
4307	322.7860059
4308	322.740404
4309	322.6855427
4310	322.6453741
4311	322.6137504
4312	322.5589653
4313	322.5079978
4314	322.4705486
4315	322.4376865
4316	322.4031265
4317	322.3824019
4318	322.3366463
4319	322.2754641
4320	322.2387691
4321	322.1882703
4322	322.1619365
4323	322.131737
4324	322.0876521
4325	322.0523067
4326	322.0318337
4327	322.0054424
4328	321.9749725
4329	321.9365882
4330	321.8845349
4331	321.8395937
4332	321.8040942
4333	321.7762226
4334	321.7370343
4335	321.7004148
4336	321.6693174
4337	321.6327172
4338	321.5977095
4339	321.5566392
4340	321.5192559
4341	321.4833533
4342	321.4506974
4343	321.4014876
4344	321.3667794
4345	321.3230619
4346	321.2685209
4347	321.2175416
4348	321.1785711
4349	321.1485823
4350	321.1163375
4351	321.0748007
4352	321.0103579
4353	320.9633648
4354	320.8972902
4355	320.8292725
4356	320.7689966
4357	320.7244292
4358	320.6898771
4359	320.6432133
4360	320.6158402
4361	320.5897871
4362	320.5267186
4363	320.4827976
4364	320.4564254
4365	320.4005662
4366	320.3582406
4367	320.3137013
4368	320.2660129
4369	320.2077587
4370	320.1823247
4371	320.1253715
4372	320.1005673
4373	320.0538216
4374	320.0114977
4375	319.9800482
4376	319.933577
4377	319.9000276
4378	319.8601974
4379	319.8295318
4380	319.7677483
4381	319.7112096
4382	319.6609259
4383	319.6094027
4384	319.5731323
4385	319.5472055
4386	319.5050488
4387	319.4607352
4388	319.4110898
4389	319.3665574
4390	319.3411016
4391	319.3064032
4392	319.2486833
4393	319.2127244
4394	319.1556678
4395	319.1240745
4396	319.0853216
4397	319.0446423
4398	319.0225305
4399	318.9838754
4400	318.9305896
4401	318.866167
4402	318.8320129
4403	318.7577228
4404	318.7351435
4405	318.6835377
4406	318.6289001
4407	318.5954902
4408	318.5459791
4409	318.5200523
4410	318.4821564
4411	318.4230659
4412	318.3706431
4413	318.316456
4414	318.2765015
4415	318.2393843
4416	318.1796237
4417	318.1392432
4418	318.1119292
4419	318.061894
4420	317.9713455
4421	317.9357843
4422	317.88602
4423	317.8508638
4424	317.7850084
4425	317.7568244
4426	317.7337603
4427	317.679811
4428	317.6453788
4429	317.6166962
4430	317.5709571
4431	317.5332701
4432	317.5058491
4433	317.46718
4434	317.4064426
4435	317.379093
4436	317.3184785
4437	317.2702001
4438	317.2390614
4439	317.210657
4440	317.1734718
4441	317.1082841
4442	317.063182
4443	317.0207793
4444	316.9646577
4445	316.9131445
4446	316.8749887
4447	316.8389533
4448	316.8054412
4449	316.7527218
4450	316.7243754
4451	316.6840087
4452	316.6443159
4453	316.6171189
4454	316.5748546
4455	316.5530141
4456	316.5096256
4457	316.4678331
4458	316.4307283
4459	316.4072382
4460	316.3727818
4461	316.3183507
4462	316.2940428
4463	316.2483817
4464	316.1873075
4465	316.151993
4466	316.1036479
4467	316.0434419
4468	316.0115125
4469	315.9817322
4470	315.941636
4471	315.8916453
4472	315.8742216
4473	315.8395041
4474	315.7958962
4475	315.7589669
4476	315.7244918
4477	315.6810139
4478	315.6487169
4479	315.5853805
4480	315.5375501
4481	315.5055956
4482	315.4672732
4483	315.4153776
4484	315.3961018
4485	315.3651761
4486	315.3227372
4487	315.3026372
4488	315.2507518
4489	315.2234394
4490	315.1810761
4491	315.1197354
4492	315.0849994
4493	315.0406275
4494	315.0097991
4495	314.9761544
4496	314.9279606
4497	314.8859172
4498	314.8312463
4499	314.7963546
4500	314.7495154
4501	314.6976769
4502	314.65989
4503	314.6450673
4504	314.5871154
4505	314.5427479
4506	314.5051877
4507	314.4494511
4508	314.3745916
4509	314.3439598
4510	314.286586
4511	314.2457114
4512	314.1893973
4513	314.1534844
4514	314.1211515
4515	314.0742653
4516	314.0528743
4517	313.9918622
4518	313.9618469
4519	313.9351424
4520	313.8979314
4521	313.8673628
4522	313.8011038
4523	313.7542145
4524	313.7366299
4525	313.6770048
4526	313.6310917
4527	313.5717202
4528	313.5202321
4529	313.4760118
4530	313.4189183
4531	313.3541277
4532	313.3193328
4533	313.2937453
4534	313.2559669
4535	313.2128852
4536	313.1854544
4537	313.1467797
4538	313.1129922
4539	313.0734527
4540	313.0430516
4541	313.0162242
4542	312.971018
4543	312.9341013
4544	312.8872178
4545	312.8549326
4546	312.8084383
4547	312.7680477
4548	312.7465091
4549	312.711462
4550	312.674303
4551	312.6069331
4552	312.5838492
4553	312.5324147
4554	312.4938312
4555	312.4559782
4556	312.4112028
4557	312.3709369
4558	312.3074305
4559	312.2680272
4560	312.2208939
4561	312.1879321
4562	312.1217834
4563	312.1052792
4564	312.0621974
4565	312.0330836
4566	311.9922007
4567	311.9541773
4568	311.9135296
4569	311.8787579
4570	311.8330802
4571	311.7873886
4572	311.7261622
4573	311.6862729
4574	311.6451705
4575	311.6133799
4576	311.5734902
4577	311.5493431
4578	311.5098873
4579	311.4448174
4580	311.4136033
4581	311.3776751
4582	311.3598624
4583	311.3256468
4584	311.2848155
4585	311.2554188
4586	311.2370019
4587	311.1978775
4588	311.1608965
4589	311.1284577
4590	311.1062724
4591	311.0641484
4592	311.0386184
4593	311.0070878
4594	310.9905088
4595	310.935296
4596	310.8989528
4597	310.8565245
4598	310.816667
4599	310.7809734
4600	310.7508446
4601	310.7217455
4602	310.6957802
4603	310.6632342
4604	310.6308383
4605	310.5883194
4606	310.5541779
4607	310.5195493
4608	310.4401639
4609	310.38818
4610	310.3579069
4611	310.3326201
4612	310.3083669
4613	310.2678107
4614	310.2247422
4615	310.1896173
4616	310.1534406
4617	310.1213807
4618	310.0825603
4619	310.061076
4620	310.0182173
4621	309.9946963
4622	309.9541761
4623	309.9118493
4624	309.8461136
4625	309.8026661
4626	309.7689769
4627	309.7306173
4628	309.6900541
4629	309.6590457
4630	309.6132804
4631	309.5861837
4632	309.5430273
4633	309.5067934
4634	309.460473
4635	309.4133351
4636	309.3837635
4637	309.3447212
4638	309.3076541
4639	309.2768009
4640	309.2205499
4641	309.1851596
4642	309.1383661
4643	309.1018464
4644	309.0651229
4645	309.0030825
4646	308.9604356
4647	308.9246012
4648	308.8959315
4649	308.8460079
4650	308.8218494
4651	308.7856852
4652	308.7578216
4653	308.7381742
4654	308.6975567
4655	308.6465601
4656	308.5970821
4657	308.5813581
4658	308.5471388
4659	308.4910152
4660	308.4616035
4661	308.4394869
4662	308.3884854
4663	308.3637823
4664	308.3216784
4665	308.2778925
4666	308.2475817
4667	308.2165675
4668	308.1720801
4669	308.1350208
4670	308.116158
4671	308.0526503
4672	308.0083129
4673	307.981132
4674	307.9479272
4675	307.9092672
4676	307.8664015
4677	307.8188989
4678	307.7842638
4679	307.7609655
4680	307.7218837
4681	307.6763915
4682	307.6333263
4683	307.5910936
4684	307.5384898
4685	307.5108991
4686	307.4557422
4687	307.4258863
4688	307.3798826
4689	307.3412532
4690	307.3013806
4691	307.2729029
4692	307.2423024
4693	307.2032017
4694	307.1859298
4695	307.165268
4696	307.1466153
4697	307.1118912
4698	307.0886446
4699	307.0592776
4700	307.024673
4701	306.9835976
4702	306.9261421
4703	306.8896653
4704	306.8479061
4705	306.830808
4706	306.8092509
4707	306.7807084
4708	306.7526621
4709	306.7285281
4710	306.6983656
4711	306.6387413
4712	306.6059153
4713	306.5752215
4714	306.548401
4715	306.5234978
4716	306.4864395
4717	306.4297181
4718	306.3919025
4719	306.3453738
4720	306.2829509
4721	306.2344512
4722	306.1849298
4723	306.1520183
4724	306.1097973
4725	306.0689504
4726	306.0043811
4727	305.9737058
4728	305.9339842
4729	305.9149351
4730	305.8580561
4731	305.8309592
4732	305.7974027
4733	305.761604
4734	305.7306738
4735	305.6597017
4736	305.6241883
4737	305.5966239
4738	305.5349339
4739	305.5200665
4740	305.4554436
4741	305.3998782
4742	305.3388673
4743	305.2951888
4744	305.2553888
4745	305.2240756
4746	305.1814529
4747	305.1430524
4748	305.0883878
4749	305.0483012
4750	305.0029816
4751	304.9604633
4752	304.9137757
4753	304.8829685
4754	304.8630332
4755	304.8329536
4756	304.8077571
4757	304.7612097
4758	304.7323929
4759	304.7124084
4760	304.6846776
4761	304.6513728
4762	304.635454
4763	304.592964
4764	304.560273
4765	304.5138698
4766	304.4755548
4767	304.4319275
4768	304.3937787
4769	304.3583285
4770	304.320637
4771	304.2895246
4772	304.251839
4773	304.1940716
4774	304.148258
4775	304.1228593
4776	304.0936787
4777	304.0523893
4778	304.032433
4779	303.9900374
4780	303.9537904
4781	303.9261528
4782	303.898873
4783	303.8603769
4784	303.835269
4785	303.795922
4786	303.7674664
4787	303.7404111
4788	303.7142586
4789	303.6998372
4790	303.6676314
4791	303.6382675
4792	303.5976678
4793	303.5640265
4794	303.5222291
4795	303.4796193
4796	303.4383035
4797	303.4141367
4798	303.3689969
4799	303.3280131
4800	303.2785608
4801	303.243504
4802	303.1871144
4803	303.1529098
4804	303.0914562
4805	303.0626104
4806	303.0417272
4807	302.9860254
4808	302.9333824
4809	302.8894802
4810	302.8538013
4811	302.8317021
4812	302.7982137
4813	302.7594076
4814	302.7239033
4815	302.6842173
4816	302.657147
4817	302.6332222
4818	302.5925858
4819	302.5593661
4820	302.5158405
4821	302.4999589
4822	302.4448696
4823	302.3997886
4824	302.3504737
4825	302.3150959
4826	302.2712721
4827	302.2366782
4828	302.2077194
4829	302.1584279
4830	302.0928307
4831	302.0487974
4832	302.0104102
4833	301.9475403
4834	301.9218792
4835	301.8576201
4836	301.8324221
4837	301.776605
4838	301.7287198
4839	301.6926792
4840	301.6583223
4841	301.6131255
4842	301.5727185
4843	301.5403516
4844	301.4866751
4845	301.4540289
4846	301.4293831
4847	301.4048469
4848	301.3414942
4849	301.2941042
4850	301.2702034
4851	301.2253286
4852	301.1478676
4853	301.1071604
4854	301.0843799
4855	301.0207662
4856	300.967996
4857	300.9400968
4858	300.9145232
4859	300.8887129
4860	300.8398759
4861	300.8024802
4862	300.7594082
4863	300.7035731
4864	300.6672786
4865	300.6198294
4866	300.5864285
4867	300.5328198
4868	300.4854842
4869	300.4518614
4870	300.4170292
4871	300.3899877
4872	300.3496725
4873	300.3121096
4874	300.2893136
4875	300.2398593
4876	300.1955518
4877	300.1668339
4878	300.1222783
4879	300.0925909
4880	300.0494908
4881	300.0291638
4882	300.0132451
4883	299.9553677
4884	299.935219
4885	299.9129717
4886	299.8820599
4887	299.846229
4888	299.7825541
4889	299.7495308
4890	299.7310555
4891	299.6924159
4892	299.6560434
4893	299.6369999
4894	299.5715551
4895	299.5486025
4896	299.5124
4897	299.4815411
4898	299.447007
4899	299.4066032
4900	299.3582011
4901	299.3224674
4902	299.3026412
4903	299.2675356
4904	299.2091691
4905	299.1652741
4906	299.1369797
4907	299.0940215
4908	299.0480748
4909	299.0114011
4910	298.9596019
4911	298.9172514
4912	298.8651631
4913	298.8288047
4914	298.8008548
4915	298.7583719
4916	298.7127876
4917	298.6742239
4918	298.6236005
4919	298.5599615
4920	298.5196041
4921	298.4847531
4922	298.4486074
4923	298.4194112
4924	298.3691058
4925	298.3354278
4926	298.3152449
4927	298.2724415
4928	298.2463558
4929	298.2086474
4930	298.1918577
4931	298.1161686
4932	298.0943694
4933	298.0728394
4934	298.0518381
4935	298.0149553
4936	297.9865724
4937	297.9605071
4938	297.9066183
4939	297.871568
4940	297.8260955
4941	297.7717963
4942	297.7355863
4943	297.6716792
4944	297.6362827
4945	297.6101789
4946	297.5750521
4947	297.5369122
4948	297.515341
4949	297.4425251
4950	297.403967
4951	297.3719626
4952	297.3545228
4953	297.3098998
4954	297.2713411
4955	297.2373728
4956	297.1890227
4957	297.1474332
4958	297.1243522
4959	297.0863948
4960	297.0548412
4961	296.9987792
4962	296.9527473
4963	296.9037008
4964	296.8657061
4965	296.8371607
4966	296.7998271
4967	296.7537409
4968	296.7132114
4969	296.6672093
4970	296.625921
4971	296.5952024
4972	296.5490858
4973	296.5170655
4974	296.4833551
4975	296.452601
4976	296.3906127
4977	296.3646641
4978	296.3401863
4979	296.3040439
4980	296.2697676
4981	296.2463808
4982	296.1953532
4983	296.1681997
4984	296.1278141
4985	296.1004423
4986	296.06084
4987	295.9989439
4988	295.9582438
4989	295.8840981
4990	295.8554054
4991	295.8238127
4992	295.794159
4993	295.7592606
4994	295.7251298
4995	295.6850039
4996	295.6558001
4997	295.6037022
4998	295.5324905
4999	295.4900336
5000	295.4531481
5001	295.4053481
5002	295.3664512
5003	295.3405759
5004	295.2892228
5005	295.2650911
5006	295.2441458
5007	295.2104838
5008	295.1652799
5009	295.1303872
5010	295.0943123
5011	295.0554245
5012	295.0286658
5013	294.9921298
5014	294.9581916
5015	294.9100879
5016	294.8515633
5017	294.8192349
5018	294.7756501
5019	294.7432143
5020	294.6982946
5021	294.6595417
5022	294.6285744
5023	294.5892829
5024	294.5503334
5025	294.5181866
5026	294.4666723
5027	294.4298687
5028	294.4025983
5029	294.3852682
5030	294.3288635
5031	294.2772904
5032	294.2338001
5033	294.1774626
5034	294.1425914
5035	294.0828864
5036	294.0574482
5037	294.0479414
5038	294.0142856
5039	293.9600229
5040	293.931959
5041	293.8948186
5042	293.845696
5043	293.8091373
5044	293.7769701
5045	293.7400066
5046	293.7067443
5047	293.6559441
5048	293.6153324
5049	293.5479258
5050	293.5269439
5051	293.5042944
5052	293.4591596
5053	293.4124519
5054	293.379199
5055	293.3502995
5056	293.3240318
5057	293.2668385
5058	293.1983909
5059	293.1565938
5060	293.1155441
5061	293.0969218
5062	293.0475827
5063	293.0209538
5064	292.994557
5065	292.9547533
5066	292.9217242
5067	292.8858382
5068	292.8501782
5069	292.8284485
5070	292.7891956
5071	292.7464771
5072	292.7240954
5073	292.7011653
5074	292.658231
5075	292.623647
5076	292.5887624
5077	292.5685806
5078	292.547832
5079	292.5192832
5080	292.4938707
5081	292.4668575
5082	292.4299217
5083	292.3947852
5084	292.3633987
5085	292.3196637
5086	292.3002758
5087	292.2578645
5088	292.2314599
5089	292.1809041
5090	292.141907
5091	292.100019
5092	292.065616
5093	292.0265094
5094	291.9810676
5095	291.9577419
5096	291.9048006
5097	291.8798973
5098	291.8469741
5099	291.8205415
5100	291.780482
5101	291.7575669
5102	291.7079194
5103	291.6784511
5104	291.6241338
5105	291.5940489
5106	291.5617087
5107	291.5140983
5108	291.4754487
5109	291.4331682
5110	291.4001434
5111	291.3638747
5112	291.3273961
5113	291.2944707
5114	291.239813
5115	291.2118954
5116	291.1551504
5117	291.1091078
5118	291.0736745
5119	291.0337754
5120	290.999066
5121	290.9696341
5122	290.9380075
5123	290.8951556
5124	290.844271
5125	290.8257494
5126	290.8018626
5127	290.7549465
5128	290.7158822
5129	290.6627009
5130	290.6341655
5131	290.5935534
5132	290.5637796
5133	290.5069806
5134	290.4686991
5135	290.4417281
5136	290.4251082
5137	290.3875321
5138	290.3400261
5139	290.2899827
5140	290.2507092
5141	290.2252674
5142	290.2008337
5143	290.1376395
5144	290.1182235
5145	290.0899532
5146	290.0387652
5147	290.0117923
5148	289.9708413
5149	289.9547924
5150	289.9249364
5151	289.8949382
5152	289.8643822
5153	289.8347724
5154	289.8116166
5155	289.7528763
5156	289.7039123
5157	289.6656934
5158	289.6457174
5159	289.6152035
5160	289.5818642
5161	289.5324923
5162	289.5061576
5163	289.465042
5164	289.4231707
5165	289.398463
5166	289.3579954
5167	289.3382333
5168	289.2900104
5169	289.2600274
5170	289.2386375
5171	289.1906138
5172	289.1113711
5173	289.0925659
5174	289.0468917
5175	289.0050112
5176	288.9476035
5177	288.9106591
5178	288.8596571
5179	288.8355329
5180	288.7993227
5181	288.7728357
5182	288.7259896
5183	288.6722025
5184	288.6377604
5185	288.6131495
5186	288.5864389
5187	288.5420486
5188	288.5072331
5189	288.471074
5190	288.4311333
5191	288.3977899
5192	288.3683872
5193	288.3515782
5194	288.3106769
5195	288.2816574
5196	288.248069
5197	288.2256116
5198	288.2067158
5199	288.1844106
5200	288.1453901
5201	288.1042779
5202	288.0494223
5203	288.0189386
5204	287.9872383
5205	287.9723106
5206	287.9445997
5207	287.9084735
5208	287.867038
5209	287.8309368
5210	287.7980218
5211	287.7483272
5212	287.7176652
5213	287.6771417
5214	287.6411998
5215	287.6273172
5216	287.6061067
5217	287.5651889
5218	287.5260785
5219	287.4902921
5220	287.4675677
5221	287.4458531
5222	287.4217782
5223	287.3713624
5224	287.3482337
5225	287.3073007
5226	287.2723355
5227	287.2353415
5228	287.2037851
5229	287.1859784
5230	287.1680126
5231	287.1533665
5232	287.1160476
5233	287.0707767
5234	287.0083333
5235	286.9765777
5236	286.9570589
5237	286.9341896
5238	286.9069854
5239	286.8521228
5240	286.8022465
5241	286.7769242
5242	286.7397375
5243	286.6945812
5244	286.6561967
5245	286.6295284
5246	286.6106494
5247	286.571492
5248	286.5404269
5249	286.5031345
5250	286.4573762
5251	286.4317881
5252	286.3838939
5253	286.3529698
5254	286.2976085
5255	286.2565742
5256	286.2086364
5257	286.1361439
5258	286.0756823
5259	286.04821
5260	286.0143057
5261	285.989692
5262	285.9746338
5263	285.956069
5264	285.9203548
5265	285.8818116
5266	285.8253297
5267	285.8003168
5268	285.7632145
5269	285.7234414
5270	285.6806004
5271	285.6407539
5272	285.5837245
5273	285.5529404
5274	285.5167455
5275	285.485145
5276	285.4616627
5277	285.4125745
5278	285.3769946
5279	285.3571891
5280	285.3299485
5281	285.2889559
5282	285.2458807
5283	285.2064472
5284	285.1527399
5285	285.1203679
5286	285.0834503
5287	285.0378201
5288	285.00887
5289	284.9594289
5290	284.9320771
5291	284.9112834
5292	284.8688301
5293	284.8464996
5294	284.8189458
5295	284.7969414
5296	284.7695739
5297	284.73999
5298	284.6891671
5299	284.6720109
5300	284.6545881
5301	284.6356922
5302	284.6071402
5303	284.5838855
5304	284.5509691
5305	284.5198939
5306	284.4888035
5307	284.4699309
5308	284.4337265
5309	284.4096301
5310	284.3717201
5311	284.32862
5312	284.2990942
5313	284.2601379
5314	284.2351288
5315	284.202351
5316	284.1563156
5317	284.1315096
5318	284.07917
5319	284.046811
5320	284.0108166
5321	283.9708864
5322	283.9373789
5323	283.8914913
5324	283.8488968
5325	283.8330574
5326	283.7638144
5327	283.7322203
5328	283.667415
5329	283.6134231
5330	283.5680447
5331	283.5429649
5332	283.4893386
5333	283.4298381
5334	283.4125799
5335	283.3862686
5336	283.3422849
5337	283.3141966
5338	283.2926554
5339	283.2729636
5340	283.220909
5341	283.185773
5342	283.154658
5343	283.11305
5344	283.0851878
5345	283.0412648
5346	282.9987699
5347	282.9639729
5348	282.9420264
5349	282.8972527
5350	282.8793894
5351	282.8454665
5352	282.8288509
5353	282.8051458
5354	282.7784256
5355	282.7260658
5356	282.7061206
5357	282.6730702
5358	282.6302596
5359	282.6011201
5360	282.5604338
5361	282.5320732
5362	282.4839173
5363	282.4632588
5364	282.439427
5365	282.3789362
5366	282.3472466
5367	282.2947956
5368	282.2822346
5369	282.2504989
5370	282.2268634
5371	282.1841741
5372	282.1690949
5373	282.1443802
5374	282.1219123
5375	282.0650265
5376	282.0319703
5377	282.0072442
5378	281.9603685
5379	281.9408296
5380	281.910362
5381	281.8865998
5382	281.8426231
5383	281.8134942
5384	281.7659606
5385	281.716174
5386	281.6771474
5387	281.655428
5388	281.630145
5389	281.6043392
5390	281.5913022
5391	281.557185
5392	281.5232184
5393	281.5065772
5394	281.478528
5395	281.4507711
5396	281.414709
5397	281.3777069
5398	281.3475389
5399	281.309724
5400	281.2695723
5401	281.2497779
5402	281.2232734
5403	281.1966717
5404	281.1707109
5405	281.1449842
5406	281.0945314
5407	281.0539694
5408	281.0305101
5409	280.994286
5410	280.9692672
5411	280.9210289
5412	280.8735866
5413	280.8421693
5414	280.8146962
5415	280.7683357
5416	280.726896
5417	280.6919191
5418	280.6654504
5419	280.6425064
5420	280.6123663
5421	280.5776127
5422	280.5597397
5423	280.5407858
5424	280.5101743
5425	280.4637252
5426	280.4280469
5427	280.4138386
5428	280.3567692
5429	280.3186918
5430	280.3028698
5431	280.255089
5432	280.2040039
5433	280.1589155
5434	280.1322598
5435	280.1164186
5436	280.0750884
5437	280.0568522
5438	280.0140754
5439	279.9825957
5440	279.9223915
5441	279.9069872
5442	279.8656245
5443	279.800285
5444	279.7635238
5445	279.7303614
5446	279.7024713
5447	279.6748397
5448	279.6557495
5449	279.6347943
5450	279.577321
5451	279.5601834
5452	279.5443114
5453	279.5051049
5454	279.4808005
5455	279.4446899
5456	279.413204
5457	279.3762887
5458	279.3556676
5459	279.3249619
5460	279.2941633
5461	279.2562332
5462	279.2284027
5463	279.1824211
5464	279.1579353
5465	279.1371029
5466	279.1180152
5467	279.1004121
5468	279.0637357
5469	279.0280894
5470	278.9930433
5471	278.9556518
5472	278.9346069
5473	278.8860346
5474	278.852618
5475	278.7996484
5476	278.7590338
5477	278.729233
5478	278.6932223
5479	278.6680376
5480	278.6272353
5481	278.5885952
5482	278.5706229
5483	278.5409896
5484	278.5274582
5485	278.4941791
5486	278.4534682
5487	278.413812
5488	278.3957553
5489	278.3454989
5490	278.3220073
5491	278.2905703
5492	278.2577642
5493	278.2059399
5494	278.1721377
5495	278.1396201
5496	278.1233957
5497	278.0976688
5498	278.0372463
5499	278.0029168
5500	277.9676727
5501	277.9380975
5502	277.9014421
5503	277.8637387
5504	277.849101
5505	277.8201442
5506	277.8028712
5507	277.7736009
5508	277.7222554
5509	277.696239
5510	277.6344326
5511	277.6129156
5512	277.588567
5513	277.5532807
5514	277.5300427
5515	277.4874425
5516	277.4659058
5517	277.4355172
5518	277.4059122
5519	277.3887371
5520	277.3791125
5521	277.3614417
5522	277.3162671
5523	277.262651
5524	277.2334449
5525	277.1832764
5526	277.1668574
5527	277.1327011
5528	277.0873043
5529	277.0431281
5530	277.0065781
5531	276.9835883
5532	276.9611292
5533	276.9311084
5534	276.8847781
5535	276.8633668
5536	276.8329724
5537	276.7881175
5538	276.7515609
5539	276.7148683
5540	276.6733005
5541	276.6439154
5542	276.614027
5543	276.5948673
5544	276.567628
5545	276.5217468
5546	276.4836723
5547	276.4516465
5548	276.4266867
5549	276.390277
5550	276.3581951
5551	276.3373186
5552	276.3082497
5553	276.2891064
5554	276.2613344
5555	276.2350708
5556	276.1929225
5557	276.1491812
5558	276.1199216
5559	276.0994212
5560	276.0804487
5561	276.0556384
5562	276.0424592
5563	276.0171741
5564	275.9690458
5565	275.9432473
5566	275.9145441
5567	275.892925
5568	275.8611651
5569	275.8308044
5570	275.796172
5571	275.7503736
5572	275.7122794
5573	275.6851141
5574	275.65367
5575	275.620935
5576	275.5782301
5577	275.5543672
5578	275.5154635
5579	275.4762541
5580	275.4361935
5581	275.3859302
5582	275.3588973
5583	275.3202134
5584	275.2971009
5585	275.2658046
5586	275.2351646
5587	275.1901124
5588	275.1726063
5589	275.1416049
5590	275.1128206
5591	275.0762438
5592	275.0276163
5593	274.958303
5594	274.9357086
5595	274.9061008
5596	274.8599945
5597	274.82244
5598	274.7718868
5599	274.7537405
5600	274.7156631
5601	274.678122
5602	274.6351933
5603	274.5910835
5604	274.5515256
5605	274.5273489
5606	274.4886126
5607	274.4549563
5608	274.4053416
5609	274.3794883
5610	274.3489282
5611	274.3164627
5612	274.2847465
5613	274.2446157
5614	274.2263508
5615	274.2002201
5616	274.1528383
5617	274.1235453
5618	274.0991555
5619	274.0628144
5620	274.0048245
5621	273.9859562
5622	273.9596527
5623	273.9384874
5624	273.8917338
5625	273.8690614
5626	273.8317007
5627	273.8072197
5628	273.7948108
5629	273.7668176
5630	273.7421707
5631	273.6982296
5632	273.6675767
5633	273.629881
5634	273.5982033
5635	273.556829
5636	273.5257626
5637	273.5029302
5638	273.4661849
5639	273.4404447
5640	273.4175855
5641	273.3868875
5642	273.350225
5643	273.3333656
5644	273.3057873
5645	273.2799662
5646	273.2575012
5647	273.2287998
5648	273.1971681
5649	273.1488607
5650	273.0990403
5651	273.0703871
5652	273.04854
5653	273.0314092
5654	272.9754742
5655	272.9499938
5656	272.9065335
5657	272.8608049
5658	272.8276118
5659	272.7824654
5660	272.7359028
5661	272.7069017
5662	272.677347
5663	272.6565824
5664	272.6254959
5665	272.5887549
5666	272.5543576
5667	272.5296209
5668	272.5052798
5669	272.4763954
5670	272.4561597
5671	272.4114529
5672	272.3795436
5673	272.3476412
5674	272.301367
5675	272.2506729
5676	272.2207909
5677	272.1858005
5678	272.1658889
5679	272.1278289
5680	272.0921071
5681	272.0459083
5682	272.0125529
5683	271.9851685
5684	271.9627061
5685	271.9436317
5686	271.8922139
5687	271.8428634
5688	271.8215311
5689	271.8080294
5690	271.7652884
5691	271.726613
5692	271.6746927
5693	271.6444812
5694	271.6034841
5695	271.5870663
5696	271.5508195
5697	271.5029851
5698	271.4561852
5699	271.4233477
5700	271.3991734
5701	271.3793187
5702	271.3462918
5703	271.3148106
5704	271.2939703
5705	271.2601941
5706	271.2338679
5707	271.1904472
5708	271.1575308
5709	271.1300101
5710	271.0847486
5711	271.0672791
5712	271.0243073
5713	271.0022705
5714	270.9675394
5715	270.9415479
5716	270.9016991
5717	270.8715227
5718	270.839764
5719	270.8052744
5720	270.7727902
5721	270.7331583
5722	270.6850662
5723	270.6470632
5724	270.6058978
5725	270.5864378
5726	270.5570941
5727	270.5292424
5728	270.4924686
5729	270.4695674
5730	270.426548
5731	270.3905587
5732	270.3585527
5733	270.3306863
5734	270.3000335
5735	270.2511263
5736	270.2319201
5737	270.2039697
5738	270.179999
5739	270.1619944
5740	270.143401
5741	270.1200422
5742	270.0751169
5743	270.0460158
5744	270.013595
5745	269.9760664
5746	269.9513237
5747	269.8986362
5748	269.8705905
5749	269.8260208
5750	269.8047144
5751	269.7842688
5752	269.7491245
5753	269.728739
5754	269.6577367
5755	269.6076402
5756	269.5910064
5757	269.56626
5758	269.5424141
5759	269.5178241
5760	269.4830005
5761	269.464522
5762	269.4038713
5763	269.3552377
5764	269.3314301
5765	269.2922334
5766	269.2553591
5767	269.2339978
5768	269.1933703
5769	269.135653
5770	269.0918065
5771	269.0599064
5772	269.0050678
5773	268.966616
5774	268.92599
5775	268.8856842
5776	268.8473751
5777	268.7945982
5778	268.7636308
5779	268.747857
5780	268.7055619
5781	268.6710055
5782	268.6551113
5783	268.6262645
5784	268.5688986
5785	268.5421216
5786	268.5054771
5787	268.4491409
5788	268.430597
5789	268.3847049
5790	268.3634299
5791	268.3275242
5792	268.2669722
5793	268.2482364
5794	268.230555
5795	268.1922636
5796	268.1573099
5797	268.1363017
5798	268.1152647
5799	268.0906259
5800	268.0645532
5801	268.0321616
5802	267.9993418
5803	267.969377
5804	267.9283512
5805	267.9056877
5806	267.8846122
5807	267.8638573
5808	267.8307996
5809	267.8119406
5810	267.7758787
5811	267.7369262
5812	267.7019451
5813	267.6589013
5814	267.6289795
5815	267.5931477
5816	267.5498311
5817	267.5291428
5818	267.4930493
5819	267.4710282
5820	267.4109396
5821	267.3850971
5822	267.356232
5823	267.3204947
5824	267.2753571
5825	267.2520805
5826	267.2092548
5827	267.1740253
5828	267.1181901
5829	267.0994428
5830	267.0575803
5831	267.0101939
5832	266.9820523
5833	266.9496146
5834	266.9146802
5835	266.8557234
5836	266.7841999
5837	266.7427225
5838	266.7103136
5839	266.668006
5840	266.6443587
5841	266.6124153
5842	266.596435
5843	266.5759547
5844	266.5457188
5845	266.5186568
5846	266.4903405
5847	266.4440494
5848	266.4043345
5849	266.3634614
5850	266.3240652
5851	266.3037671
5852	266.2645066
5853	266.2461479
5854	266.2118852
5855	266.1758503
5856	266.1609804
5857	266.1440598
5858	266.1153892
5859	266.0898379
5860	266.0720086
5861	266.0244853
5862	265.9977958
5863	265.9514649
5864	265.9265278
5865	265.9148811
5866	265.8842664
5867	265.8602058
5868	265.8208361
5869	265.8062088
5870	265.7778704
5871	265.73949
5872	265.7066012
5873	265.6839483
5874	265.657817
5875	265.6268244
5876	265.6083612
5877	265.5838644
5878	265.5436915
5879	265.5140762
5880	265.471736
5881	265.4324467
5882	265.4098275
5883	265.383272
5884	265.33628
5885	265.2992745
5886	265.2750171
5887	265.2399139
5888	265.2055068
5889	265.1845179
5890	265.1516911
5891	265.1227648
5892	265.091064
5893	265.0585655
5894	265.0293256
5895	265.0161414
5896	264.9997316
5897	264.9733909
5898	264.9187097
5899	264.8823164
5900	264.8677833
5901	264.8183829
5902	264.7938665
5903	264.7529872
5904	264.7269701
5905	264.698885
5906	264.6745861
5907	264.6562251
5908	264.6241391
5909	264.5845813
5910	264.5518072
5911	264.5213068
5912	264.5024672
5913	264.4748984
5914	264.4595701
5915	264.4014196
5916	264.3502431
5917	264.3176368
5918	264.2836409
5919	264.2588525
5920	264.2072749
5921	264.1718628
5922	264.1405575
5923	264.1086858
5924	264.0756731
5925	264.0326506
5926	263.9811688
5927	263.9463644
5928	263.9033512
5929	263.8837644
5930	263.8563792
5931	263.8275326
5932	263.7960388
5933	263.7716467
5934	263.72864
5935	263.6887484
5936	263.6666217
5937	263.632862
5938	263.6053487
5939	263.5566408
5940	263.5250738
5941	263.4994943
5942	263.4592704
5943	263.4270201
5944	263.4049107
5945	263.3440577
5946	263.304227
5947	263.2746247
5948	263.2537279
5949	263.2085153
5950	263.1881373
5951	263.151843
5952	263.0934857
5953	263.0586405
5954	263.0203717
5955	262.9967953
5956	262.9637011
5957	262.9382218
5958	262.9167258
5959	262.890076
5960	262.8543564
5961	262.8305367
5962	262.8017852
5963	262.7649088
5964	262.7424143
5965	262.7119781
5966	262.6935026
5967	262.6651123
5968	262.6268956
5969	262.5922206
5970	262.5449587
5971	262.5175148
5972	262.4940594
5973	262.4670028
5974	262.4344394
5975	262.4180403
5976	262.3926495
5977	262.3588897
5978	262.2995235
5979	262.2630081
5980	262.2457429
5981	262.193361
5982	262.1630708
5983	262.1259583
5984	262.0910343
5985	262.03691
5986	261.9899968
5987	261.9642096
5988	261.9384601
5989	261.9093641
5990	261.8669688
5991	261.832282
5992	261.7916291
5993	261.7540571
5994	261.7213151
5995	261.6932196
5996	261.6610847
5997	261.6362472
5998	261.6048852
5999	261.5626505
6000	261.5355665
6001	261.4973194
6002	261.4668252
6003	261.4410908
6004	261.4100315
6005	261.3787133
6006	261.3572298
6007	261.3226702
6008	261.2957458
6009	261.2648116
6010	261.2311137
6011	261.2103267
6012	261.1847613
6013	261.1368386
6014	261.1024161
6015	261.0722656
6016	261.0193977
6017	260.9736915
6018	260.9407178
6019	260.8944282
6020	260.8664434
6021	260.83789
6022	260.8154711
6023	260.7887429
6024	260.7558685
6025	260.7014881
6026	260.6595001
6027	260.6030541
6028	260.5824702
6029	260.5657753
6030	260.5354969
6031	260.5055941
6032	260.4717321
6033	260.4514547
6034	260.4278142
6035	260.404473
6036	260.3599864
6037	260.3176856
6038	260.2826949
6039	260.2614276
6040	260.2348786
6041	260.2083735
6042	260.1833625
6043	260.156656
6044	260.1108464
6045	260.0849479
6046	260.0650329
6047	260.0394494
6048	259.9988175
6049	259.961839
6050	259.9405297
6051	259.9081998
6052	259.8835401
6053	259.8418275
6054	259.8006351
6055	259.7734386
6056	259.7511968
6057	259.7304483
6058	259.7087152
6059	259.6862733
6060	259.663871
6061	259.641727
6062	259.6067773
6063	259.5859109
6064	259.5701565
6065	259.5355722
6066	259.5119147
6067	259.4857779
6068	259.4525116
6069	259.4246547
6070	259.3991113
6071	259.380082
6072	259.3470241
6073	259.3229764
6074	259.2893508
6075	259.2527025
6076	259.2308572
6077	259.1889791
6078	259.1571937
6079	259.1087033
6080	259.0696631
6081	259.0477957
6082	259.0283416
6083	259.0051762
6084	258.9661969
6085	258.9270182
6086	258.8687737
6087	258.8524347
6088	258.805758
6089	258.7869139
6090	258.7686139
6091	258.7313857
6092	258.7039124
6093	258.684278
6094	258.6455557
6095	258.6292187
6096	258.6087909
6097	258.5758626
6098	258.551103
6099	258.5161257
6100	258.4848737
6101	258.4674545
6102	258.4369074
6103	258.4001378
6104	258.3773425
6105	258.3376002
6106	258.3139141
6107	258.2627408
6108	258.2249931
6109	258.1987534
6110	258.1817765
6111	258.1461599
6112	258.0937319
6113	258.0694336
6114	258.0481438
6115	258.0298382
6116	257.9829951
6117	257.92078
6118	257.8781987
6119	257.8506419
6120	257.8248345
6121	257.8033185
6122	257.7856575
6123	257.7577626
6124	257.738345
6125	257.6951663
6126	257.6662325
6127	257.6337275
6128	257.6048488
6129	257.5370839
6130	257.5151205
6131	257.493372
6132	257.465334
6133	257.4149845
6134	257.3891769
6135	257.3479198
6136	257.3197877
6137	257.3002567
6138	257.2569355
6139	257.2168382
6140	257.1849786
6141	257.1344002
6142	257.0916649
6143	257.0674845
6144	257.0226106
6145	256.9853338
6146	256.9390081
6147	256.9025296
6148	256.8691281
6149	256.8377285
6150	256.8148407
6151	256.7918396
6152	256.7562636
6153	256.7309529
6154	256.693394
6155	256.6561311
6156	256.6290825
6157	256.6000806
6158	256.5790164
6159	256.5543219
6160	256.5253834
6161	256.495109
6162	256.4573587
6163	256.4231084
6164	256.3969284
6165	256.3674333
6166	256.3459558
6167	256.3267281
6168	256.3014373
6169	256.2774029
6170	256.2464422
6171	256.2193992
6172	256.1936322
6173	256.1563299
6174	256.1100197
6175	256.0688807
6176	256.04396
6177	256.0255675
6178	255.9952153
6179	255.9821104
6180	255.9596669
6181	255.9372134
6182	255.9116874
6183	255.8742728
6184	255.8499266
6185	255.8206814
6186	255.790596
6187	255.7698394
6188	255.7342092
6189	255.6983317
6190	255.6685007
6191	255.6455446
6192	255.6220656
6193	255.5907676
6194	255.5575757
6195	255.5368382
6196	255.5016658
6197	255.4819098
6198	255.4394658
6199	255.4133053
6200	255.3911068
6201	255.3692145
6202	255.3266458
6203	255.2894425
6204	255.2708191
6205	255.2479703
6206	255.2195813
6207	255.1887099
6208	255.1495771
6209	255.1248362
6210	255.0952485
6211	255.0684875
6212	255.0304895
6213	254.9925259
6214	254.9511734
6215	254.9200919
6216	254.8943444
6217	254.8832149
6218	254.8603618
6219	254.8304445
6220	254.7752112
6221	254.7399246
6222	254.7030738
6223	254.6874659
6224	254.6582908
6225	254.6377263
6226	254.6049336
6227	254.5781293
6228	254.5283401
6229	254.481247
6230	254.4208242
6231	254.3696005
6232	254.3444775
6233	254.2988117
6234	254.2476283
6235	254.2115685
6236	254.1886581
6237	254.1499124
6238	254.1140641
6239	254.0860894
6240	254.0679699
6241	254.0500765
6242	254.018611
6243	253.9697379
6244	253.9464626
6245	253.9188788
6246	253.9013486
6247	253.8789949
6248	253.8292523
6249	253.7900084
6250	253.7654851
6251	253.7494018
6252	253.7300136
6253	253.7070524
6254	253.6759406
6255	253.6609078
6256	253.6348352
6257	253.5992201
6258	253.5817816
6259	253.5460524
6260	253.5274433
6261	253.5060971
6262	253.4855787
6263	253.4541509
6264	253.4227568
6265	253.3909592
6266	253.3665122
6267	253.3410126
6268	253.3037511
6269	253.2695423
6270	253.2488407
6271	253.2376892
6272	253.2090788
6273	253.190352
6274	253.1735758
6275	253.1539527
6276	253.1222446
6277	253.0679596
6278	253.0389797
6279	253.008479
6280	252.9895711
6281	252.9510828
6282	252.9156314
6283	252.884594
6284	252.8468541
6285	252.8246446
6286	252.8103145
6287	252.7920782
6288	252.7513566
6289	252.7373158
6290	252.7151207
6291	252.6826925
6292	252.629202
6293	252.579165
6294	252.531991
6295	252.5014108
6296	252.470106
6297	252.4486321
6298	252.4158208
6299	252.3956273
6300	252.3513419
6301	252.3219509
6302	252.3018364
6303	252.2757281
6304	252.2444416
6305	252.2085606
6306	252.18939
6307	252.1525679
6308	252.1316417
6309	252.0958487
6310	252.0763221
6311	252.0536816
6312	252.0291404
6313	252.0018446
6314	251.9878055
6315	251.9516731
6316	251.9304096
6317	251.8923229
6318	251.8613105
6319	251.8399211
6320	251.8161295
6321	251.7880718
6322	251.763307
6323	251.7401802
6324	251.7068156
6325	251.683134
6326	251.6636071
6327	251.624818
6328	251.5935508
6329	251.5627141
6330	251.5207331
6331	251.4911857
6332	251.4483788
6333	251.3824442
6334	251.3664554
6335	251.3318676
6336	251.3120558
6337	251.2924989
6338	251.2574465
6339	251.2291098
6340	251.1785524
6341	251.1549575
6342	251.1141625
6343	251.0676933
6344	251.0481621
6345	251.0248953
6346	251.0092172
6347	250.9702175
6348	250.9569883
6349	250.9442979
6350	250.8929225
6351	250.8546819
6352	250.8291061
6353	250.8012229
6354	250.7598096
6355	250.7453966
6356	250.7041845
6357	250.6662571
6358	250.6298218
6359	250.5860142
6360	250.5479867
6361	250.5126794
6362	250.4860507
6363	250.4550446
6364	250.4255301
6365	250.4081943
6366	250.3618825
6367	250.3218675
6368	250.3045794
6369	250.2727816
6370	250.2516984
6371	250.2371809
6372	250.2037567
6373	250.1393505
6374	250.1144298
6375	250.0763007
6376	250.0553669
6377	250.0180437
6378	249.9838803
6379	249.9452674
6380	249.9177587
6381	249.8681739
6382	249.8419076
6383	249.8134399
6384	249.7872328
6385	249.7623092
6386	249.7348026
6387	249.7184592
6388	249.7005979
6389	249.6732421
6390	249.6341812
6391	249.6059891
6392	249.5900335
6393	249.5542607
6394	249.5145984
6395	249.4891684
6396	249.4623773
6397	249.4435679
6398	249.4055932
6399	249.3922533
6400	249.3602139
6401	249.3247343
6402	249.3043791
6403	249.2697483
6404	249.2494118
6405	249.2268411
6406	249.1971808
6407	249.1660789
6408	249.1323373
6409	249.1071391
6410	249.0848984
6411	249.050133
6412	249.0346731
6413	248.9946665
6414	248.9686282
6415	248.9478742
6416	248.9159401
6417	248.8883181
6418	248.862578
6419	248.8421405
6420	248.8152658
6421	248.7970453
6422	248.750376
6423	248.7198752
6424	248.6826925
6425	248.6480688
6426	248.6153012
6427	248.5989522
6428	248.5416335
6429	248.5134035
6430	248.4987435
6431	248.4796389
6432	248.4482503
6433	248.419169
6434	248.3931173
6435	248.3585161
6436	248.3434426
6437	248.3133391
6438	248.2938896
6439	248.256068
6440	248.2168531
6441	248.1993487
6442	248.1812437
6443	248.1677168
6444	248.1368572
6445	248.1105434
6446	248.0791731
6447	248.0535258
6448	248.0171097
6449	247.9853256
6450	247.9369826
6451	247.9111571
6452	247.8977368
6453	247.8831476
6454	247.8481098
6455	247.8254274
6456	247.7838883
6457	247.766865
6458	247.7337732
6459	247.7059212
6460	247.6838387
6461	247.6581588
6462	247.632544
6463	247.5938267
6464	247.5639069
6465	247.5157863
6466	247.479796
6467	247.4554516
6468	247.4190098
6469	247.3970254
6470	247.3613398
6471	247.3279814
6472	247.295935
6473	247.2552161
6474	247.2200848
6475	247.1822611
6476	247.1396865
6477	247.1125426
6478	247.0817632
6479	247.0469405
6480	247.0130597
6481	246.9932876
6482	246.9737442
6483	246.9474575
6484	246.9327053
6485	246.8972394
6486	246.8622108
6487	246.83977
6488	246.8144221
6489	246.7833798
6490	246.755501
6491	246.7326976
6492	246.7046883
6493	246.6760094
6494	246.6429164
6495	246.6089118
6496	246.5833955
6497	246.5475768
6498	246.5065791
6499	246.4772373
6500	246.4462356
6501	246.4362568
6502	246.4153364
6503	246.3886997
6504	246.3788505
6505	246.3380414
6506	246.3173964
6507	246.2843928
6508	246.268103
6509	246.2332373
6510	246.2090588
6511	246.1875165
6512	246.1455785
6513	246.1132791
6514	246.0956219
6515	246.0618789
6516	246.0271825
6517	245.9864085
6518	245.9594345
6519	245.9186369
6520	245.8915902
6521	245.8731494
6522	245.8412101
6523	245.8000181
6524	245.7809527
6525	245.7445379
6526	245.7294745
6527	245.7005661
6528	245.6794936
6529	245.6517134
6530	245.6269963
6531	245.5965089
6532	245.5485625
6533	245.5306164
6534	245.511108
6535	245.4809367
6536	245.4397529
6537	245.4039765
6538	245.3797891
6539	245.3475753
6540	245.3257547
6541	245.3007637
6542	245.2659835
6543	245.2340899
6544	245.2104298
6545	245.1721433
6546	245.1314084
6547	245.0859422
6548	245.0642715
6549	245.0330544
6550	244.9954929
6551	244.9576912
6552	244.934754
6553	244.9155998
6554	244.8917701
6555	244.8678139
6556	244.8457389
6557	244.8205911
6558	244.7906905
6559	244.7628877
6560	244.7203824
6561	244.6984086
6562	244.6691448
6563	244.6311135
6564	244.5997014
6565	244.5675357
6566	244.5165517
6567	244.4991288
6568	244.4638915
6569	244.4378216
6570	244.4222236
6571	244.3917823
6572	244.3628097
6573	244.3440692
6574	244.3230308
6575	244.2915077
6576	244.2488313
6577	244.224811
6578	244.2045851
6579	244.1662044
6580	244.1442787
6581	244.1065657
6582	244.0511961
6583	244.0219414
6584	243.9953037
6585	243.9642722
6586	243.9487298
6587	243.9281879
6588	243.9125963
6589	243.8824796
6590	243.8620374
6591	243.8370829
6592	243.8061508
6593	243.7654145
6594	243.7440036
6595	243.6996798
6596	243.667248
6597	243.6441333
6598	243.6313154
6599	243.5964575
6600	243.5635183
6601	243.5432972
6602	243.5150004
6603	243.4888425
6604	243.4545959
6605	243.4268379
6606	243.3926347
6607	243.3752039
6608	243.3587585
6609	243.3432212
6610	243.2979442
6611	243.2504147
6612	243.2289155
6613	243.2169524
6614	243.1602441
6615	243.1328601
6616	243.112352
6617	243.0720301
6618	243.0425396
6619	242.9945606
6620	242.9429602
6621	242.9080776
6622	242.8746076
6623	242.8429637
6624	242.814312
6625	242.7890284
6626	242.7637063
6627	242.720317
6628	242.6947216
6629	242.6705197
6630	242.6251002
6631	242.5957374
6632	242.5655634
6633	242.5322588
6634	242.5038214
6635	242.487995
6636	242.4615867
6637	242.4255634
6638	242.4075749
6639	242.3718644
6640	242.3440246
6641	242.3226397
6642	242.2706636
6643	242.2379219
6644	242.2219436
6645	242.1940778
6646	242.165871
6647	242.1446102
6648	242.0917981
6649	242.0570442
6650	242.0285107
6651	241.9962239
6652	241.9681575
6653	241.9497412
6654	241.9229014
6655	241.8924564
6656	241.8569056
6657	241.8396275
6658	241.8209249
6659	241.7924494
6660	241.7629958
6661	241.7500253
6662	241.7272967
6663	241.7005578
6664	241.685439
6665	241.6560173
6666	241.6232698
6667	241.5874318
6668	241.5653023
6669	241.5408866
6670	241.5058461
6671	241.4874644
6672	241.4531744
6673	241.4203061
6674	241.3927858
6675	241.3617257
6676	241.3377775
6677	241.3204747
6678	241.2906853
6679	241.2676149
6680	241.2357889
6681	241.2057592
6682	241.1856756
6683	241.160959
6684	241.1241461
6685	241.0781388
6686	241.0389191
6687	241.0091414
6688	240.9844699
6689	240.9437819
6690	240.9221003
6691	240.9012759
6692	240.8682858
6693	240.8408393
6694	240.8015107
6695	240.7625046
6696	240.7367847
6697	240.7043741
6698	240.6857568
6699	240.6525967
6700	240.6232508
6701	240.5688052
6702	240.5446796
6703	240.5287584
6704	240.4951923
6705	240.4679447
6706	240.4444918
6707	240.4273173
6708	240.3932989
6709	240.3736446
6710	240.3188028
6711	240.3020755
6712	240.2702648
6713	240.2426329
6714	240.2104538
6715	240.1607938
6716	240.1291726
6717	240.0852976
6718	240.068672
6719	240.0471573
6720	240.0216147
6721	239.9811011
6722	239.9659496
6723	239.935702
6724	239.9042796
6725	239.8600707
6726	239.8396505
6727	239.8075929
6728	239.7753187
6729	239.7470163
6730	239.7055475
6731	239.6691417
6732	239.6408815
6733	239.6180845
6734	239.5726123
6735	239.5396996
6736	239.5071212
6737	239.4860245
6738	239.4602116
6739	239.4236648
6740	239.3876567
6741	239.3564276
6742	239.3256847
6743	239.2751252
6744	239.2538189
6745	239.2251391
6746	239.2015408
6747	239.168781
6748	239.1508775
6749	239.1125282
6750	239.0935357
6751	239.0636661
6752	239.035359
6753	239.0175524
6754	238.9965359
6755	238.9693509
6756	238.9423905
6757	238.9204333
6758	238.8940882
6759	238.8667214
6760	238.8539584
6761	238.8317024
6762	238.8132949
6763	238.7843766
6764	238.7604576
6765	238.7321092
6766	238.709249
6767	238.6609336
6768	238.6447578
6769	238.6092016
6770	238.5893504
6771	238.5503726
6772	238.5243656
6773	238.4909385
6774	238.4649195
6775	238.449013
6776	238.4248927
6777	238.3936384
6778	238.3579011
6779	238.3418647
6780	238.3080868
6781	238.2943826
6782	238.2632684
6783	238.2463675
6784	238.2327225
6785	238.1974653
6786	238.1674336
6787	238.1352872
6788	238.1130739
6789	238.0841867
6790	238.0507081
6791	238.0326132
6792	237.9999425
6793	237.974714
6794	237.9529113
6795	237.9259
6796	237.8936593
6797	237.8618467
6798	237.8343506
6799	237.8174316
6800	237.7986503
6801	237.7704495
6802	237.7441662
6803	237.7313323
6804	237.6865829
6805	237.6670524
6806	237.6398412
6807	237.6111634
6808	237.585947
6809	237.5522494
6810	237.5147122
6811	237.4702794
6812	237.4423723
6813	237.4137673
6814	237.3816503
6815	237.3526701
6816	237.3196524
6817	237.2943899
6818	237.2697842
6819	237.2139989
6820	237.1875527
6821	237.173867
6822	237.1295752
6823	237.1050222
6824	237.0907509
6825	237.0523906
6826	237.015517
6827	236.9878839
6828	236.9598167
6829	236.9370592
6830	236.9132809
6831	236.8954515
6832	236.8824022
6833	236.8665589
6834	236.8414614
6835	236.8170737
6836	236.7863752
6837	236.7394546
6838	236.7017173
6839	236.686434
6840	236.6557454
6841	236.6290847
6842	236.6032596
6843	236.57482
6844	236.5567767
6845	236.5386183
6846	236.5054472
6847	236.4694297
6848	236.4539132
6849	236.4400538
6850	236.4231981
6851	236.3994415
6852	236.3736326
6853	236.3483842
6854	236.3164182
6855	236.2728432
6856	236.2512017
6857	236.2387178
6858	236.1957704
6859	236.1712281
6860	236.1582541
6861	236.1191534
6862	236.0916724
6863	236.0339232
6864	236.0009709
6865	235.9673586
6866	235.9304699
6867	235.8986086
6868	235.8628956
6869	235.8437702
6870	235.8130808
6871	235.7856944
6872	235.764966
6873	235.7527473
6874	235.7161434
6875	235.6874146
6876	235.642068
6877	235.6148705
6878	235.5831575
6879	235.5675883
6880	235.5248059
6881	235.4795842
6882	235.4414343
6883	235.4068028
6884	235.3618342
6885	235.3392572
6886	235.3163485
6887	235.2769936
6888	235.2508044
6889	235.2138883
6890	235.1834194
6891	235.1522832
6892	235.1250814
6893	235.1056648
6894	235.0850327
6895	235.0484662
6896	235.0162375
6897	234.9947998
6898	234.9311075
6899	234.8766254
6900	234.8277524
6901	234.7945751
6902	234.7641483
6903	234.7473613
6904	234.727723
6905	234.712921
6906	234.6817624
6907	234.6544361
6908	234.6122844
6909	234.5791294
6910	234.5620911
6911	234.5388693
6912	234.5106629
6913	234.4773171
6914	234.4529949
6915	234.4187163
6916	234.3766978
6917	234.3499719
6918	234.3300001
6919	234.3048415
6920	234.2873098
6921	234.2668688
6922	234.2074657
6923	234.19736
6924	234.1784987
6925	234.1327095
6926	234.1088928
6927	234.0716258
6928	234.041291
6929	234.0007999
6930	233.9667994
6931	233.9415501
6932	233.914877
6933	233.8915963
6934	233.8641238
6935	233.8486213
6936	233.8192827
6937	233.7834722
6938	233.7514976
6939	233.7265239
6940	233.6901143
6941	233.6709276
6942	233.6210844
6943	233.595985
6944	233.5572588
6945	233.5221947
6946	233.495503
6947	233.4710763
6948	233.4344115
6949	233.3887352
6950	233.3607469
6951	233.3280756
6952	233.3024787
6953	233.284133
6954	233.2662037
6955	233.2527499
6956	233.210066
6957	233.1790942
6958	233.1538225
6959	233.1309938
6960	233.1080214
6961	233.0969111
6962	233.0558985
6963	233.0247188
6964	233.0012435
6965	232.9670817
6966	232.946611
6967	232.9211606
6968	232.9055214
6969	232.870079
6970	232.8444597
6971	232.814128
6972	232.7865404
6973	232.7567277
6974	232.7318526
6975	232.7013856
6976	232.673259
6977	232.6454293
6978	232.6224146
6979	232.6027702
6980	232.5890439
6981	232.5596104
6982	232.5253385
6983	232.5050178
6984	232.4789164
6985	232.4610181
6986	232.4349153
6987	232.377672
6988	232.3556994
6989	232.3237654
6990	232.3014551
6991	232.2807345
6992	232.2453063
6993	232.2141923
6994	232.187244
6995	232.1546018
6996	232.1326641
6997	232.10488
6998	232.0746188
6999	232.0505346
7000	232.028368
7001	232.0082142
7002	231.9664495
7003	231.9478092
7004	231.9207519
7005	231.8895444
7006	231.8539964
7007	231.8216065
7008	231.8122538
7009	231.7811644
7010	231.7495508
7011	231.7032647
7012	231.6447249
7013	231.6232046
7014	231.6046315
7015	231.5822328
7016	231.55397
7017	231.5327117
7018	231.4958196
7019	231.4567242
7020	231.4146913
7021	231.3747461
7022	231.3256892
7023	231.2793892
7024	231.2416713
7025	231.2046869
7026	231.1795939
7027	231.1586401
7028	231.1450103
7029	231.1197368
7030	231.0809617
7031	231.0416025
7032	231.0202731
7033	230.9938492
7034	230.9757568
7035	230.9334846
7036	230.8996969
7037	230.8609083
7038	230.8443038
7039	230.8272821
7040	230.7962075
7041	230.7824737
7042	230.7464082
7043	230.7182922
7044	230.698433
7045	230.6783206
7046	230.6568107
7047	230.6315814
7048	230.595005
7049	230.5700757
7050	230.5390713
7051	230.5179782
7052	230.4876333
7053	230.4568141
7054	230.4429498
7055	230.4233514
7056	230.3874182
7057	230.3665027
7058	230.3399812
7059	230.3086726
7060	230.2759971
7061	230.2567326
7062	230.2312219
7063	230.2084807
7064	230.179035
7065	230.1217467
7066	230.1004105
7067	230.0716806
7068	230.0564295
7069	230.0265171
7070	230.0081231
7071	229.9662407
7072	229.9430588
7073	229.9170796
7074	229.8920761
7075	229.8722213
7076	229.8389403
7077	229.8255545
7078	229.793031
7079	229.7754611
7080	229.7485253
7081	229.7089591
7082	229.6797078
7083	229.6559131
7084	229.6264961
7085	229.6101915
7086	229.5785826
7087	229.540825
7088	229.5195497
7089	229.4676615
7090	229.4265031
7091	229.3977775
7092	229.3686932
7093	229.3457247
7094	229.3284584
7095	229.3117241
7096	229.2853309
7097	229.2605948
7098	229.2301347
7099	229.1933663
7100	229.1556896
7101	229.127617
7102	229.0986081
7103	229.079681
7104	229.051878
7105	229.0254354
7106	229.0008951
7107	228.9785633
7108	228.9531744
7109	228.9355181
7110	228.9018786
7111	228.877468
7112	228.8585971
7113	228.8440235
7114	228.829018
7115	228.8018334
7116	228.7743878
7117	228.7552893
7118	228.7168401
7119	228.6817003
7120	228.6631645
7121	228.6363808
7122	228.6092454
7123	228.5875563
7124	228.5617687
7125	228.5331014
7126	228.5120021
7127	228.4771431
7128	228.4499884
7129	228.4306306
7130	228.4168131
7131	228.3879182
7132	228.3633797
7133	228.3393766
7134	228.3194966
7135	228.2918426
7136	228.2721983
7137	228.2502383
7138	228.2094103
7139	228.1983194
7140	228.183907
7141	228.1496334
7142	228.1163532
7143	228.0948538
7144	228.0677588
7145	228.0365169
7146	228.0199444
7147	227.9876085
7148	227.9607988
7149	227.9146296
7150	227.8692958
7151	227.8429457
7152	227.8145052
7153	227.7789538
7154	227.7520858
7155	227.7351281
7156	227.6951068
7157	227.6553909
7158	227.6131407
7159	227.5823602
7160	227.5262914
7161	227.5035308
7162	227.4810079
7163	227.4586195
7164	227.4261158
7165	227.3999246
7166	227.3645319
7167	227.3532841
7168	227.3406454
7169	227.3254727
7170	227.2963165
7171	227.2842069
7172	227.2550312
7173	227.226987
7174	227.2116796
7175	227.1910817
7176	227.1658059
7177	227.1407529
7178	227.1232322
7179	227.0932128
7180	227.0707571
7181	227.0385619
7182	227.0139581
7183	226.9886981
7184	226.9576469
7185	226.9221598
7186	226.90462
7187	226.8535182
7188	226.8431219
7189	226.8222176
7190	226.8062001
7191	226.7909984
7192	226.7591995
7193	226.7439546
7194	226.7199323
7195	226.7025362
7196	226.6620478
7197	226.6413381
7198	226.6073377
7199	226.5939827
7200	226.5700011
7201	226.5327534
7202	226.4927414
7203	226.4678424
7204	226.4476505
7205	226.4200299
7206	226.3982203
7207	226.3708827
7208	226.3446613
7209	226.326569
7210	226.3066564
7211	226.2852994
7212	226.2699621
7213	226.2570695
7214	226.2404609
7215	226.2097746
7216	226.1766345
7217	226.1317671
7218	226.1163002
7219	226.1007261
7220	226.0635327
7221	226.0485467
7222	226.0238002
7223	225.9935622
7224	225.9488012
7225	225.9338628
7226	225.9062222
7227	225.8715974
7228	225.8420321
7229	225.8126313
7230	225.7758184
7231	225.7553253
7232	225.7401285
7233	225.7119708
7234	225.6846161
7235	225.6628486
7236	225.6349988
7237	225.6092426
7238	225.5686919
7239	225.5484089
7240	225.5259114
7241	225.4917046
7242	225.4687527
7243	225.4474762
7244	225.4285187
7245	225.4058751
7246	225.3786563
7247	225.3623562
7248	225.3446756
7249	225.3187115
7250	225.2878457
7251	225.2625155
7252	225.231153
7253	225.2023131
7254	225.1588848
7255	225.136374
7256	225.0929792
7257	225.0495188
7258	225.0209535
7259	224.99604
7260	224.9816883
7261	224.9583629
7262	224.9204713
7263	224.8889285
7264	224.8695514
7265	224.8450178
7266	224.8203086
7267	224.8077034
7268	224.7860921
7269	224.7518476
7270	224.7210561
7271	224.7005161
7272	224.6691296
7273	224.6418228
7274	224.6133775
7275	224.5962728
7276	224.5771216
7277	224.5502566
7278	224.5265025
7279	224.5087271
7280	224.4941402
7281	224.4702221
7282	224.4480596
7283	224.426994
7284	224.3982663
7285	224.3784343
7286	224.3584881
7287	224.3432389
7288	224.3130572
7289	224.2896974
7290	224.2648146
7291	224.2354275
7292	224.2203305
7293	224.1863881
7294	224.1656846
7295	224.1463427
7296	224.1201319
7297	224.0843921
7298	224.052653
7299	224.0177425
7300	223.9964885
7301	223.9667708
7302	223.9354758
7303	223.89382
7304	223.8668841
7305	223.8479864
7306	223.817947
7307	223.8005524
7308	223.7746594
7309	223.7545506
7310	223.728983
7311	223.7021279
7312	223.6639099
7313	223.6369677
7314	223.6206056
7315	223.5952925
7316	223.5726794
7317	223.5584265
7318	223.5363968
7319	223.5133226
7320	223.5032183
7321	223.4793495
7322	223.4575812
7323	223.4068922
7324	223.3868475
7325	223.3424776
7326	223.3316934
7327	223.2973479
7328	223.2636993
7329	223.2267191
7330	223.2132088
7331	223.1855945
7332	223.1637202
7333	223.1463294
7334	223.1188371
7335	223.108025
7336	223.0841227
7337	223.0494723
7338	223.0211896
7339	222.9904514
7340	222.9565618
7341	222.9296771
7342	222.9003831
7343	222.8786193
7344	222.8520699
7345	222.8213882
7346	222.806118
7347	222.7773524
7348	222.7561177
7349	222.7366398
7350	222.6976583
7351	222.6676969
7352	222.654751
7353	222.6177338
7354	222.6022148
7355	222.574969
7356	222.5514967
7357	222.526562
7358	222.5116607
7359	222.5052472
7360	222.4845506
7361	222.4637105
7362	222.4394032
7363	222.4191535
7364	222.3921499
7365	222.3715044
7366	222.3436834
7367	222.3103293
7368	222.2954303
7369	222.261385
7370	222.2315342
7371	222.2034596
7372	222.1672895
7373	222.1574171
7374	222.13089
7375	222.1058694
7376	222.0724179
7377	222.0453849
7378	222.0131163
7379	221.9868552
7380	221.9660486
7381	221.9467911
7382	221.9277836
7383	221.9112181
7384	221.8901732
7385	221.8652797
7386	221.8387143
7387	221.8069294
7388	221.7829331
7389	221.7642091
7390	221.7491681
7391	221.7151491
7392	221.6816689
7393	221.6545324
7394	221.6280293
7395	221.6180676
7396	221.5905572
7397	221.5681051
7398	221.5287694
7399	221.4947459
7400	221.4614603
7401	221.4458157
7402	221.422558
7403	221.4017745
7404	221.3569604
7405	221.3322478
7406	221.3134318
7407	221.29118
7408	221.2672445
7409	221.2568032
7410	221.2202327
7411	221.1899516
7412	221.1565076
7413	221.1295316
7414	221.1057628
7415	221.0878448
7416	221.0559543
7417	221.0233969
7418	220.9754892
7419	220.9367297
7420	220.906078
7421	220.8813132
7422	220.8547089
7423	220.8411949
7424	220.8158834
7425	220.7901606
7426	220.7656497
7427	220.7368365
7428	220.7061027
7429	220.6754178
7430	220.639336
7431	220.605049
7432	220.5816389
7433	220.5700144
7434	220.5181142
7435	220.4935209
7436	220.4702648
7437	220.4532442
7438	220.4230075
7439	220.3780731
7440	220.3539992
7441	220.339224
7442	220.3057835
7443	220.2706413
7444	220.2364203
7445	220.1993604
7446	220.1741274
7447	220.1461205
7448	220.1262506
7449	220.1091484
7450	220.0761736
7451	220.0445994
7452	220.0303871
7453	220.0116258
7454	219.9843892
7455	219.9670803
7456	219.9443462
7457	219.9228008
7458	219.909454
7459	219.8846825
7460	219.86898
7461	219.8428508
7462	219.8210088
7463	219.7761276
7464	219.754982
7465	219.7208922
7466	219.7114098
7467	219.6745063
7468	219.6450937
7469	219.6240539
7470	219.6019712
7471	219.5791672
7472	219.5572119
7473	219.5265499
7474	219.5108207
7475	219.4899576
7476	219.4700361
7477	219.4443186
7478	219.4208869
7479	219.3968122
7480	219.3689615
7481	219.335094
7482	219.2906287
7483	219.2717685
7484	219.2586791
7485	219.2294169
7486	219.2115558
7487	219.1920849
7488	219.1825305
7489	219.1675331
7490	219.1409542
7491	219.1136713
7492	219.0889375
7493	219.0755157
7494	219.0295335
7495	219.0085466
7496	218.9883928
7497	218.9741892
7498	218.9445536
7499	218.9128785
7500	218.8779553
7501	218.8444926
7502	218.8082609
7503	218.7800767
7504	218.7574743
7505	218.7399631
7506	218.7156528
7507	218.6940453
7508	218.6377039
7509	218.60701
7510	218.5908816
7511	218.5714978
7512	218.5441005
7513	218.5218258
7514	218.5046116
7515	218.4602451
7516	218.4303725
7517	218.4098774
7518	218.3930711
7519	218.3824399
7520	218.3651421
7521	218.3474903
7522	218.3161913
7523	218.2838738
7524	218.2722439
7525	218.259656
7526	218.2343627
7527	218.2041921
7528	218.1861723
7529	218.1627961
7530	218.147698
7531	218.1307212
7532	218.1140703
7533	218.0790202
7534	218.0608243
7535	218.0456843
7536	218.018867
7537	217.9843125
7538	217.9658144
7539	217.9565557
7540	217.9394977
7541	217.9123209
7542	217.8914621
7543	217.8730254
7544	217.8527045
7545	217.8329095
7546	217.8009561
7547	217.7720291
7548	217.7420541
7549	217.7264569
7550	217.6814783
7551	217.6438262
7552	217.6281205
7553	217.5919019
7554	217.5634362
7555	217.5478386
7556	217.5066974
7557	217.4814112
7558	217.457083
7559	217.4356528
7560	217.4193522
7561	217.3992044
7562	217.3780752
7563	217.3664991
7564	217.3419755
7565	217.3157471
7566	217.2921938
7567	217.2653028
7568	217.2389784
7569	217.2123205
7570	217.1529701
7571	217.1403009
7572	217.1110382
7573	217.091307
7574	217.0716943
7575	217.0398499
7576	217.0085983
7577	216.9830217
7578	216.9717042
7579	216.9613927
7580	216.9220743
7581	216.9048381
7582	216.8798391
7583	216.8550905
7584	216.8252378
7585	216.8029588
7586	216.7798648
7587	216.764235
7588	216.7375485
7589	216.7044769
7590	216.6869899
7591	216.6623066
7592	216.6353521
7593	216.6000057
7594	216.5817386
7595	216.5532295
7596	216.5310111
7597	216.5131608
7598	216.4854802
7599	216.4741356
7600	216.4544935
7601	216.4264272
7602	216.3892525
7603	216.3602418
7604	216.3461649
7605	216.3309132
7606	216.3018232
7607	216.2815865
7608	216.2536045
7609	216.2221217
7610	216.1993738
7611	216.1657115
7612	216.1421431
7613	216.1071784
7614	216.0750956
7615	216.0700304
7616	216.0478451
7617	216.0258658
7618	216.0035626
7619	215.992222
7620	215.9727252
7621	215.9393374
7622	215.9070473
7623	215.8851785
7624	215.8524017
7625	215.8300695
7626	215.8045646
7627	215.7741164
7628	215.7648495
7629	215.751509
7630	215.7170301
7631	215.6793385
7632	215.6553636
7633	215.6378355
7634	215.6165781
7635	215.5912954
7636	215.5690793
7637	215.5394996
7638	215.4937251
7639	215.4667183
7640	215.4490736
7641	215.4144982
7642	215.3961082
7643	215.3607658
7644	215.304901
7645	215.2840639
7646	215.2399739
7647	215.2057847
7648	215.1807029
7649	215.1637466
7650	215.1424419
7651	215.1326377
7652	215.1100402
7653	215.0867308
7654	215.0589019
7655	215.0350259
7656	215.0147939
7657	214.9912229
7658	214.9713235
7659	214.956357
7660	214.9186879
7661	214.88809
7662	214.8721371
7663	214.8518721
7664	214.8298316
7665	214.812443
7666	214.7767407
7667	214.7546802
7668	214.7165865
7669	214.690704
7670	214.6615737
7671	214.626014
7672	214.6155223
7673	214.5911271
7674	214.5605721
7675	214.5379264
7676	214.5108203
7677	214.4936992
7678	214.4640279
7679	214.4300709
7680	214.4066031
7681	214.3856188
7682	214.3627479
7683	214.3468668
7684	214.3212387
7685	214.271719
7686	214.2515855
7687	214.2358855
7688	214.2202757
7689	214.1877214
7690	214.1615382
7691	214.1465864
7692	214.1275205
7693	214.1028401
7694	214.0779589
7695	214.0446935
7696	214.0144684
7697	213.9933223
7698	213.9691434
7699	213.9411032
7700	213.9144696
7701	213.8936782
7702	213.8777356
7703	213.8452854
7704	213.8228321
7705	213.8079344
7706	213.7716168
7707	213.7340277
7708	213.7159454
7709	213.684614
7710	213.6709755
7711	213.6474243
7712	213.6273111
7713	213.6142259
7714	213.5921016
7715	213.5732112
7716	213.55658
7717	213.5324953
7718	213.5156567
7719	213.4989158
7720	213.4528392
7721	213.4283103
7722	213.3862749
7723	213.3472859
7724	213.3282387
7725	213.3043045
7726	213.2780186
7727	213.2564618
7728	213.2080961
7729	213.1752442
7730	213.1364287
7731	213.1108652
7732	213.0803712
7733	213.0501954
7734	213.0303716
7735	213.0066656
7736	212.9856597
7737	212.9675337
7738	212.9420863
7739	212.926931
7740	212.8959188
7741	212.8835395
7742	212.8608072
7743	212.8187188
7744	212.8057454
7745	212.7789571
7746	212.7509268
7747	212.7259245
7748	212.6957084
7749	212.6667204
7750	212.6327925
7751	212.6188395
7752	212.6060022
7753	212.5864934
7754	212.5649291
7755	212.5468802
7756	212.522896
7757	212.5031
7758	212.4794203
7759	212.4510356
7760	212.422848
7761	212.3942786
7762	212.3552207
7763	212.3311018
7764	212.3177476
7765	212.2991943
7766	212.2904079
7767	212.2687492
7768	212.2464971
7769	212.2237637
7770	212.1885248
7771	212.163519
7772	212.150176
7773	212.1375816
7774	212.1100107
7775	212.06377
7776	212.0485137
7777	212.0286552
7778	212.0150541
7779	211.9930106
7780	211.9526248
7781	211.9284294
7782	211.9095349
7783	211.8894333
7784	211.856183
7785	211.8461519
7786	211.8125179
7787	211.7915636
7788	211.7630178
7789	211.7432739
7790	211.731391
7791	211.7116061
7792	211.6862295
7793	211.6603598
7794	211.62157
7795	211.609146
7796	211.59193
7797	211.5640779
7798	211.5443146
7799	211.5292689
7800	211.5121915
7801	211.4950579
7802	211.4696842
7803	211.4557198
7804	211.4311544
7805	211.4096449
7806	211.3968031
7807	211.3733072
7808	211.3422921
7809	211.325889
7810	211.3082943
7811	211.2926205
7812	211.2651463
7813	211.2440693
7814	211.229983
7815	211.2121802
7816	211.1914322
7817	211.183883
7818	211.1644186
7819	211.1365445
7820	211.1068332
7821	211.0829796
7822	211.0522864
7823	211.0219688
7824	211.0017011
7825	210.9803802
7826	210.9669826
7827	210.9384455
7828	210.9230017
7829	210.8902975
7830	210.8525274
7831	210.8303451
7832	210.8103205
7833	210.7995393
7834	210.7603931
7835	210.7444081
7836	210.7297103
7837	210.7098462
7838	210.6955347
7839	210.6661961
7840	210.6447386
7841	210.6206884
7842	210.6066108
7843	210.5845229
7844	210.5691218
7845	210.5483826
7846	210.5225136
7847	210.5052666
7848	210.4862538
7849	210.4706111
7850	210.4359109
7851	210.418172
7852	210.3995802
7853	210.382471
7854	210.3527297
7855	210.3281911
7856	210.2978098
7857	210.2752336
7858	210.2361453
7859	210.2013539
7860	210.1737157
7861	210.1278828
7862	210.0904746
7863	210.0678274
7864	210.0520676
7865	210.0384532
7866	210.0110256
7867	209.9844985
7868	209.952757
7869	209.9325279
7870	209.9035089
7871	209.8793428
7872	209.859874
7873	209.8331786
7874	209.808038
7875	209.7933657
7876	209.7670134
7877	209.7357618
7878	209.7251926
7879	209.711333
7880	209.6993342
7881	209.6734649
7882	209.6534626
7883	209.64168
7884	209.635767
7885	209.6096851
7886	209.5766812
7887	209.5574841
7888	209.5403329
7889	209.5007519
7890	209.488191
7891	209.4732553
7892	209.4542572
7893	209.4363791
7894	209.4215845
7895	209.40012
7896	209.3790839
7897	209.3478387
7898	209.3260546
7899	209.2863229
7900	209.2568692
7901	209.2348922
7902	209.2196907
7903	209.2006763
7904	209.1759967
7905	209.1428601
7906	209.1231283
7907	209.1107417
7908	209.095504
7909	209.0584205
7910	209.0268171
7911	209.0085315
7912	208.9925739
7913	208.967531
7914	208.9445101
7915	208.9257692
7916	208.899504
7917	208.8806092
7918	208.8561472
7919	208.828165
7920	208.8079465
7921	208.7914633
7922	208.7678445
7923	208.7388824
7924	208.7223812
7925	208.7016583
7926	208.6729008
7927	208.6559352
7928	208.6251266
7929	208.5890063
7930	208.5644877
7931	208.5377416
7932	208.5228047
7933	208.5003359
7934	208.4747435
7935	208.4523382
7936	208.4295046
7937	208.3992624
7938	208.375321
7939	208.3494256
7940	208.3269217
7941	208.3132059
7942	208.2852404
7943	208.2702727
7944	208.2388905
7945	208.2135156
7946	208.1931896
7947	208.1600924
7948	208.1149481
7949	208.0901413
7950	208.0713521
7951	208.059897
7952	208.0428251
7953	208.0051788
7954	207.9769732
7955	207.955903
7956	207.9233695
7957	207.8974991
7958	207.8786607
7959	207.8594898
7960	207.8454322
7961	207.816726
7962	207.7852329
7963	207.7711775
7964	207.7536876
7965	207.725829
7966	207.7041046
7967	207.6838452
7968	207.6506004
7969	207.6359968
7970	207.6167169
7971	207.5897646
7972	207.5701386
7973	207.533873
7974	207.5003024
7975	207.4710348
7976	207.453838
7977	207.4344235
7978	207.4031432
7979	207.3844113
7980	207.3630465
7981	207.3426135
7982	207.3316462
7983	207.3037967
7984	207.2798256
7985	207.2637885
7986	207.2467241
7987	207.2310751
7988	207.2170932
7989	207.1787703
7990	207.1592109
7991	207.142944
7992	207.1196515
7993	207.0977271
7994	207.0800412
7995	207.057638
7996	207.0425756
7997	207.0333583
7998	207.0250103
7999	207.0060825
8000	206.9867762
8001	206.9721394
8002	206.9450591
8003	206.9204528
8004	206.8968573
8005	206.8652595
8006	206.8357813
8007	206.8191416
8008	206.8029478
8009	206.7751163
8010	206.7595788
8011	206.7461933
8012	206.7330155
8013	206.712304
8014	206.6835512
8015	206.6606743
8016	206.630531
8017	206.6058267
8018	206.5952701
8019	206.5731925
8020	206.5459232
8021	206.5185371
8022	206.4796348
8023	206.4685256
8024	206.4511558
8025	206.4147304
8026	206.384272
8027	206.3601301
8028	206.3294415
8029	206.3078598
8030	206.2667845
8031	206.2556096
8032	206.2276173
8033	206.2062878
8034	206.1739638
8035	206.1524905
8036	206.1282985
8037	206.1060514
8038	206.077721
8039	206.0515224
8040	206.0215853
8041	205.9886193
8042	205.9806727
8043	205.9561174
8044	205.9224465
8045	205.8933292
8046	205.8603575
8047	205.8410876
8048	205.8137302
8049	205.7954478
8050	205.7781812
8051	205.7558409
8052	205.7401965
8053	205.6954911
8054	205.6665661
8055	205.634798
8056	205.615316
8057	205.5960789
8058	205.5793022
8059	205.5538961
8060	205.5360305
8061	205.5189539
8062	205.4933647
8063	205.4665383
8064	205.4540737
8065	205.4229869
8066	205.4018416
8067	205.3847669
8068	205.3634841
8069	205.3413022
8070	205.3243471
8071	205.3073345
8072	205.293792
8073	205.2791283
8074	205.2526463
8075	205.2285613
8076	205.1915809
8077	205.1668822
8078	205.1458816
8079	205.1083866
8080	205.0886909
8081	205.071714
8082	205.0423898
8083	205.023077
8084	204.9972117
8085	204.9698912
8086	204.9387233
8087	204.9261572
8088	204.8908722
8089	204.8567264
8090	204.8288241
8091	204.8093807
8092	204.7734635
8093	204.7469526
8094	204.7194388
8095	204.7042261
8096	204.6899979
8097	204.6620215
8098	204.6517643
8099	204.6344675
8100	204.6172122
8101	204.592908
8102	204.5793994
8103	204.5487031
8104	204.5148571
8105	204.4909987
8106	204.4718174
8107	204.4344125
8108	204.4052111
8109	204.3930527
8110	204.3670396
8111	204.3510639
8112	204.3134066
8113	204.2971528
8114	204.2835645
8115	204.2569233
8116	204.2291398
8117	204.2072503
8118	204.1911557
8119	204.1727354
8120	204.1482349
8121	204.1191732
8122	204.0944209
8123	204.0863052
8124	204.0608443
8125	204.0399225
8126	204.0126181
8127	203.9878287
8128	203.9590705
8129	203.9458024
8130	203.9203888
8131	203.9091126
8132	203.8853044
8133	203.8699426
8134	203.8402925
8135	203.8248637
8136	203.8047561
8137	203.7633877
8138	203.7285375
8139	203.7049955
8140	203.6820126
8141	203.6496696
8142	203.6327715
8143	203.6134502
8144	203.5743836
8145	203.5607997
8146	203.5393343
8147	203.5055225
8148	203.4755702
8149	203.4555969
8150	203.4168878
8151	203.3934264
8152	203.3672508
8153	203.3383883
8154	203.3236114
8155	203.2969867
8156	203.2833088
8157	203.2554747
8158	203.2304109
8159	203.2115591
8160	203.1873868
8161	203.1554537
8162	203.137996
8163	203.1154967
8164	203.0996521
8165	203.0762066
8166	203.0537406
8167	203.0344946
8168	202.9947883
8169	202.971406
8170	202.9283275
8171	202.9158247
8172	202.8818422
8173	202.8563483
8174	202.814274
8175	202.7809222
8176	202.7654235
8177	202.7496167
8178	202.7351148
8179	202.7132476
8180	202.6984512
8181	202.671247
8182	202.6555462
8183	202.6360599
8184	202.6134248
8185	202.5854127
8186	202.5714791
8187	202.555355
8188	202.5408554
8189	202.5198078
8190	202.4989407
8191	202.4813604
8192	202.4496388
8193	202.417888
8194	202.397892
8195	202.3660479
8196	202.3441117
8197	202.3125947
8198	202.2899936
8199	202.2632413
8200	202.2387399
8201	202.2130064
8202	202.1932667
8203	202.1782225
8204	202.1707214
8205	202.1486749
8206	202.1155147
8207	202.1019573
8208	202.0683421
8209	202.031416
8210	202.0096812
8211	201.9718403
8212	201.9456077
8213	201.9135242
8214	201.8831776
8215	201.8585918
8216	201.8471294
8217	201.8046359
8218	201.7849123
8219	201.7597962
8220	201.7371111
8221	201.709943
8222	201.6874774
8223	201.6714015
8224	201.6384936
8225	201.6119424
8226	201.5895567
8227	201.5652388
8228	201.5335453
8229	201.5132178
8230	201.4996772
8231	201.477562
8232	201.4554285
8233	201.4360756
8234	201.4194334
8235	201.3984277
8236	201.3804387
8237	201.3521428
8238	201.337187
8239	201.3132457
8240	201.2860183
8241	201.2781266
8242	201.2461395
8243	201.2225721
8244	201.1998932
8245	201.1788781
8246	201.1572987
8247	201.1453406
8248	201.1191762
8249	201.0840329
8250	201.0623164
8251	201.0337699
8252	201.0101859
8253	200.9770749
8254	200.9506007
8255	200.9298323
8256	200.919184
8257	200.8846821
8258	200.8541113
8259	200.8206286
8260	200.8072271
8261	200.7787482
8262	200.7426056
8263	200.7277646
8264	200.702587
8265	200.673211
8266	200.6601134
8267	200.6411957
8268	200.5996108
8269	200.574505
8270	200.5592188
8271	200.5351719
8272	200.5247878
8273	200.5086495
8274	200.5002427
8275	200.4908274
8276	200.4750019
8277	200.4490988
8278	200.4300476
8279	200.4079703
8280	200.3915887
8281	200.3716311
8282	200.3577849
8283	200.3477863
8284	200.3208237
8285	200.2980617
8286	200.2814559
8287	200.2587087
8288	200.2409452
8289	200.2112926
8290	200.2033736
8291	200.1840278
8292	200.1627236
8293	200.1397085
8294	200.1306226
8295	200.1042714
8296	200.0801696
8297	200.0689699
8298	200.0476315
8299	200.0233209
8300	200.0020362
8301	199.9731137
8302	199.9523061
8303	199.9141309
8304	199.8859265
8305	199.8560519
8306	199.8337334
8307	199.7954122
8308	199.7753607
8309	199.7554783
8310	199.7328201
8311	199.6883571
8312	199.6653888
8313	199.644809
8314	199.6271701
8315	199.5987311
8316	199.5826256
8317	199.5673417
8318	199.5519444
8319	199.5311519
8320	199.512616
8321	199.4887315
8322	199.4553859
8323	199.4356482
8324	199.4157754
8325	199.3712371
8326	199.3572947
8327	199.3389069
8328	199.3154697
8329	199.29417
8330	199.2821536
8331	199.2409107
8332	199.2264757
8333	199.2015751
8334	199.1793655
8335	199.1544002
8336	199.1410863
8337	199.1177814
8338	199.0980823
8339	199.0788757
8340	199.0554254
8341	199.0305072
8342	199.0146048
8343	199.0028328
8344	198.9917488
8345	198.9617612
8346	198.9438535
8347	198.9085681
8348	198.8825433
8349	198.8721769
8350	198.8549249
8351	198.8335593
8352	198.8080975
8353	198.7936646
8354	198.7776185
8355	198.752765
8356	198.7368496
8357	198.7144375
8358	198.7008578
8359	198.6772414
8360	198.6592764
8361	198.6448636
8362	198.613945
8363	198.5847022
8364	198.5680303
8365	198.5595805
8366	198.539946
8367	198.5208702
8368	198.4984328
8369	198.473048
8370	198.4583319
8371	198.4444059
8372	198.4126787
8373	198.3857036
8374	198.3712455
8375	198.3311172
8376	198.2990526
8377	198.2772651
8378	198.2437288
8379	198.2117915
8380	198.1868067
8381	198.173207
8382	198.1542596
8383	198.1282986
8384	198.0966159
8385	198.0518978
8386	198.0177593
8387	198.0012079
8388	197.9864222
8389	197.9574272
8390	197.931918
8391	197.9188075
8392	197.9027336
8393	197.8853703
8394	197.8672008
8395	197.8477659
8396	197.8255125
8397	197.8104093
8398	197.7992861
8399	197.7720973
8400	197.7513175
8401	197.7275018
8402	197.7047338
8403	197.693043
8404	197.6778811
8405	197.6688216
8406	197.6319478
8407	197.611155
8408	197.5873827
8409	197.5675753
8410	197.5433525
8411	197.5218917
8412	197.5023703
8413	197.4794807
8414	197.4583717
8415	197.4484432
8416	197.4385698
8417	197.404199
8418	197.3724103
8419	197.357678
8420	197.3369433
8421	197.3274378
8422	197.3071887
8423	197.2945529
8424	197.271365
8425	197.2628446
8426	197.2305979
8427	197.1986338
8428	197.1847646
8429	197.1653914
8430	197.1482808
8431	197.1354889
8432	197.1186545
8433	197.0680541
8434	197.0403048
8435	197.0213191
8436	196.9890703
8437	196.9645948
8438	196.9412801
8439	196.9230795
8440	196.9084018
8441	196.8832291
8442	196.8595287
8443	196.8403135
8444	196.8235912
8445	196.7901605
8446	196.760404
8447	196.7282512
8448	196.7078832
8449	196.692748
8450	196.6766563
8451	196.6568236
8452	196.6435764
8453	196.6206453
8454	196.6087928
8455	196.5919107
8456	196.5613056
8457	196.5333535
8458	196.5153786
8459	196.4913547
8460	196.4536392
8461	196.4339502
8462	196.410801
8463	196.3888549
8464	196.3695209
8465	196.3501677
8466	196.331234
8467	196.3147479
8468	196.2843145
8469	196.2591059
8470	196.2392527
8471	196.221473
8472	196.2025151
8473	196.181008
8474	196.1626292
8475	196.1313808
8476	196.113707
8477	196.0959129
8478	196.0893036
8479	196.0646404
8480	196.0443527
8481	196.0250002
8482	196.0058726
8483	195.9843995
8484	195.9530795
8485	195.910349
8486	195.8790102
8487	195.8655618
8488	195.8369797
8489	195.8182372
8490	195.8013952
8491	195.7832277
8492	195.7669139
8493	195.7516491
8494	195.7355568
8495	195.714717
8496	195.6892501
8497	195.6636547
8498	195.6462464
8499	195.6293985
8500	195.6123539
8501	195.5992639
8502	195.5760655
8503	195.5505558
8504	195.523489
8505	195.5072646
8506	195.4968325
8507	195.4801742
8508	195.4654881
8509	195.4438074
8510	195.424288
8511	195.3995291
8512	195.3769915
8513	195.3568381
8514	195.3281665
8515	195.2977314
8516	195.2754396
8517	195.2658936
8518	195.2436395
8519	195.2312918
8520	195.2049698
8521	195.1903591
8522	195.1629688
8523	195.1160387
8524	195.0906625
8525	195.069587
8526	195.0538117
8527	195.0248123
8528	195.0040549
8529	194.9842984
8530	194.971143
8531	194.9494232
8532	194.9233679
8533	194.8918943
8534	194.8743393
8535	194.8572253
8536	194.8316212
8537	194.8156184
8538	194.7990578
8539	194.7757773
8540	194.7533537
8541	194.7386403
8542	194.7249457
8543	194.7047217
8544	194.6913698
8545	194.6763327
8546	194.6578058
8547	194.6342333
8548	194.6113437
8549	194.5896908
8550	194.5703097
8551	194.5583975
8552	194.5376494
8553	194.5203106
8554	194.4947973
8555	194.4707124
8556	194.4576309
8557	194.4406095
8558	194.4150014
8559	194.3899443
8560	194.3621862
8561	194.351905
8562	194.3333543
8563	194.3087141
8564	194.298217
8565	194.2777906
8566	194.257658
8567	194.2425205
8568	194.2236236
8569	194.2162733
8570	194.1821439
8571	194.1494797
8572	194.1229257
8573	194.107331
8574	194.0858273
8575	194.0740017
8576	194.0572897
8577	194.0312595
8578	194.0064495
8579	193.9897102
8580	193.9693786
8581	193.9524312
8582	193.9306972
8583	193.9083002
8584	193.8880605
8585	193.8751065
8586	193.8485276
8587	193.8207311
8588	193.8128611
8589	193.7908194
8590	193.7736854
8591	193.7480855
8592	193.7293015
8593	193.7112471
8594	193.6936812
8595	193.6702587
8596	193.63094
8597	193.5973404
8598	193.5725895
8599	193.5406449
8600	193.5189943
8601	193.4982529
8602	193.4632624
8603	193.4389815
8604	193.4165903
8605	193.4044537
8606	193.372718
8607	193.3455189
8608	193.3265619
8609	193.3097072
8610	193.2946357
8611	193.2725226
8612	193.2552488
8613	193.226933
8614	193.1973999
8615	193.1790707
8616	193.1674102
8617	193.1358879
8618	193.0993854
8619	193.0498707
8620	193.0286126
8621	193.0134871
8622	192.9918605
8623	192.9813496
8624	192.9486369
8625	192.9119127
8626	192.8957976
8627	192.8603823
8628	192.8346631
8629	192.82318
8630	192.7929421
8631	192.7832248
8632	192.7556183
8633	192.7373383
8634	192.713432
8635	192.7008992
8636	192.6841824
8637	192.6685696
8638	192.6612415
8639	192.636366
8640	192.6169306
8641	192.6011161
8642	192.5849272
8643	192.5666509
8644	192.5229208
8645	192.4863434
8646	192.476609
8647	192.4453432
8648	192.4280299
8649	192.3942488
8650	192.3719238
8651	192.3609436
8652	192.3455543
8653	192.3294169
8654	192.3039743
8655	192.2711655
8656	192.258674
8657	192.2322345
8658	192.2093277
8659	192.2021971
8660	192.1914849
8661	192.1603768
8662	192.1395635
8663	192.1161358
8664	192.0772296
8665	192.0610079
8666	192.0480263
8667	192.0379661
8668	192.0125399
8669	191.9808503
8670	191.9538901
8671	191.9403861
8672	191.9280059
8673	191.910901
8674	191.8897014
8675	191.8720039
8676	191.8528355
8677	191.8404912
8678	191.8272169
8679	191.8089343
8680	191.793185
8681	191.7669613
8682	191.7493155
8683	191.7325127
8684	191.7211373
8685	191.7014582
8686	191.6606623
8687	191.6346468
8688	191.6143286
8689	191.5890143
8690	191.5625773
8691	191.5557753
8692	191.5246231
8693	191.508088
8694	191.4742363
8695	191.449391
8696	191.4137327
8697	191.3915628
8698	191.3810319
8699	191.3611305
8700	191.3400048
8701	191.3256996
8702	191.3122895
8703	191.2776392
8704	191.25384
8705	191.2302809
8706	191.2186019
8707	191.1745232
8708	191.1608507
8709	191.1403199
8710	191.1328347
8711	191.099692
8712	191.0792634
8713	191.054504
8714	191.0315869
8715	191.0148536
8716	190.9992631
8717	190.988022
8718	190.9682589
8719	190.9426928
8720	190.915244
8721	190.8840417
8722	190.8663405
8723	190.8496473
8724	190.8375791
8725	190.8066054
8726	190.7899264
8727	190.768093
8728	190.7377107
8729	190.7125298
8730	190.6854543
8731	190.6644114
8732	190.6357106
8733	190.6043573
8734	190.5836365
8735	190.5702565
8736	190.5460965
8737	190.5307402
8738	190.5174401
8739	190.4727719
8740	190.4574917
8741	190.4383789
8742	190.417257
8743	190.4057682
8744	190.3740115
8745	190.3551319
8746	190.3245383
8747	190.3012672
8748	190.274194
8749	190.2565502
8750	190.2260699
8751	190.2006768
8752	190.1680983
8753	190.1422077
8754	190.1197567
8755	190.0956953
8756	190.078712
8757	190.0549253
8758	190.0352757
8759	190.0136362
8760	189.994972
8761	189.9844943
8762	189.9713307
8763	189.9435722
8764	189.9246587
8765	189.8925781
8766	189.8737208
8767	189.8391728
8768	189.8255032
8769	189.800629
8770	189.7802869
8771	189.760016
8772	189.7446767
8773	189.7233551
8774	189.6976122
8775	189.6759535
8776	189.6490435
8777	189.6221526
8778	189.6011984
8779	189.5889071
8780	189.5699014
8781	189.5510776
8782	189.5289649
8783	189.5184407
8784	189.4905766
8785	189.4790032
8786	189.4638299
8787	189.4546941
8788	189.4369826
8789	189.4291979
8790	189.4164847
8791	189.3959404
8792	189.3714527
8793	189.3618142
8794	189.3451228
8795	189.323675
8796	189.3067251
8797	189.2715158
8798	189.2540289
8799	189.2356613
8800	189.2191098
8801	189.2030922
8802	189.1772105
8803	189.1655519
8804	189.1443311
8805	189.1194078
8806	189.0996375
8807	189.0729987
8808	189.0616162
8809	189.0469661
8810	189.0316004
8811	189.0033746
8812	188.9806923
8813	188.9599415
8814	188.9444959
8815	188.935318
8816	188.9228639
8817	188.9053098
8818	188.8897706
8819	188.8606868
8820	188.8291658
8821	188.8109284
8822	188.8022527
8823	188.7763327
8824	188.7586712
8825	188.7339246
8826	188.7074636
8827	188.6845099
8828	188.6648175
8829	188.6386087
8830	188.6164283
8831	188.5974831
8832	188.5783515
8833	188.5589458
8834	188.5361773
8835	188.5171959
8836	188.5039736
8837	188.4865419
8838	188.4686314
8839	188.447717
8840	188.4299767
8841	188.4141023
8842	188.3799321
8843	188.366807
8844	188.3453588
8845	188.3146548
8846	188.2906353
8847	188.2760798
8848	188.2542015
8849	188.2197022
8850	188.1943593
8851	188.1798434
8852	188.1542506
8853	188.1383345
8854	188.1173694
8855	188.100641
8856	188.0752284
8857	188.0595194
8858	188.0432513
8859	188.0305888
8860	188.0099665
8861	187.9808488
8862	187.9571436
8863	187.9418873
8864	187.9232101
8865	187.9118627
8866	187.8980875
8867	187.8784178
8868	187.8644037
8869	187.8434457
8870	187.811557
8871	187.7862006
8872	187.7667134
8873	187.754117
8874	187.724385
8875	187.7028814
8876	187.6867855
8877	187.6652943
8878	187.6344509
8879	187.6176607
8880	187.5858274
8881	187.5669476
8882	187.5394801
8883	187.5156861
8884	187.4960047
8885	187.4819488
8886	187.4670112
8887	187.4358791
8888	187.4119137
8889	187.3831118
8890	187.3509959
8891	187.331952
8892	187.3056483
8893	187.2906666
8894	187.267946
8895	187.2585289
8896	187.2253497
8897	187.206455
8898	187.1825598
8899	187.1687151
8900	187.157059
8901	187.1282585
8902	187.117446
8903	187.0919062
8904	187.0724491
8905	187.0468139
8906	187.0332061
8907	187.0099602
8908	186.9971389
8909	186.9766253
8910	186.9574923
8911	186.941782
8912	186.9246854
8913	186.8926438
8914	186.8717493
8915	186.862429
8916	186.8389787
8917	186.8134898
8918	186.8084652
8919	186.7908978
8920	186.7781949
8921	186.7534276
8922	186.7261594
8923	186.7153098
8924	186.7051459
8925	186.6891824
8926	186.6674597
8927	186.6466409
8928	186.6189809
8929	186.5913283
8930	186.565694
8931	186.5456372
8932	186.5245276
8933	186.5088208
8934	186.501612
8935	186.4820385
8936	186.4727869
8937	186.4513318
8938	186.4393023
8939	186.4261549
8940	186.3997964
8941	186.3740432
8942	186.3474879
8943	186.328726
8944	186.3125597
8945	186.2987986
8946	186.2810869
8947	186.2656565
8948	186.2335024
8949	186.2058417
8950	186.1727155
8951	186.1525718
8952	186.1217846
8953	186.1047809
8954	186.0850403
8955	186.0574733
8956	186.0455119
8957	186.0317857
8958	186.0049642
8959	185.9895839
8960	185.975048
8961	185.9611895
8962	185.9507956
8963	185.9274089
8964	185.9154076
8965	185.9052769
8966	185.895437
8967	185.8732677
8968	185.8529115
8969	185.8335634
8970	185.8148629
8971	185.7948431
8972	185.7665188
8973	185.7439138
8974	185.727892
8975	185.7024657
8976	185.6827217
8977	185.6688911
8978	185.6463781
8979	185.6301813
8980	185.6124087
8981	185.5875735
8982	185.5747259
8983	185.5629069
8984	185.5343528
8985	185.5164253
8986	185.4887699
8987	185.4674953
8988	185.4452183
8989	185.4333973
8990	185.4243988
8991	185.3941237
8992	185.379418
8993	185.3441218
8994	185.3311154
8995	185.312028
8996	185.297412
8997	185.2776049
8998	185.2531134
8999	185.2376481
9000	185.2110058
9001	185.2002678
9002	185.1780131
9003	185.1419541
9004	185.1236476
9005	185.109999
9006	185.0931743
9007	185.0806036
9008	185.050115
9009	185.0256635
9010	184.9999422
9011	184.9795564
9012	184.9631447
9013	184.9499281
9014	184.9240198
9015	184.9140838
9016	184.8908711
9017	184.8689364
9018	184.8483055
9019	184.8309747
9020	184.8068369
9021	184.78699
9022	184.773239
9023	184.7583321
9024	184.7389434
9025	184.7316893
9026	184.7038046
9027	184.6862941
9028	184.6659974
9029	184.6390531
9030	184.6266678
9031	184.6130117
9032	184.5903487
9033	184.5602039
9034	184.5427029
9035	184.505957
9036	184.4893696
9037	184.4723911
9038	184.4597695
9039	184.4315752
9040	184.4175589
9041	184.3874331
9042	184.3625449
9043	184.3501755
9044	184.3360781
9045	184.3147955
9046	184.2925864
9047	184.2770189
9048	184.2573457
9049	184.2423141
9050	184.2224367
9051	184.2082953
9052	184.182363
9053	184.142205
9054	184.1149632
9055	184.0837845
9056	184.0692522
9057	184.051756
9058	184.0281252
9059	184.0114608
9060	183.9968234
9061	183.9796933
9062	183.9654741
9063	183.9414472
9064	183.9127803
9065	183.9030375
9066	183.8943139
9067	183.8853673
9068	183.8576943
9069	183.8431045
9070	183.8355779
9071	183.8012349
9072	183.7895783
9073	183.7791827
9074	183.7697336
9075	183.7541167
9076	183.748121
9077	183.7254534
9078	183.697769
9079	183.6831333
9080	183.6539176
9081	183.6316641
9082	183.6222508
9083	183.5974926
9084	183.5766199
9085	183.5420946
9086	183.5312029
9087	183.5055361
9088	183.484543
9089	183.4708218
9090	183.4512093
9091	183.4298842
9092	183.3998693
9093	183.3811878
9094	183.3556886
9095	183.3376337
9096	183.2994632
9097	183.2789792
9098	183.2524193
9099	183.2147024
9100	183.1890675
9101	183.1619512
9102	183.1437492
9103	183.132229
9104	183.1025819
9105	183.0892343
9106	183.0691921
9107	183.0552637
9108	183.0339806
9109	183.0064191
9110	182.9791826
9111	182.9718377
9112	182.9575984
9113	182.9386225
9114	182.9178689
9115	182.8972127
9116	182.8756713
9117	182.8623111
9118	182.8491697
9119	182.828144
9120	182.8092393
9121	182.7824433
9122	182.7556825
9123	182.734642
9124	182.7236165
9125	182.6993088
9126	182.6840567
9127	182.665679
9128	182.6339076
9129	182.6058939
9130	182.5867925
9131	182.5626611
9132	182.5484861
9133	182.5158894
9134	182.4966128
9135	182.4665289
9136	182.4454124
9137	182.4259353
9138	182.413453
9139	182.3917911
9140	182.3823239
9141	182.3652875
9142	182.3496765
9143	182.330522
9144	182.3150947
9145	182.2869596
9146	182.2637471
9147	182.2529213
9148	182.2223136
9149	182.2065512
9150	182.1908526
9151	182.1722071
9152	182.1557492
9153	182.1472997
9154	182.1287098
9155	182.1133876
9156	182.0940897
9157	182.0637453
9158	182.0397731
9159	182.0246512
9160	182.012607
9161	181.9936844
9162	181.9697099
9163	181.9512665
9164	181.9260992
9165	181.9019392
9166	181.866179
9167	181.8356851
9168	181.8048697
9169	181.788658
9170	181.7708139
9171	181.7506525
9172	181.7342299
9173	181.7163315
9174	181.687864
9175	181.663956
9176	181.6494454
9177	181.620276
9178	181.5960771
9179	181.5721689
9180	181.5620215
9181	181.5295424
9182	181.5168008
9183	181.4999924
9184	181.4851795
9185	181.4715394
9186	181.4563024
9187	181.4365164
9188	181.4225445
9189	181.4015171
9190	181.3834431
9191	181.3626062
9192	181.3390182
9193	181.3200996
9194	181.2996028
9195	181.2842481
9196	181.2617881
9197	181.2379627
9198	181.2177181
9199	181.2017138
9200	181.1892107
9201	181.1698446
9202	181.1459847
9203	181.1059736
9204	181.0833702
9205	181.0666774
9206	181.0542696
9207	181.0323208
9208	181.0167551
9209	180.9978689
9210	180.9746575
9211	180.9572336
9212	180.926565
9213	180.8889554
9214	180.8780964
9215	180.8589608
9216	180.8455112
9217	180.8330642
9218	180.8206108
9219	180.8079413
9220	180.7912251
9221	180.7791794
9222	180.760064
9223	180.7482013
9224	180.7252853
9225	180.7018123
9226	180.6922703
9227	180.6777024
9228	180.654849
9229	180.6415219
9230	180.6195129
9231	180.6011255
9232	180.574775
9233	180.5604422
9234	180.5489396
9235	180.5330403
9236	180.5157644
9237	180.5001768
9238	180.4879741
9239	180.4675276
9240	180.4507308
9241	180.4260389
9242	180.4058631
9243	180.3929508
9244	180.3753072
9245	180.3658727
9246	180.3467351
9247	180.312809
9248	180.2841373
9249	180.2645041
9250	180.2419317
9251	180.2128561
9252	180.1879086
9253	180.1650337
9254	180.15516
9255	180.1283664
9256	180.1097112
9257	180.0712925
9258	180.0446302
9259	180.0318015
9260	180.0095621
9261	179.9926224
9262	179.9618175
9263	179.9374333
9264	179.9123277
9265	179.9007153
9266	179.8850057
9267	179.8705741
9268	179.8607385
9269	179.8409848
9270	179.8249544
9271	179.81134
9272	179.7964406
9273	179.7729051
9274	179.7545583
9275	179.7285701
9276	179.7152636
9277	179.6940544
9278	179.6784601
9279	179.6604185
9280	179.649474
9281	179.6098272
9282	179.5892074
9283	179.5609155
9284	179.5430965
9285	179.5309403
9286	179.5228137
9287	179.5000358
9288	179.4899776
9289	179.4817888
9290	179.4703022
9291	179.4336581
9292	179.4033497
9293	179.3778256
9294	179.3587641
9295	179.340842
9296	179.3207379
9297	179.2910617
9298	179.2652273
9299	179.2388947
9300	179.2250735
9301	179.2065006
9302	179.1997661
9303	179.1768907
9304	179.1572942
9305	179.1282486
9306	179.1087776
9307	179.0899263
9308	179.0758077
9309	179.0509242
9310	179.0360822
9311	179.0071031
9312	178.985527
9313	178.9552599
9314	178.9309978
9315	178.9109406
9316	178.8923819
9317	178.8785249
9318	178.8595725
9319	178.837047
9320	178.8125595
9321	178.7947705
9322	178.7743004
9323	178.7637856
9324	178.7454328
9325	178.721827
9326	178.712558
9327	178.6899767
9328	178.6727505
9329	178.6549613
9330	178.6427154
9331	178.6332707
9332	178.6155029
9333	178.5908733
9334	178.5767241
9335	178.5477611
9336	178.5282398
9337	178.5113854
9338	178.4965709
9339	178.4817135
9340	178.4650419
9341	178.4550005
9342	178.4399381
9343	178.4220394
9344	178.4076979
9345	178.3897077
9346	178.3667295
9347	178.3456379
9348	178.3252758
9349	178.3029079
9350	178.2823573
9351	178.2619794
9352	178.2386452
9353	178.2252519
9354	178.2111885
9355	178.1941197
9356	178.1674427
9357	178.1567857
9358	178.1367837
9359	178.122626
9360	178.0986535
9361	178.0776627
9362	178.0622619
9363	178.032622
9364	178.0242375
9365	177.9983177
9366	177.9804929
9367	177.962398
9368	177.9406881
9369	177.9170266
9370	177.9030811
9371	177.8763699
9372	177.8620216
9373	177.8441619
9374	177.8276489
9375	177.8132387
9376	177.7910398
9377	177.7781315
9378	177.748103
9379	177.7364225
9380	177.7264523
9381	177.7112066
9382	177.6956026
9383	177.6798644
9384	177.6549776
9385	177.6278022
9386	177.616313
9387	177.6085565
9388	177.5931909
9389	177.5789302
9390	177.5525552
9391	177.5202186
9392	177.4914266
9393	177.4634028
9394	177.4519671
9395	177.4405231
9396	177.4225595
9397	177.3990143
9398	177.38074
9399	177.3619608
9400	177.3470481
9401	177.3245551
9402	177.3115469
9403	177.2806326
9404	177.2630544
9405	177.2412125
9406	177.2273316
9407	177.2027805
9408	177.1930595
9409	177.1692461
9410	177.1523063
9411	177.1276837
9412	177.0988961
9413	177.0822785
9414	177.0698114
9415	177.0471472
9416	177.0134741
9417	176.9946416
9418	176.974732
9419	176.950101
9420	176.9325121
9421	176.9225838
9422	176.9040359
9423	176.8806933
9424	176.854682
9425	176.8343525
9426	176.8217303
9427	176.8066269
9428	176.7899573
9429	176.7659937
9430	176.7438225
9431	176.7304082
9432	176.7152377
9433	176.7054742
9434	176.6773284
9435	176.6570846
9436	176.6434169
9437	176.6324489
9438	176.6177838
9439	176.5933409
9440	176.562723
9441	176.542157
9442	176.5258873
9443	176.4849526
9444	176.4592312
9445	176.4454646
9446	176.4307828
9447	176.4068088
9448	176.3904569
9449	176.3769606
9450	176.3576251
9451	176.3264753
9452	176.3173565
9453	176.3053631
9454	176.2877934
9455	176.2602542
9456	176.2367731
9457	176.2217432
9458	176.2042315
9459	176.1652361
9460	176.1409674
9461	176.1282667
9462	176.1065299
9463	176.0940524
9464	176.0707588
9465	176.0527048
9466	176.0427242
9467	176.0303559
9468	176.016862
9469	176.0101143
9470	175.9907287
9471	175.9790574
9472	175.9678841
9473	175.9513346
9474	175.9338551
9475	175.9241121
9476	175.9093638
9477	175.8878257
9478	175.8711229
9479	175.8535093
9480	175.8356299
9481	175.8220939
9482	175.7976325
9483	175.7719647
9484	175.7544507
9485	175.7325078
9486	175.7181589
9487	175.7010024
9488	175.6849446
9489	175.6635511
9490	175.6497512
9491	175.6284478
9492	175.5960649
9493	175.5833203
9494	175.571898
9495	175.5594526
9496	175.5453781
9497	175.5224798
9498	175.4924008
9499	175.477281
9500	175.4517197
9501	175.4371331
9502	175.4297204
9503	175.4099535
9504	175.3880785
9505	175.3683919
9506	175.3459852
9507	175.3327984
9508	175.3218801
9509	175.3062757
9510	175.2879732
9511	175.2622631
9512	175.2359704
9513	175.2188584
9514	175.1945658
9515	175.1781961
9516	175.1625301
9517	175.1456953
9518	175.1325198
9519	175.1175111
9520	175.096225
9521	175.0885569
9522	175.0723722
9523	175.0576875
9524	175.0469647
9525	175.030629
9526	175.0184069
9527	174.9994916
9528	174.9844847
9529	174.9707432
9530	174.9322359
9531	174.9203178
9532	174.9108452
9533	174.8935291
9534	174.876922
9535	174.8631559
9536	174.8396029
9537	174.8272128
9538	174.8165358
9539	174.7949137
9540	174.7819367
9541	174.7589676
9542	174.7448544
9543	174.7182355
9544	174.6922026
9545	174.6770254
9546	174.6610155
9547	174.6489244
9548	174.6363537
9549	174.6182622
9550	174.6008098
9551	174.5772195
9552	174.5676808
9553	174.555258
9554	174.5292751
9555	174.5145717
9556	174.4986321
9557	174.4752171
9558	174.4534578
9559	174.4349224
9560	174.4251131
9561	174.4064592
9562	174.3804287
9563	174.3422113
9564	174.3238617
9565	174.3123379
9566	174.2770027
9567	174.2626109
9568	174.2426713
9569	174.2110043
9570	174.202859
9571	174.1851895
9572	174.1705006
9573	174.1583903
9574	174.1396388
9575	174.1138468
9576	174.0984005
9577	174.0767846
9578	174.0577701
9579	174.0405093
9580	174.0238529
9581	174.0053435
9582	173.98107
9583	173.9547046
9584	173.9414373
9585	173.9280472
9586	173.914386
9587	173.90234
9588	173.8892346
9589	173.872097
9590	173.8530666
9591	173.8233871
9592	173.8037938
9593	173.7886279
9594	173.762333
9595	173.7430327
9596	173.729684
9597	173.7143278
9598	173.7029734
9599	173.6842993
9600	173.6728449
9601	173.6558346
9602	173.6313199
9603	173.6067778
9604	173.5860563
9605	173.5743077
9606	173.5646448
9607	173.5487145
9608	173.5263981
9609	173.5122554
9610	173.4809937
9611	173.4614489
9612	173.4480086
9613	173.4229746
9614	173.4085383
9615	173.3875925
9616	173.3712144
9617	173.3441311
9618	173.3286903
9619	173.3137228
9620	173.2983863
9621	173.2834881
9622	173.2672378
9623	173.2431187
9624	173.2287707
9625	173.2193776
9626	173.2034191
9627	173.1936954
9628	173.1793753
9629	173.1583851
9630	173.1410181
9631	173.1167922
9632	173.0970944
9633	173.0765372
9634	173.0539451
9635	173.0435958
9636	173.0284279
9637	172.996906
9638	172.9770847
9639	172.9575599
9640	172.9406579
9641	172.9135332
9642	172.8909295
9643	172.8698313
9644	172.8568904
9645	172.8395962
9646	172.8124221
9647	172.7954883
9648	172.7728057
9649	172.7564489
9650	172.7386264
9651	172.7231297
9652	172.7100549
9653	172.692238
9654	172.6794996
9655	172.6591763
9656	172.6383645
9657	172.6238467
9658	172.5937502
9659	172.5861277
9660	172.5596453
9661	172.5457942
9662	172.52096
9663	172.5019707
9664	172.4745738
9665	172.4544474
9666	172.4335563
9667	172.4092296
9668	172.3839725
9669	172.3597016
9670	172.3488335
9671	172.3283034
9672	172.3140082
9673	172.2998863
9674	172.2784923
9675	172.2530284
9676	172.2242739
9677	172.2075523
9678	172.1947854
9679	172.1827557
9680	172.1648559
9681	172.145612
9682	172.1323764
9683	172.1044866
9684	172.0960974
9685	172.0782347
9686	172.0704284
9687	172.0449198
9688	172.0367842
9689	172.0264628
9690	172.0072839
9691	171.9893179
9692	171.9746245
9693	171.9606418
9694	171.9513174
9695	171.9409465
9696	171.914808
9697	171.9027142
9698	171.8785887
9699	171.855943
9700	171.8379181
9701	171.8000844
9702	171.7857097
9703	171.7519834
9704	171.7338451
9705	171.7226959
9706	171.6957696
9707	171.6664708
9708	171.6548359
9709	171.647799
9710	171.6250687
9711	171.6086224
9712	171.588479
9713	171.5741337
9714	171.5543168
9715	171.535699
9716	171.5191005
9717	171.5001426
9718	171.4848645
9719	171.4721351
9720	171.4506163
9721	171.43287
9722	171.4184831
9723	171.4012241
9724	171.3774571
9725	171.3585982
9726	171.3321372
9727	171.3129048
9728	171.2934331
9729	171.2825583
9730	171.2722488
9731	171.2573828
9732	171.2407422
9733	171.2215186
9734	171.2057116
9735	171.1893287
9736	171.1673478
9737	171.1399613
9738	171.1297137
9739	171.1089236
9740	171.0899766
9741	171.0735674
9742	171.0605739
9743	171.0455119
9744	171.0175841
9745	170.9998571
9746	170.9762942
9747	170.9658915
9748	170.9434784
9749	170.9178459
9750	170.904816
9751	170.8873003
9752	170.8708984
9753	170.8541759
9754	170.8368059
9755	170.8273113
9756	170.8197765
9757	170.804271
9758	170.7919726
9759	170.7750136
9760	170.747533
9761	170.7366339
9762	170.7156637
9763	170.6843332
9764	170.6675484
9765	170.6530003
9766	170.6371988
9767	170.6165949
9768	170.6057538
9769	170.5840609
9770	170.5736028
9771	170.5572697
9772	170.5265276
9773	170.5069184
9774	170.4834418
9775	170.4728746
9776	170.465438
9777	170.450841
9778	170.4239075
9779	170.4056724
9780	170.3920961
9781	170.3705699
9782	170.3560706
9783	170.3436378
9784	170.3355795
9785	170.3167971
9786	170.2999041
9787	170.2805226
9788	170.2621783
9789	170.2533172
9790	170.2400434
9791	170.2243453
9792	170.2028134
9793	170.1682627
9794	170.1586395
9795	170.1490968
9796	170.1343333
9797	170.121917
9798	170.1097842
9799	170.0878151
9800	170.0650939
9801	170.0424679
9802	170.0155547
9803	169.9939851
9804	169.9716795
9805	169.9564875
9806	169.9356552
9807	169.9094965
9808	169.8950506
9809	169.8725587
9810	169.8546212
9811	169.8379047
9812	169.814761
9813	169.7933094
9814	169.7811814
9815	169.764018
9816	169.7521644
9817	169.7350467
9818	169.7222755
9819	169.706047
9820	169.6930746
9821	169.6785638
9822	169.6597027
9823	169.6434279
9824	169.6256858
9825	169.6163217
9826	169.5899843
9827	169.579355
9828	169.5614141
9829	169.5392999
9830	169.521911
9831	169.5045372
9832	169.4827195
9833	169.46295
9834	169.455828
9835	169.4393589
9836	169.4151569
9837	169.3970894
9838	169.3850745
9839	169.365567
9840	169.3457498
9841	169.3247745
9842	169.2959872
9843	169.2794991
9844	169.2626678
9845	169.2520814
9846	169.2377601
9847	169.2222257
9848	169.1986252
9849	169.1802761
9850	169.1638338
9851	169.1448828
9852	169.1240636
9853	169.1075574
9854	169.0951178
9855	169.0729735
9856	169.0453909
9857	169.0292646
9858	169.0026514
9859	168.9734383
9860	168.9580771
9861	168.9419193
9862	168.9225508
9863	168.9020295
9864	168.8919146
9865	168.8762288
9866	168.8613906
9867	168.8462134
9868	168.8325449
9869	168.8162303
9870	168.7997052
9871	168.7848188
9872	168.768155
9873	168.7497517
9874	168.7303818
9875	168.7099161
9876	168.6998843
9877	168.6889399
9878	168.6562176
9879	168.6410434
9880	168.620705
9881	168.5999504
9882	168.584026
9883	168.5737579
9884	168.5565344
9885	168.5361079
9886	168.523311
9887	168.5031457
9888	168.4877647
9889	168.478784
9890	168.4429156
9891	168.4151706
9892	168.4004207
9893	168.3865592
9894	168.3758496
9895	168.3579721
9896	168.343882
9897	168.3301813
9898	168.3057873
9899	168.2816638
9900	168.2647843
9901	168.2600613
9902	168.2384927
9903	168.2272314
9904	168.1972124
9905	168.184858
9906	168.1669621
9907	168.14219
9908	168.1247618
9909	168.1082041
9910	168.0724391
9911	168.0561557
9912	168.0390333
9913	168.0242428
9914	168.0078073
9915	167.9749091
9916	167.959922
9917	167.941925
9918	167.9173477
9919	167.9012262
9920	167.8711605
9921	167.8412292
9922	167.82861
9923	167.8147654
9924	167.7976928
9925	167.7889945
9926	167.7772849
9927	167.764231
9928	167.7516761
9929	167.7374239
9930	167.7165963
9931	167.7084093
9932	167.6951481
9933	167.678967
9934	167.6657858
9935	167.6464576
9936	167.6284638
9937	167.6111609
9938	167.5948457
9939	167.5806274
9940	167.5651828
9941	167.5540668
9942	167.5459117
9943	167.5397023
9944	167.5253587
9945	167.513694
9946	167.4911807
9947	167.4697571
9948	167.461724
9949	167.4492692
9950	167.4397492
9951	167.4223865
9952	167.4072628
9953	167.3836969
9954	167.3659743
9955	167.34575
9956	167.3300095
9957	167.3152002
9958	167.304658
9959	167.2948132
9960	167.2686928
9961	167.2544493
9962	167.2406064
9963	167.2240925
9964	167.211667
9965	167.196477
9966	167.1792801
9967	167.163411
9968	167.1345582
9969	167.1241672
9970	167.0968059
9971	167.0709732
9972	167.0608089
9973	167.0481863
9974	167.0302559
9975	167.0185701
9976	167.0100848
9977	166.9979446
9978	166.9847762
9979	166.9679133
9980	166.9514477
9981	166.9366752
9982	166.9230799
9983	166.8983149
9984	166.87798
9985	166.8634911
9986	166.851301
9987	166.8356868
9988	166.8236224
9989	166.8064632
9990	166.7893685
9991	166.7720673
9992	166.7570396
9993	166.740359
9994	166.7275422
9995	166.712916
9996	166.6980947
9997	166.6864529
9998	166.6694364
9999	166.6592862
10000	166.6337276
10001	166.6203629
10002	166.6051121
10003	166.5822295
10004	166.5715254
10005	166.5554338
10006	166.5253511
10007	166.5048592
10008	166.4969931
10009	166.4871133
10010	166.4699675
10011	166.4443627
10012	166.428889
10013	166.4161258
10014	166.3936273
10015	166.3764034
10016	166.3681492
10017	166.3552044
10018	166.3405968
10019	166.3199924
10020	166.3032896
10021	166.2903096
10022	166.2613013
10023	166.2451575
10024	166.2376143
10025	166.217321
10026	166.1978126
10027	166.1829011
10028	166.1656907
10029	166.1552862
10030	166.1377093
10031	166.1262191
10032	166.1147563
10033	166.1025774
10034	166.0882337
10035	166.0730035
10036	166.0581974
10037	166.0430057
10038	166.0232698
10039	166.0020617
10040	165.9878442
10041	165.9655439
10042	165.9540154
10043	165.9317252
10044	165.9157754
10045	165.8949503
10046	165.8703646
10047	165.8569536
10048	165.8419773
10049	165.8248106
10050	165.808451
10051	165.7873599
10052	165.7791579
10053	165.7577089
10054	165.7398342
10055	165.719717
10056	165.7028018
10057	165.6876792
10058	165.6697518
10059	165.6568296
10060	165.6393376
10061	165.6202382
10062	165.5979494
10063	165.5892938
10064	165.5753511
10065	165.5642771
10066	165.5541697
10067	165.5491895
10068	165.531072
10069	165.5096591
10070	165.4844782
10071	165.4696073
10072	165.4531855
10073	165.4384752
10074	165.4172578
10075	165.3852331
10076	165.3702482
10077	165.362685
10078	165.3518654
10079	165.3356493
10080	165.3111946
10081	165.288816
10082	165.2721688
10083	165.2521332
10084	165.2368793
10085	165.2182937
10086	165.1946056
10087	165.1809692
10088	165.1656194
10089	165.1525135
10090	165.1336237
10091	165.1165995
10092	165.102658
10093	165.0815125
10094	165.069864
10095	165.0603076
10096	165.0428052
10097	165.0136422
10098	165.0016728
10099	164.9868127
10100	164.970981
10101	164.9517449
10102	164.9353879
10103	164.9098412
10104	164.8964843
10105	164.8688278
10106	164.8574602
10107	164.8356291
10108	164.8207941
10109	164.8067829
10110	164.7937699
10111	164.7786189
10112	164.7594294
10113	164.7439075
10114	164.7228527
10115	164.7151585
10116	164.7035057
10117	164.6904832
10118	164.6723262
10119	164.664719
10120	164.6430639
10121	164.6334401
10122	164.6177063
10123	164.5992623
10124	164.5863381
10125	164.5692562
10126	164.5618052
10127	164.5386765
10128	164.5265756
10129	164.5085281
10130	164.4977807
10131	164.4879683
10132	164.4729585
10133	164.45172
10134	164.4364099
10135	164.4196607
10136	164.4056264
10137	164.3808512
10138	164.3568308
10139	164.336379
10140	164.3226519
10141	164.2954317
10142	164.2744416
10143	164.2571891
10144	164.2354033
10145	164.2119071
10146	164.1959725
10147	164.1822358
10148	164.168912
10149	164.1519513
10150	164.13973
10151	164.1206067
10152	164.1085058
10153	164.0943935
10154	164.0846967
10155	164.0690906
10156	164.0563807
10157	164.0406506
10158	164.0297004
10159	164.0178093
10160	164.0028237
10161	163.9771833
10162	163.9524564
10163	163.9389147
10164	163.9142942
10165	163.8965438
10166	163.8814068
10167	163.8720076
10168	163.8523276
10169	163.8357102
10170	163.8241608
10171	163.8128945
10172	163.8015987
10173	163.7972286
10174	163.7875241
10175	163.7710613
10176	163.7578789
10177	163.7466806
10178	163.7361305
10179	163.7057859
10180	163.677617
10181	163.6492514
10182	163.6240932
10183	163.6041376
10184	163.5871408
10185	163.5698469
10186	163.5512208
10187	163.5335494
10188	163.5091321
10189	163.4933004
10190	163.4803582
10191	163.4619154
10192	163.4316994
10193	163.4202819
10194	163.4085529
10195	163.3939711
10196	163.376197
10197	163.3631665
10198	163.3454969
10199	163.3210697
10200	163.3069792
10201	163.2948197
10202	163.2779283
10203	163.2560562
10204	163.2401145
10205	163.225905
10206	163.2032946
10207	163.1799015
10208	163.1632273
10209	163.1383264
10210	163.1257195
10211	163.1147759
10212	163.0965141
10213	163.0770182
10214	163.0650993
10215	163.0353783
10216	163.0140708
10217	162.9920531
10218	162.983289
10219	162.9645089
10220	162.9490936
10221	162.9318131
10222	162.9061513
10223	162.8848658
10224	162.8747257
10225	162.8615303
10226	162.84837
10227	162.8343263
10228	162.8208467
10229	162.7999375
10230	162.7927342
10231	162.7780996
10232	162.7588913
10233	162.7482783
10234	162.7414089
10235	162.7286636
10236	162.7168459
10237	162.7056908
10238	162.6912887
10239	162.670039
10240	162.6522745
10241	162.6430046
10242	162.6298928
10243	162.6195387
10244	162.611423
10245	162.594293
10246	162.5809757
10247	162.5675753
10248	162.5549914
10249	162.5481346
10250	162.5179646
10251	162.5054555
10252	162.4813652
10253	162.4620663
10254	162.4432955
10255	162.4352598
10256	162.4223039
10257	162.4131762
10258	162.4033775
10259	162.3908722
10260	162.3780168
10261	162.3644002
10262	162.3410954
10263	162.3286398
10264	162.3143312
10265	162.2924353
10266	162.2607905
10267	162.2442998
10268	162.2334123
10269	162.2260499
10270	162.2000086
10271	162.1709428
10272	162.14778
10273	162.1339758
10274	162.1126501
10275	162.0998001
10276	162.0891929
10277	162.0677073
10278	162.0300141
10279	162.0246422
10280	162.00913
10281	161.9945933
10282	161.975007
10283	161.9605387
10284	161.9430281
10285	161.9185769
10286	161.91055
10287	161.8913588
10288	161.8756146
10289	161.8551044
10290	161.828928
10291	161.8175828
10292	161.7848036
10293	161.7706739
10294	161.7469505
10295	161.734083
10296	161.7047556
10297	161.6866084
10298	161.6667569
10299	161.653504
10300	161.6337862
10301	161.614969
10302	161.6041512
10303	161.591873
10304	161.5705484
10305	161.5542383
10306	161.5365613
10307	161.5131934
10308	161.49493
10309	161.4763638
10310	161.4638838
10311	161.4567529
10312	161.4346634
10313	161.4145965
10314	161.3995685
10315	161.3841705
10316	161.3709967
10317	161.3519836
10318	161.3355804
10319	161.3225736
10320	161.3094615
10321	161.300158
10322	161.2862982
10323	161.2679049
10324	161.2588785
10325	161.2500652
10326	161.2313906
10327	161.2210527
10328	161.2014852
10329	161.1812757
10330	161.1563597
10331	161.14549
10332	161.130537
10333	161.1170993
10334	161.0957055
10335	161.0848824
10336	161.0665602
10337	161.0481922
10338	161.0190429
10339	160.9996451
10340	160.9782908
10341	160.9523452
10342	160.9318664
10343	160.9189664
10344	160.9095126
10345	160.9005149
10346	160.8871236
10347	160.879693
10348	160.8493831
10349	160.8210157
10350	160.8068637
10351	160.7848771
10352	160.7727419
10353	160.7638996
10354	160.7473251
10355	160.7227366
10356	160.7048685
10357	160.6910236
10358	160.6751266
10359	160.6569614
10360	160.6451237
10361	160.6365155
10362	160.6172201
10363	160.6083043
10364	160.5908918
10365	160.5702804
10366	160.5607008
10367	160.5503714
10368	160.5405029
10369	160.5244449
10370	160.5072221
10371	160.4818212
10372	160.4746795
10373	160.4531195
10374	160.4310037
10375	160.3979045
10376	160.3887419
10377	160.3687976
10378	160.3583768
10379	160.3471722
10380	160.3351651
10381	160.322846
10382	160.3104308
10383	160.3000306
10384	160.2860037
10385	160.2635585
10386	160.2481681
10387	160.2281746
10388	160.2052927
10389	160.1906657
10390	160.1790922
10391	160.1587794
10392	160.1409252
10393	160.1263243
10394	160.1180597
10395	160.0982703
10396	160.086111
10397	160.0641628
10398	160.0466782
10399	160.0395558
10400	160.0252465
10401	160.0005856
10402	159.9813414
10403	159.9642452
10404	159.9555789
10405	159.9392116
10406	159.930709
10407	159.913263
10408	159.9062183
10409	159.8893626
10410	159.8727348
10411	159.8577954
10412	159.8438922
10413	159.8244292
10414	159.808648
10415	159.7901095
10416	159.7826638
10417	159.7756788
10418	159.7666571
10419	159.7469039
10420	159.7247793
10421	159.6966509
10422	159.6829865
10423	159.6755964
10424	159.6488131
10425	159.6342734
10426	159.6248263
10427	159.6099847
10428	159.5871932
10429	159.5701711
10430	159.5616107
10431	159.5411138
10432	159.5255612
10433	159.5079627
10434	159.5012274
10435	159.4783495
10436	159.465429
10437	159.4506744
10438	159.4289426
10439	159.4136341
10440	159.4050422
10441	159.3825886
10442	159.3688616
10443	159.3448391
10444	159.3290902
10445	159.3189199
10446	159.3045555
10447	159.2936515
10448	159.2788682
10449	159.2673523
10450	159.2419009
10451	159.2277672
10452	159.2121016
10453	159.1936885
10454	159.1806159
10455	159.1679205
10456	159.155553
10457	159.1396058
10458	159.1202131
10459	159.1090399
10460	159.0968014
10461	159.0858337
10462	159.0705367
10463	159.0477188
10464	159.0351875
10465	159.014104
10466	159.0044648
10467	158.9851353
10468	158.9783384
10469	158.9665052
10470	158.9513975
10471	158.9338948
10472	158.923261
10473	158.913868
10474	158.9022934
10475	158.8953024
10476	158.8811644
10477	158.8462803
10478	158.8281218
10479	158.8122676
10480	158.7919079
10481	158.7648887
10482	158.7488536
10483	158.7330549
10484	158.7151505
10485	158.6885555
10486	158.674081
10487	158.6568275
10488	158.6456147
10489	158.6327921
10490	158.6098061
10491	158.5946659
10492	158.5808574
10493	158.572611
10494	158.5536497
10495	158.5328838
10496	158.5209906
10497	158.5155941
10498	158.4998043
10499	158.4862943
10500	158.4734443
10501	158.4512518
10502	158.4394493
10503	158.4301164
10504	158.3905019
10505	158.3761751
10506	158.3650961
10507	158.3443208
10508	158.3254297
10509	158.3033104
10510	158.2908673
10511	158.2749938
10512	158.2625438
10513	158.2490589
10514	158.2338753
10515	158.2107448
10516	158.20105
10517	158.1891172
10518	158.1769098
10519	158.1518747
10520	158.1381403
10521	158.1196097
10522	158.1129706
10523	158.0893687
10524	158.0649211
10525	158.0412472
10526	158.0251151
10527	158.0060385
10528	157.9917722
10529	157.9791012
10530	157.9674945
10531	157.9555597
10532	157.9256226
10533	157.9143846
10534	157.8940044
10535	157.8851319
10536	157.8696557
10537	157.8531182
10538	157.8475196
10539	157.8375675
10540	157.8099751
10541	157.7890074
10542	157.7670403
10543	157.7476247
10544	157.7402404
10545	157.7250706
10546	157.7113194
10547	157.698165
10548	157.6872801
10549	157.6684669
10550	157.6501547
10551	157.6302985
10552	157.6224188
10553	157.6121867
10554	157.5966118
10555	157.5830392
10556	157.5748228
10557	157.5596357
10558	157.5481411
10559	157.5347957
10560	157.5140617
10561	157.5025579
10562	157.4671031
10563	157.4506189
10564	157.4441666
10565	157.4329218
10566	157.4179532
10567	157.4029773
10568	157.38806
10569	157.3679034
10570	157.3441031
10571	157.3314883
10572	157.314775
10573	157.3012754
10574	157.2929975
10575	157.2781312
10576	157.264869
10577	157.2604964
10578	157.253074
10579	157.2308372
10580	157.2184263
10581	157.2082545
10582	157.1975127
10583	157.1812972
10584	157.1630689
10585	157.1444307
10586	157.1333155
10587	157.1227637
10588	157.1102382
10589	157.0973652
10590	157.0804872
10591	157.0637259
10592	157.0526389
10593	157.0363395
10594	157.0258132
10595	157.0124466
10596	157.0028205
10597	156.9904059
10598	156.9736034
10599	156.9585612
10600	156.9474062
10601	156.9344592
10602	156.9200509
10603	156.905804
10604	156.8864083
10605	156.8736271
10606	156.8563229
10607	156.8386076
10608	156.8169193
10609	156.7990368
10610	156.7752861
10611	156.7696315
10612	156.7478751
10613	156.7308609
10614	156.7179812
10615	156.7044801
10616	156.6964381
10617	156.6757796
10618	156.6606073
10619	156.6496424
10620	156.6405866
10621	156.6277833
10622	156.6205324
10623	156.6099612
10624	156.5910687
10625	156.5589937
10626	156.5478217
10627	156.5232606
10628	156.5048584
10629	156.4838547
10630	156.4682737
10631	156.4419055
10632	156.4315026
10633	156.4219725
10634	156.4060319
10635	156.3871803
10636	156.3792079
10637	156.3665234
10638	156.3540416
10639	156.3471934
10640	156.3369818
10641	156.3294429
10642	156.3149381
10643	156.3005045
10644	156.2855437
10645	156.2694404
10646	156.2478278
10647	156.2321324
10648	156.2163895
10649	156.2066519
10650	156.1944529
10651	156.1740781
10652	156.1664578
10653	156.1526801
10654	156.1281446
10655	156.1123026
10656	156.092855
10657	156.0854439
10658	156.0626687
10659	156.0464952
10660	156.0323127
10661	156.0217122
10662	156.010896
10663	155.9906972
10664	155.9823369
10665	155.9595172
10666	155.9484666
10667	155.9236528
10668	155.9024759
10669	155.8771929
10670	155.8636557
10671	155.85334
10672	155.8419392
10673	155.8311874
10674	155.8167309
10675	155.8042395
10676	155.7844152
10677	155.7697012
10678	155.7630104
10679	155.7462778
10680	155.7326109
10681	155.714929
10682	155.7045275
10683	155.6796258
10684	155.6572848
10685	155.637817
10686	155.6160603
10687	155.600795
10688	155.5837819
10689	155.574581
10690	155.557086
10691	155.529572
10692	155.5169695
10693	155.5042935
10694	155.4950721
10695	155.4897652
10696	155.4811545
10697	155.4637296
10698	155.4491233
10699	155.4381868
10700	155.4270508
10701	155.4106677
10702	155.3888879
10703	155.3742487
10704	155.3617261
10705	155.3535648
10706	155.3407254
10707	155.3299248
10708	155.312903
10709	155.294195
10710	155.2764295
10711	155.2479215
10712	155.236791
10713	155.2271122
10714	155.2134268
10715	155.2016309
10716	155.1960615
10717	155.1791894
10718	155.1694695
10719	155.1535228
10720	155.1356925
10721	155.123286
10722	155.112253
10723	155.1047765
10724	155.0785008
10725	155.0650758
10726	155.0496602
10727	155.0267506
10728	155.0156904
10729	155.0050234
10730	154.9910008
10731	154.9801052
10732	154.9706089
10733	154.9516162
10734	154.9309575
10735	154.9118802
10736	154.8860856
10737	154.8805337
10738	154.8753163
10739	154.8564728
10740	154.8383467
10741	154.8232444
10742	154.8047557
10743	154.7799511
10744	154.7733369
10745	154.7597628
10746	154.7531134
10747	154.7421358
10748	154.7302223
10749	154.7137784
10750	154.701581
10751	154.6827156
10752	154.6672983
10753	154.6572976
10754	154.6489906
10755	154.6411783
10756	154.6236414
10757	154.6069893
10758	154.5999517
10759	154.5892781
10760	154.5759431
10761	154.5619327
10762	154.5423549
10763	154.5296246
10764	154.5139454
10765	154.4899233
10766	154.4736556
10767	154.4638101
10768	154.4506526
10769	154.4368047
10770	154.4153555
10771	154.4064482
10772	154.3919599
10773	154.3745141
10774	154.3593963
10775	154.3512574
10776	154.3368529
10777	154.3267727
10778	154.3110799
10779	154.300599
10780	154.2907763
10781	154.2685763
10782	154.2492049
10783	154.2345052
10784	154.2156451
10785	154.2060638
10786	154.183575
10787	154.1625125
10788	154.1516822
10789	154.1425383
10790	154.1226281
10791	154.1069453
10792	154.0954391
10793	154.0773552
10794	154.0597492
10795	154.050753
10796	154.0363638
10797	154.0151167
10798	153.9865789
10799	153.9777383
10800	153.9643167
10801	153.9459657
10802	153.9281023
10803	153.9023745
10804	153.8817706
10805	153.8688605
10806	153.8488822
10807	153.841145
10808	153.8274031
10809	153.81988
10810	153.8038984
10811	153.793645
10812	153.7680307
10813	153.7487108
10814	153.7338652
10815	153.7179279
10816	153.7079081
10817	153.6899011
10818	153.6663005
10819	153.6507466
10820	153.6359712
10821	153.6129889
10822	153.6036724
10823	153.5857771
10824	153.5718268
10825	153.5519887
10826	153.5349192
10827	153.5107845
10828	153.4944821
10829	153.4853083
10830	153.4700047
10831	153.4473439
10832	153.4351284
10833	153.4164497
10834	153.3940465
10835	153.365934
10836	153.3463327
10837	153.3282254
10838	153.3217686
10839	153.2995578
10840	153.2863007
10841	153.2692884
10842	153.2451846
10843	153.2337973
10844	153.2198116
10845	153.2030736
10846	153.1891734
10847	153.1757414
10848	153.1601516
10849	153.1458954
10850	153.1280871
10851	153.1082023
10852	153.0929416
10853	153.0791219
10854	153.0714301
10855	153.0565329
10856	153.0384169
10857	153.0174583
10858	152.9964685
10859	152.9907719
10860	152.9808778
10861	152.9761301
10862	152.9671225
10863	152.9542647
10864	152.9416883
10865	152.9297054
10866	152.9191443
10867	152.9091777
10868	152.8982679
10869	152.8817949
10870	152.8689974
10871	152.8535054
10872	152.8308483
10873	152.8072154
10874	152.8009013
10875	152.7872423
10876	152.7764544
10877	152.7686271
10878	152.7555415
10879	152.7382698
10880	152.7106876
10881	152.6902585
10882	152.6698344
10883	152.6565237
10884	152.6377906
10885	152.6246303
