iter	Passed	Remaining
0	71	852211
1	143	858720
2	210	840043
3	279	839307
4	350	841894
5	419	838947
6	492	843563
7	562	843899
8	631	841454
9	704	845069
10	775	844832
11	842	841796
12	906	835662
13	968	829577
14	1033	825908
15	1097	821999
16	1163	819948
17	1231	820089
18	1309	825459
19	1405	841908
20	1475	841743
21	1539	838071
22	1603	835079
23	1670	833781
24	1736	831883
25	1801	829684
26	1867	827925
27	1929	825182
28	1999	825535
29	2064	823820
30	2127	821455
31	2192	820104
32	2272	824000
33	2348	826509
34	2413	825030
35	2480	824199
36	2543	822323
37	2607	820833
38	2669	818796
39	2734	817559
40	2805	818275
41	2874	818465
42	2943	818535
43	3008	817384
44	3075	816974
45	3140	816116
46	3206	815425
47	3275	815560
48	3343	815554
49	3414	816061
50	3489	817620
51	3558	817697
52	3624	817034
53	3690	816466
54	3758	816319
55	3825	815818
56	3893	815827
57	3960	815534
58	4026	814891
59	4094	814897
60	4162	814686
61	4228	814139
62	4294	813657
63	4359	813058
64	4426	812695
65	4507	815124
66	4587	817073
67	4657	817202
68	4728	817694
69	4795	817257
70	4862	817039
71	4934	817408
72	5008	818315
73	5076	818143
74	5144	817988
75	5216	818479
76	5294	819790
77	5374	821482
78	5443	821486
79	5519	822342
80	5585	821846
81	5653	821751
82	5730	822715
83	5798	822628
84	5866	822414
85	5932	821895
86	6000	821671
87	6068	821494
88	6136	821258
89	6203	820867
90	6271	820746
91	6340	820682
92	6409	820572
93	6478	820536
94	6551	821007
95	6625	821585
96	6710	823393
97	6777	823154
98	6854	824036
99	6927	824356
100	7017	826740
101	7086	826646
102	7156	826619
103	7228	826780
104	7302	827239
105	7373	827415
106	7444	827486
107	7511	827089
108	7581	827084
109	7649	826839
110	7716	826523
111	7785	826386
112	7858	826706
113	7934	827235
114	8000	826791
115	8068	826634
116	8134	826204
117	8202	825909
118	8278	826511
119	8385	830169
120	8487	833295
121	8555	832931
122	8623	832701
123	8691	832386
124	8764	832623
125	8831	832254
126	8899	831952
127	8966	831626
128	9032	831237
129	9101	831019
130	9167	830638
131	9233	830204
132	9300	829835
133	9365	829377
134	9433	829079
135	9502	828962
136	9571	828803
137	9639	828595
138	9705	828156
139	9769	827621
140	9840	827668
141	9910	827555
142	9980	827517
143	10047	827280
144	10115	827020
145	10185	826984
146	10255	826895
147	10324	826777
148	10388	826272
149	10462	826569
150	10530	826295
151	10596	825982
152	10663	825661
153	10733	825676
154	10801	825430
155	10870	825325
156	10952	826186
157	11017	825749
158	11087	825687
159	11155	825478
160	11226	825501
161	11297	825526
162	11382	826603
163	11452	826521
164	11518	826211
165	11585	825925
166	11654	825817
167	11726	825890
168	11794	825656
169	11860	825323
170	11926	824998
171	11995	824881
172	12063	824709
173	12129	824367
174	12196	824104
175	12271	824443
176	12346	824702
177	12417	824703
178	12483	824393
179	12550	824161
180	12617	823906
181	12683	823604
182	12752	823470
183	12819	823221
184	12884	822842
185	12947	822383
186	13012	821984
187	13077	821653
188	13143	821375
189	13215	821436
190	13285	821425
191	13352	821186
192	13419	820954
193	13501	821643
194	13572	821677
195	13640	821480
196	13711	821504
197	13780	821382
198	13846	821144
199	13918	821211
200	13988	821125
201	14055	820895
202	14123	820740
203	14190	820526
204	14253	820109
205	14319	819797
206	14386	819636
207	14452	819364
208	14520	819207
209	14592	819244
210	14662	819206
211	14727	818918
212	14795	818733
213	14861	818496
214	14930	818421
215	14998	818260
216	15067	818183
217	15133	817893
218	15204	817921
219	15274	817880
220	15354	818363
221	15417	817939
222	15482	817659
223	15558	817935
224	15638	818437
225	15701	818010
226	15768	817789
227	15839	817802
228	15904	817506
229	15968	817168
230	16041	817300
231	16111	817234
232	16177	816995
233	16261	817662
234	16329	817525
235	16402	817606
236	16473	817646
237	16543	817592
238	16609	817342
239	16680	817332
240	16748	817179
241	16819	817195
242	16888	817115
243	16970	817665
244	17038	817493
245	17110	817525
246	17193	818138
247	17260	817947
248	17331	817915
249	17396	817623
250	17466	817595
251	17539	817669
252	17606	817464
253	17670	817171
254	17741	817174
255	17809	817011
256	17876	816815
257	17941	816549
258	18005	816231
259	18073	816102
260	18145	816132
261	18211	815907
262	18277	815681
263	18348	815694
264	18419	815662
265	18487	815542
266	18553	815301
267	18630	815575
268	18697	815369
269	18764	815226
270	18829	814958
271	18899	814898
272	18964	814655
273	19036	814680
274	19100	814381
275	19164	814074
276	19232	813956
277	19297	813674
278	19362	813453
279	19427	813190
280	19492	812908
281	19556	812619
282	19619	812288
283	19683	811998
284	19746	811668
285	19813	811540
286	19883	811470
287	19945	811133
288	20018	811187
289	20081	810892
290	20148	810736
291	20220	810774
292	20289	810677
293	20353	810401
294	20417	810123
295	20486	810054
296	20556	810001
297	20627	810022
298	20698	810006
299	20765	809868
300	20840	810019
301	20910	809981
302	20980	809947
303	21046	809754
304	21146	810844
305	21258	812408
306	21343	812920
307	21431	813544
308	21508	813768
309	21594	814330
310	21664	814268
311	21732	814124
312	21803	814105
313	21871	813981
314	21943	814004
315	22013	813928
316	22083	813867
317	22152	813784
318	22219	813626
319	22291	813650
320	22364	813695
321	22434	813636
322	22502	813510
323	22571	813418
324	22643	813436
325	22714	813389
326	22792	813611
327	22863	813589
328	22936	813650
329	23007	813620
330	23074	813480
331	23146	813466
332	23212	813291
333	23285	813334
334	23357	813315
335	23427	813277
336	23705	820401
337	23887	824180
338	23986	825097
339	24084	825940
340	24181	826776
341	24284	827816
342	24361	827937
343	24434	827923
344	24508	827969
345	24578	827846
346	24672	828560
347	24758	828966
348	24875	830435
349	24972	831231
350	25067	831951
351	25169	832894
352	25250	833119
353	25330	833322
354	25415	833700
355	25499	834033
356	25629	835850
357	25752	837468
358	25842	837978
359	25922	838154
360	25990	837965
361	26060	837825
362	26127	837575
363	26192	837302
364	26259	837078
365	26330	836974
366	26398	836768
367	26471	836735
368	26543	836668
369	26628	836987
370	26731	837885
371	26806	837905
372	26888	838156
373	26966	838256
374	27053	838647
375	27146	839230
376	27222	839264
377	27296	839267
378	27369	839223
379	27443	839201
380	27529	839532
381	27605	839597
382	27670	839285
383	27736	839030
384	27803	838787
385	27867	838470
386	27940	838438
387	28010	838281
388	28076	838036
389	28147	837924
390	28220	837867
391	28285	837611
392	28354	837444
393	28428	837410
394	28492	837101
395	28555	836762
396	28624	836607
397	28693	836428
398	28760	836226
399	28824	835903
400	28892	835714
401	28957	835433
402	29024	835221
403	29088	834939
404	29157	834774
405	29224	834556
406	29290	834316
407	29355	834029
408	29425	833917
409	29493	833734
410	29563	833601
411	29631	833426
412	29696	833163
413	29764	832970
414	29828	832683
415	29895	832484
416	29962	832261
417	30023	831901
418	30091	831723
419	30155	831422
420	30222	831225
421	30287	830964
422	30355	830785
423	30423	830608
424	30489	830399
425	30554	830145
426	30621	829926
427	30687	829721
428	30757	829580
429	30826	829444
430	30897	829365
431	30971	829346
432	31038	829140
433	31116	829256
434	31205	829634
435	31274	829483
436	31353	829616
437	31417	829347
438	31485	829158
439	31552	828973
440	31618	828749
441	31693	828773
442	31766	828730
443	31833	828520
444	31899	828323
445	31969	828188
446	32037	828031
447	32104	827845
448	32171	827654
449	32238	827464
450	32310	827405
451	32377	827209
452	32447	827079
453	32511	826832
454	32578	826642
455	32644	826420
456	32709	826175
457	32774	825937
458	32837	825671
459	32903	825451
460	32967	825190
461	33032	824953
462	33099	824764
463	33163	824508
464	33229	824303
465	33296	824127
466	33358	823810
467	33422	823553
468	33489	823395
469	33554	823166
470	33620	822963
471	33687	822786
472	33758	822684
473	33824	822496
474	33898	822477
475	33971	822446
476	34039	822288
477	34102	822032
478	34167	821806
479	34231	821548
480	34296	821339
481	34363	821170
482	34426	820894
483	34491	820661
484	34554	820399
485	34630	820439
486	34695	820228
487	34759	819970
488	34830	819911
489	34910	820031
490	34974	819799
491	35038	819553
492	35106	819410
493	35177	819333
494	35246	819224
495	35334	819535
496	35403	819406
497	35471	819253
498	35534	818991
499	35600	818816
500	35668	818657
501	35734	818485
502	35801	818319
503	35867	818121
504	35932	817913
505	36000	817756
506	36065	817547
507	36132	817386
508	36201	817272
509	36273	817228
510	36346	817194
511	36414	817047
512	36482	816915
513	36551	816781
514	36617	816598
515	36684	816441
516	36751	816287
517	36825	816268
518	36896	816210
519	36977	816347
520	37041	816125
521	37106	815917
522	37177	815848
523	37244	815691
524	37311	815517
525	37383	815473
526	37454	815399
527	37518	815167
528	37580	814902
529	37647	814740
530	37714	814591
531	37781	814429
532	37844	814180
533	37909	813997
534	37976	813829
535	38043	813685
536	38111	813551
537	38176	813351
538	38241	813141
539	38309	813007
540	38384	813023
541	38452	812899
542	38520	812763
543	38590	812665
544	38658	812529
545	38722	812316
546	38788	812148
547	38853	811961
548	38918	811764
549	38983	811557
550	39053	811483
551	39119	811305
552	39190	811229
553	39257	811093
554	39322	810890
555	39406	811102
556	39471	810897
557	39536	810716
558	39602	810537
559	39674	810498
560	39743	810393
561	39811	810253
562	39875	810037
563	39937	809787
564	40006	809690
565	40072	809515
566	40136	809318
567	40202	809136
568	40267	808961
569	40333	808788
570	40397	808585
571	40464	808450
572	40530	808271
573	40598	808160
574	40665	808008
575	40734	807909
576	40802	807772
577	40866	807573
578	40931	807397
579	40996	807210
580	41060	807007
581	41128	806887
582	41194	806728
583	41262	806597
584	41352	806899
585	41416	806695
586	41481	806513
587	41549	806401
588	41613	806204
589	41678	806014
590	41747	805915
591	41813	805750
592	41878	805575
593	41946	805466
594	42011	805272
595	42077	805116
596	42143	804968
597	42207	804763
598	42275	804641
599	42341	804483
600	42403	804254
601	42474	804198
602	42540	804028
603	42604	803844
604	42672	803729
605	42736	803532
606	42801	803363
607	42878	803413
608	42950	803370
609	43016	803213
610	43080	803011
611	43146	802863
612	43209	802654
613	43274	802483
614	43343	802374
615	43410	802256
616	43480	802178
617	43554	802156
618	43617	801957
619	43682	801786
620	43748	801640
621	43813	801462
622	43876	801248
623	43941	801079
624	44005	800891
625	44069	800710
626	44132	800517
627	44200	800389
628	44262	800178
629	44328	800029
630	44393	799857
631	44460	799726
632	44523	799525
633	44590	799391
634	44657	799256
635	44721	799074
636	44783	798869
637	44847	798674
638	44913	798535
639	44985	798487
640	45054	798397
641	45125	798348
642	45193	798227
643	45265	798189
644	45347	798324
645	45416	798241
646	45481	798070
647	45549	797966
648	45613	797780
649	45680	797643
650	45748	797540
651	45817	797442
652	45881	797277
653	45948	797136
654	46014	796994
655	46085	796949
656	46163	796999
657	46230	796884
658	46294	796706
659	46359	796536
660	46422	796349
661	46487	796189
662	46552	796025
663	46616	795846
664	46682	795713
665	46751	795619
666	46820	795532
667	46900	795616
668	46968	795510
669	47040	795477
670	47108	795374
671	47177	795272
672	47248	795220
673	47327	795293
674	47402	795312
675	47469	795189
676	47537	795080
677	47603	794941
678	47669	794791
679	47739	794722
680	47806	794600
681	47873	794481
682	47945	794436
683	48013	794331
684	48082	794244
685	48153	794174
686	48223	794108
687	48290	793992
688	48361	793929
689	48430	793840
690	48497	793709
691	48566	793623
692	48637	793563
693	48705	793466
694	48775	793390
695	48850	793396
696	48916	793255
697	48985	793172
698	49064	793242
699	49144	793327
700	49215	793268
701	49285	793203
702	49354	793104
703	49428	793099
704	49507	793177
705	49580	793149
706	49649	793064
707	49721	793022
708	49790	792925
709	49859	792841
710	49928	792741
711	49998	792676
712	50066	792561
713	50135	792472
714	50212	792512
715	50283	792463
716	50352	792362
717	50419	792241
718	50485	792110
719	50553	792010
720	50620	791889
721	50686	791746
722	50758	791705
723	50825	791588
724	50894	791493
725	50961	791374
726	51026	791233
727	51095	791132
728	51160	790980
729	51231	790929
730	51317	791109
731	51384	790984
732	51461	791024
733	51532	790967
734	51604	790913
735	51668	790752
736	51747	790814
737	51818	790763
738	51884	790627
739	51948	790464
740	52014	790325
741	52085	790268
742	52157	790218
743	52238	790325
744	52304	790190
745	52368	790016
746	52435	789905
747	52501	789763
748	52568	789645
749	52631	789472
750	52696	789324
751	52763	789207
752	52829	789078
753	52895	788945
754	52961	788815
755	53039	788851
756	53106	788744
757	53177	788688
758	53244	788570
759	53314	788497
760	53384	788419
761	53449	788269
762	53515	788149
763	53586	788081
764	53652	787956
765	53719	787842
766	53783	787672
767	53848	787529
768	53918	787469
769	53984	787331
770	54050	787198
771	54121	787144
772	54186	787004
773	54252	786869
774	54322	786806
775	54390	786695
776	54455	786559
777	54525	786478
778	54594	786397
779	54669	786399
780	54736	786285
781	54804	786181
782	54867	786015
783	54936	785930
784	55000	785777
785	55074	785759
786	55149	785755
787	55219	785691
788	55312	785944
789	55388	785955
790	55454	785824
791	55521	785719
792	55598	785742
793	55670	785699
794	55742	785651
795	55808	785529
796	55876	785432
797	55954	785470
798	56019	785323
799	56089	785259
800	56161	785211
801	56230	785119
802	56304	785107
803	56374	785035
804	56447	784999
805	56515	784909
806	56582	784796
807	56650	784692
808	56721	784641
809	56822	784997
810	57045	787032
811	57156	787518
812	57262	787941
813	57344	788025
814	57421	788049
815	57492	787982
816	57563	787916
817	57661	788222
818	57773	788721
819	57859	788863
820	57937	788901
821	58010	788856
822	58078	788753
823	58146	788641
824	58215	788551
825	58292	788574
826	58374	788654
827	58446	788601
828	58518	788549
829	58583	788400
830	58647	788251
831	58721	788227
832	58794	788181
833	58861	788061
834	58928	787949
835	58996	787846
836	59064	787731
837	59135	787671
838	59204	787586
839	59273	787489
840	59346	787454
841	59417	787385
842	59493	787395
843	59561	787280
844	59625	787122
845	59689	786975
846	59754	786830
847	59819	786678
848	59881	786504
849	59949	786396
850	60013	786245
851	60081	786139
852	60144	785973
853	60210	785834
854	60273	785676
855	60343	785593
856	60406	785427
857	60471	785284
858	60535	785126
859	60601	784995
860	60670	784908
861	60741	784844
862	60803	784664
863	60869	784539
864	60937	784437
865	61003	784313
866	61068	784175
867	61139	784102
868	61210	784041
869	61289	784084
870	61359	784003
871	61422	783846
872	61485	783679
873	61548	783513
874	61614	783381
875	61677	783221
876	61742	783081
877	61809	782962
878	61870	782779
879	61932	782604
880	62000	782498
881	62064	782348
882	62128	782201
883	62192	782054
884	62257	781908
885	62321	781762
886	62392	781696
887	62456	781553
888	62519	781385
889	62588	781297
890	62651	781145
891	62715	780996
892	62791	780993
893	62880	781150
894	62946	781028
895	63013	780912
896	63075	780745
897	63141	780614
898	63206	780484
899	63269	780324
900	63335	780195
901	63400	780063
902	63466	779942
903	63531	779802
904	63595	779654
905	63665	779580
906	63729	779437
907	63793	779288
908	63855	779124
909	63918	778965
910	63981	778806
911	64044	778651
912	64111	778541
913	64175	778388
914	64236	778208
915	64299	778052
916	64363	777909
917	64426	777753
918	64492	777632
919	64556	777490
920	64620	777344
921	64686	777214
922	64749	777069
923	64813	776921
924	64880	776815
925	64944	776663
926	65009	776539
927	65080	776472
928	65151	776417
929	65242	776594
930	65319	776612
931	65385	776492
932	65453	776390
933	65517	776253
934	65582	776120
935	65646	775971
936	65711	775847
937	65782	775782
938	65849	775679
939	65915	775561
940	65982	775449
941	66047	775319
942	66111	775178
943	66177	775067
944	66247	774995
945	66313	774872
946	66380	774765
947	66443	774610
948	66524	774664
949	66589	774543
950	66653	774405
951	66721	774301
952	66788	774202
953	66868	774244
954	66935	774135
955	67012	774144
956	67077	774019
957	67143	773901
958	67211	773811
959	67279	773716
960	67351	773671
961	67420	773578
962	67484	773441
963	67549	773311
964	67612	773167
965	67680	773066
966	67746	772954
967	67817	772891
968	67880	772749
969	67944	772600
970	68016	772557
971	68084	772464
972	68151	772355
973	68215	772216
974	68283	772124
975	68347	771990
976	68410	771845
977	68476	771725
978	68542	771606
979	68611	771533
980	68678	771425
981	68742	771284
982	68805	771145
983	68880	771120
984	68956	771125
985	69018	770960
986	69082	770828
987	69146	770694
988	69211	770563
989	69276	770438
990	69342	770322
991	69412	770252
992	69481	770175
993	69548	770073
994	69612	769938
995	69676	769802
996	69741	769679
997	69806	769552
998	69878	769506
999	69941	769358
1000	70005	769217
1001	70070	769102
1002	70133	768955
1003	70200	768854
1004	70267	768742
1005	70333	768638
1006	70397	768498
1007	70463	768385
1008	70528	768268
1009	70593	768142
1010	70661	768048
1011	70726	767929
1012	70788	767776
1013	70852	767638
1014	70917	767515
1015	70983	767406
1016	71051	767313
1017	71122	767261
1018	71204	767322
1019	71277	767281
1020	71348	767222
1021	71413	767101
1022	71483	767028
1023	71557	767004
1024	71625	766920
1025	71691	766804
1026	71759	766713
1027	71827	766629
1028	71890	766482
1029	71954	766353
1030	72019	766226
1031	72084	766107
1032	72146	765956
1033	72213	765854
1034	72277	765719
1035	72344	765626
1036	72411	765519
1037	72482	765461
1038	72549	765362
1039	72614	765241
1040	72679	765119
1041	72744	765002
1042	72807	764864
1043	72871	764726
1044	72937	764625
1045	73004	764520
1046	73071	764426
1047	73138	764327
1048	73201	764180
1049	73267	764075
1050	73335	763983
1051	73402	763887
1052	73469	763785
1053	73533	763665
1054	73597	763534
1055	73665	763440
1056	73727	763295
1057	73791	763159
1058	73866	763146
1059	73957	763293
1060	74028	763240
1061	74096	763149
1062	74162	763040
1063	74227	762929
1064	74293	762812
1065	74359	762705
1066	74422	762570
1067	74485	762431
1068	74557	762378
1069	74630	762346
1070	74701	762288
1071	74769	762203
1072	74843	762172
1073	74906	762041
1074	74974	761945
1075	75041	761857
1076	75109	761766
1077	75197	761883
1078	75264	761780
1079	75332	761692
1080	75396	761568
1081	75470	761545
1082	75550	761573
1083	75615	761459
1084	75679	761333
1085	75743	761199
1086	75809	761097
1087	75875	760985
1088	75939	760857
1089	76004	760741
1090	76077	760703
1091	76148	760645
1092	76215	760547
1093	76278	760416
1094	76344	760306
1095	76409	760192
1096	76476	760091
1097	76542	759990
1098	76606	759856
1099	76673	759769
1100	76741	759677
1101	76815	759648
1102	76897	759706
1103	76968	759641
1104	77037	759571
1105	77102	759448
1106	77164	759306
1107	77230	759202
1108	77296	759095
1109	77366	759030
1110	77429	758888
1111	77491	758751
1112	77555	758621
1113	77619	758496
1114	77682	758367
1115	77751	758290
1116	77817	758184
1117	77882	758067
1118	77949	757965
1119	78013	757847
1120	78078	757735
1121	78145	757637
1122	78208	757503
1123	78272	757380
1124	78343	757320
1125	78415	757271
1126	78482	757181
1127	78549	757087
1128	78612	756949
1129	78675	756818
1130	78745	756748
1131	78808	756621
1132	78872	756498
1133	78938	756385
1134	79001	756253
1135	79069	756172
1136	79138	756092
1137	79202	755976
1138	79265	755841
1139	79327	755700
1140	79391	755571
1141	79455	755456
1142	79520	755336
1143	79593	755303
1144	79670	755303
1145	79734	755180
1146	79798	755060
1147	79864	754956
1148	79932	754867
1149	79995	754740
1150	80065	754675
1151	80128	754547
1152	80194	754442
1153	80259	754327
1154	80324	754215
1155	80386	754079
1156	80456	754006
1157	80526	753941
1158	80596	753882
1159	80671	753863
1160	80737	753756
1161	80799	753616
1162	80864	753507
1163	80959	753673
1164	81055	753846
1165	81134	753868
1166	81203	753797
1167	81294	753920
1168	81359	753807
1169	81426	753714
1170	81493	753624
1171	81556	753488
1172	81625	753416
1173	81688	753290
1174	81760	753242
1175	81830	753178
1176	81894	753049
1177	81958	752931
1178	82021	752806
1179	82084	752675
1180	82149	752561
1181	82220	752500
1182	82286	752402
1183	82350	752278
1184	82414	752163
1185	82480	752061
1186	82555	752044
1187	82623	751956
1188	82689	751857
1189	82757	751770
1190	82823	751674
1191	82892	751594
1192	82957	751484
1193	83025	751403
1194	83092	751304
1195	83156	751188
1196	83238	751233
1197	83305	751143
1198	83369	751022
1199	83435	750919
1200	83499	750795
1201	83561	750660
1202	83629	750579
1203	83694	750471
1204	83759	750357
1205	83825	750260
1206	83888	750130
1207	83953	750022
1208	84016	749892
1209	84080	749776
1210	84142	749636
1211	84203	749498
1212	84265	749360
1213	84334	749282
1214	84396	749152
1215	84460	749032
1216	84526	748927
1217	84590	748817
1218	84655	748701
1219	84721	748600
1220	84786	748499
1221	84852	748392
1222	84914	748262
1223	84981	748166
1224	85052	748115
1225	85122	748046
1226	85211	748152
1227	85276	748047
1228	85340	747931
1229	85404	747812
1230	85468	747689
1231	85532	747572
1232	85596	747463
1233	85665	747382
1234	85732	747298
1235	85798	747194
1236	85862	747082
1237	85925	746952
1238	85990	746844
1239	86051	746708
1240	86117	746603
1241	86183	746511
1242	86249	746408
1243	86316	746320
1244	86382	746221
1245	86446	746107
1246	86511	745997
1247	86574	745872
1248	86641	745781
1249	86714	745746
1250	86783	745668
1251	86866	745718
1252	86933	745627
1253	87000	745542
1254	87065	745429
1255	87129	745314
1256	87199	745251
1257	87270	745201
1258	87337	745106
1259	87402	745005
1260	87471	744932
1261	87543	744879
1262	87612	744808
1263	87684	744762
1264	87754	744695
1265	87822	744618
1266	87887	744509
1267	87960	744471
1268	88024	744355
1269	88092	744275
1270	88161	744203
1271	88231	744138
1272	88303	744097
1273	88376	744053
1274	88447	744002
1275	88516	743926
1276	88582	743825
1277	88647	743722
1278	88716	743654
1279	88789	743610
1280	88859	743544
1281	88937	743551
1282	89014	743542
1283	89084	743478
1284	89158	743448
1285	89231	743410
1286	89302	743356
1287	89372	743293
1288	89449	743288
1289	89528	743293
1290	89615	743372
1291	89684	743302
1292	89750	743203
1293	89817	743109
1294	89886	743036
1295	89954	742961
1296	90029	742932
1297	90095	742833
1298	90172	742831
1299	90402	744085
1300	90617	745211
1301	90716	745379
1302	90827	745648
1303	90919	745759
1304	90994	745739
1305	91067	745695
1306	91143	745678
1307	91231	745752
1308	91307	745739
1309	91382	745710
1310	91480	745866
1311	91550	745802
1312	91622	745748
1313	91694	745699
1314	91766	745650
1315	91839	745602
1316	91918	745609
1317	92010	745716
1318	92110	745893
1319	92219	746139
1320	92321	746327
1321	92413	746438
1322	92482	746363
1323	92551	746286
1324	92619	746197
1325	92686	746103
1326	92752	746007
1327	92821	745925
1328	92888	745831
1329	92953	745725
1330	93020	745634
1331	93092	745576
1332	93159	745486
1333	93230	745422
1334	93300	745359
1335	93369	745279
1336	93491	745624
1337	93562	745559
1338	93637	745536
1339	93769	745956
1340	93854	746005
1341	93960	746221
1342	94029	746142
1343	94098	746070
1344	94167	745988
1345	94236	745913
1346	94305	745834
1347	94373	745749
1348	94440	745653
1349	94508	745569
1350	94576	745483
1351	94643	745388
1352	94707	745272
1353	94771	745156
1354	94835	745038
1355	94903	744948
1356	94983	744959
1357	95052	744882
1358	95122	744812
1359	95203	744825
1360	95275	744776
1361	95342	744682
1362	95411	744598
1363	95479	744516
1364	95546	744426
1365	95612	744321
1366	95682	744248
1367	95747	744141
1368	95827	744147
1369	95892	744044
1370	95971	744040
1371	96033	743912
1372	96108	743874
1373	96195	743936
1374	96259	743824
1375	96327	743741
1376	96392	743628
1377	96457	743519
1378	96522	743410
1379	96586	743294
1380	96650	743176
1381	96717	743086
1382	96798	743103
1383	96877	743098
1384	96945	743014
1385	97016	742949
1386	97081	742843
1387	97146	742734
1388	97215	742660
1389	97281	742555
1390	97344	742438
1391	97413	742356
1392	97477	742243
1393	97540	742119
1394	97607	742025
1395	97675	741941
1396	97739	741828
1397	97805	741729
1398	97872	741632
1399	97938	741532
1400	98002	741415
1401	98067	741310
1402	98131	741195
1403	98198	741103
1404	98266	741022
1405	98333	740925
1406	98404	740865
1407	98480	740843
1408	98549	740768
1409	98616	740673
1410	98684	740587
1411	98749	740482
1412	98815	740378
1413	98879	740268
1414	98941	740140
1415	99004	740015
1416	99075	739952
1417	99141	739855
1418	99208	739760
1419	99274	739667
1420	99343	739584
1421	99413	739519
1422	99481	739435
1423	99545	739319
1424	99609	739207
1425	99674	739101
1426	99739	738991
1427	99807	738912
1428	99876	738837
1429	99945	738754
1430	100010	738650
1431	100074	738535
1432	100136	738410
1433	100199	738288
1434	100261	738163
1435	100325	738046
1436	100386	737914
1437	100450	737803
1438	100515	737698
1439	100581	737598
1440	100648	737506
1441	100718	737437
1442	100786	737355
1443	100867	737368
1444	100931	737252
1445	100998	737163
1446	101062	737050
1447	101127	736946
1448	101209	736965
1449	101280	736903
1450	101351	736842
1451	101416	736735
1452	101512	736859
1453	101594	736876
1454	101661	736785
1455	101730	736706
1456	101794	736591
1457	101858	736485
1458	101923	736378
1459	101986	736261
1460	102050	736150
1461	102118	736063
1462	102184	735964
1463	102247	735849
1464	102312	735744
1465	102378	735641
1466	102441	735524
1467	102504	735410
1468	102569	735304
1469	102634	735197
1470	102701	735105
1471	102768	735020
1472	102838	734949
1473	102905	734858
1474	102971	734759
1475	103038	734674
1476	103103	734571
1477	103168	734462
1478	103234	734365
1479	103299	734261
1480	103367	734182
1481	103432	734077
1482	103494	733953
1483	103569	733918
1484	103639	733849
1485	103702	733735
1486	103767	733629
1487	103830	733510
1488	103893	733395
1489	103960	733305
1490	104024	733194
1491	104088	733083
1492	104156	733003
1493	104221	732900
1494	104285	732787
1495	104357	732732
1496	104421	732625
1497	104487	732531
1498	104560	732483
1499	104626	732387
1500	104691	732285
1501	104757	732184
1502	104819	732060
1503	104886	731976
1504	104962	731946
1505	105037	731913
1506	105125	731969
1507	105219	732070
1508	105284	731966
1509	105350	731870
1510	105412	731751
1511	105475	731633
1512	105544	731559
1513	105607	731440
1514	105673	731342
1515	105745	731289
1516	105811	731193
1517	105875	731082
1518	105941	730991
1519	106006	730884
1520	106081	730850
1521	106149	730773
1522	106215	730678
1523	106278	730561
1524	106346	730475
1525	106408	730354
1526	106472	730248
1527	106537	730142
1528	106602	730041
1529	106672	729977
1530	106747	729942
1531	106834	729987
1532	106899	729888
1533	106964	729784
1534	107030	729693
1535	107096	729597
1536	107171	729559
1537	107237	729465
1538	107304	729378
1539	107369	729278
1540	107435	729181
1541	107498	729069
1542	107561	728950
1543	107626	728847
1544	107694	728768
1545	107759	728668
1546	107825	728569
1547	107889	728466
1548	107968	728458
1549	108035	728367
1550	108099	728259
1551	108163	728153
1552	108230	728063
1553	108295	727965
1554	108362	727877
1555	108424	727755
1556	108490	727658
1557	108555	727557
1558	108618	727447
1559	108684	727353
1560	108750	727252
1561	108812	727134
1562	108874	727013
1563	108938	726908
1564	109000	726788
1565	109063	726669
1566	109129	726576
1567	109196	726494
1568	109261	726390
1569	109325	726281
1570	109388	726172
1571	109461	726120
1572	109528	726034
1573	109596	725956
1574	109661	725855
1575	109727	725758
1576	109790	725644
1577	109864	725603
1578	109928	725497
1579	109989	725375
1580	110067	725359
1581	110133	725267
1582	110211	725249
1583	110274	725141
1584	110344	725069
1585	110411	724984
1586	110489	724973
1587	110557	724888
1588	110633	724864
1589	110697	724755
1590	110762	724655
1591	110825	724544
1592	110893	724460
1593	110973	724463
1594	111050	724438
1595	111121	724377
1596	111207	724414
1597	111279	724364
1598	111356	724340
1599	111426	724272
1600	111499	724221
1601	111566	724135
1602	111636	724071
1603	111707	724007
1604	111783	723978
1605	111848	723880
1606	111917	723806
1607	111984	723722
1608	112054	723651
1609	112122	723570
1610	112194	723519
1611	112264	723451
1612	112337	723400
1613	112409	723345
1614	112482	723299
1615	112556	723258
1616	112623	723175
1617	112689	723079
1618	112758	723006
1619	112829	722943
1620	112895	722852
1621	112963	722773
1622	113035	722716
1623	113105	722649
1624	113174	722572
1625	113240	722481
1626	113312	722429
1627	113383	722368
1628	113453	722298
1629	113523	722231
1630	113593	722165
1631	113662	722091
1632	113729	722003
1633	113797	721926
1634	113875	721905
1635	113948	721859
1636	114020	721802
1637	114090	721740
1638	114161	721677
1639	114243	721684
1640	114324	721685
1641	114393	721611
1642	114463	721542
1643	114534	721484
1644	114607	721435
1645	114676	721358
1646	114740	721257
1647	114808	721173
1648	114872	721067
1649	114946	721027
1650	115015	720955
1651	115084	720880
1652	115168	720897
1653	115237	720825
1654	115304	720742
1655	115372	720657
1656	115438	720569
1657	115503	720467
1658	115566	720355
1659	115630	720255
1660	115700	720183
1661	115765	720089
1662	115832	719997
1663	115895	719892
1664	115960	719791
1665	116024	719687
1666	116099	719648
1667	116172	719603
1668	116239	719516
1669	116307	719437
1670	116372	719333
1671	116439	719252
1672	116507	719168
1673	116570	719058
1674	116635	718963
1675	116705	718895
1676	116792	718934
1677	116859	718843
1678	116928	718773
1679	116995	718688
1680	117063	718604
1681	117126	718497
1682	117192	718406
1683	117256	718301
1684	117325	718225
1685	117390	718130
1686	117454	718027
1687	117527	717975
1688	117593	717884
1689	117656	717772
1690	117723	717690
1691	117796	717641
1692	117860	717538
1693	117928	717455
1694	117994	717365
1695	118057	717252
1696	118120	717147
1697	118190	717075
1698	118255	716981
1699	118326	716920
1700	118390	716816
1701	118465	716777
1702	118529	716678
1703	118593	716572
1704	118655	716453
1705	118720	716356
1706	118784	716253
1707	118848	716151
1708	118910	716038
1709	118975	715937
1710	119050	715900
1711	119116	715812
1712	119181	715716
1713	119246	715615
1714	119310	715513
1715	119374	715409
1716	119437	715301
1717	119503	715213
1718	119567	715109
1719	119632	715013
1720	119697	714915
1721	119761	714814
1722	119828	714727
1723	119893	714634
1724	119960	714546
1725	120026	714455
1726	120092	714366
1727	120159	714279
1728	120224	714186
1729	120288	714080
1730	120352	713977
1731	120416	713879
1732	120481	713781
1733	120555	713735
1734	120633	713719
1735	120707	713673
1736	120796	713721
1737	120864	713640
1738	120934	713573
1739	121010	713542
1740	121081	713481
1741	121168	713517
1742	121241	713468
1743	121313	713415
1744	121380	713327
1745	121447	713240
1746	121513	713154
1747	121578	713053
1748	121645	712969
1749	121716	712911
1750	121789	712858
1751	121858	712788
1752	121930	712736
1753	122000	712663
1754	122066	712575
1755	122138	712521
1756	122208	712455
1757	122277	712384
1758	122343	712290
1759	122412	712216
1760	122477	712120
1761	122545	712041
1762	122614	711968
1763	122682	711894
1764	122756	711846
1765	122829	711801
1766	122899	711734
1767	122968	711659
1768	123038	711591
1769	123109	711528
1770	123176	711446
1771	123246	711377
1772	123317	711316
1773	123383	711230
1774	123455	711171
1775	123530	711134
1776	123603	711087
1777	123671	711006
1778	123747	710972
1779	123818	710910
1780	123884	710824
1781	123951	710738
1782	124016	710645
1783	124085	710570
1784	124151	710478
1785	124217	710391
1786	124288	710329
1787	124354	710242
1788	124434	710227
1789	124515	710226
1790	124630	710412
1791	124773	710763
1792	124927	711175
1793	125022	711250
1794	125115	711311
1795	125222	711451
1796	125298	711417
1797	125368	711353
1798	125440	711291
1799	125538	711385
1800	125638	711485
1801	125722	711498
1802	125805	711503
1803	125882	711475
1804	125949	711388
1805	126019	711319
1806	126085	711229
1807	126159	711180
1808	126226	711094
1809	126301	711055
1810	126374	711004
1811	126441	710917
1812	126505	710816
1813	126578	710764
1814	126652	710719
1815	126721	710646
1816	126805	710654
1817	126878	710600
1818	126945	710519
1819	127020	710477
1820	127092	710418
1821	127164	710360
1822	127229	710263
1823	127301	710209
1824	127373	710153
1825	127444	710085
1826	127508	709984
1827	127572	709884
1828	127639	709796
1829	127703	709696
1830	127765	709584
1831	127835	709513
1832	127903	709435
1833	127970	709350
1834	128037	709265
1835	128101	709165
1836	128166	709067
1837	128234	708986
1838	128303	708915
1839	128379	708879
1840	128445	708786
1841	128510	708689
1842	128579	708618
1843	128645	708526
1844	128714	708451
1845	128778	708353
1846	128843	708255
1847	128907	708154
1848	128973	708062
1849	129037	707959
1850	129102	707865
1851	129167	707770
1852	129229	707661
1853	129293	707557
1854	129355	707445
1855	129420	707349
1856	129488	707270
1857	129558	707201
1858	129628	707135
1859	129714	707154
1860	129781	707070
1861	129842	706950
1862	129908	706858
1863	129977	706786
1864	130041	706687
1865	130103	706574
1866	130168	706477
1867	130241	706429
1868	130310	706352
1869	130374	706251
1870	130437	706146
1871	130503	706058
1872	130569	705965
1873	130632	705863
1874	130698	705773
1875	130764	705681
1876	130830	705591
1877	130894	705493
1878	130962	705414
1879	131028	705322
1880	131110	705321
1881	131176	705230
1882	131242	705138
1883	131308	705050
1884	131372	704949
1885	131436	704852
1886	131502	704761
1887	131568	704673
1888	131634	704582
1889	131702	704503
1890	131775	704449
1891	131851	704413
1892	131917	704327
1893	131989	704267
1894	132055	704178
1895	132120	704083
1896	132189	704009
1897	132252	703907
1898	132319	703823
1899	132386	703736
1900	132455	703663
1901	132520	703571
1902	132594	703522
1903	132659	703431
1904	132725	703339
1905	132789	703240
1906	132854	703148
1907	132920	703058
1908	132987	702975
1909	133052	702879
1910	133115	702772
1911	133181	702688
1912	133246	702588
1913	133310	702492
1914	133374	702394
1915	133439	702299
1916	133504	702202
1917	133573	702129
1918	133636	702028
1919	133699	701922
1920	133761	701814
1921	133825	701714
1922	133889	701616
1923	133957	701534
1924	134024	701455
1925	134092	701373
1926	134159	701291
1927	134224	701198
1928	134294	701128
1929	134358	701033
1930	134425	700946
1931	134491	700861
1932	134557	700770
1933	134621	700669
1934	134687	700585
1935	134757	700517
1936	134822	700420
1937	134888	700332
1938	134955	700251
1939	135025	700182
1940	135123	700262
1941	135191	700184
1942	135264	700130
1943	135330	700042
1944	135399	699969
1945	135466	699888
1946	135530	699787
1947	135594	699689
1948	135657	699586
1949	135722	699490
1950	135799	699458
1951	135861	699353
1952	135924	699249
1953	135990	699160
1954	136060	699093
1955	136129	699019
1956	136196	698938
1957	136264	698859
1958	136332	698783
1959	136399	698699
1960	136467	698623
1961	136537	698551
1962	136604	698471
1963	136677	698419
1964	136763	698434
1965	136829	698345
1966	136899	698280
1967	136974	698236
1968	137040	698150
1969	137107	698064
1970	137173	697979
1971	137235	697870
1972	137300	697777
1973	137364	697677
1974	137428	697578
1975	137499	697515
1976	137566	697434
1977	137632	697345
1978	137697	697252
1979	137762	697162
1980	137826	697066
1981	137895	696993
1982	137960	696897
1983	138022	696792
1984	138088	696704
1985	138155	696620
1986	138222	696540
1987	138290	696459
1988	138357	696377
1989	138427	696310
1990	138498	696247
1991	138576	696219
1992	138643	696141
1993	138708	696049
1994	138778	695977
1995	138842	695881
1996	138906	695786
1997	138970	695688
1998	139035	695595
1999	139099	695499
2000	139184	695503
2001	139255	695441
2002	139320	695350
2003	139382	695245
2004	139447	695151
2005	139514	695068
2006	139578	694971
2007	139644	694886
2008	139711	694802
2009	139776	694712
2010	139842	694623
2011	139909	694539
2012	139973	694444
2013	140037	694346
2014	140102	694254
2015	140169	694171
2016	140237	694097
2017	140303	694009
2018	140369	693922
2019	140435	693833
2020	140500	693743
2021	140565	693652
2022	140638	693598
2023	140710	693540
2024	140814	693641
2025	140903	693666
2026	140971	693590
2027	141039	693516
2028	141123	693516
2029	141191	693440
2030	141257	693349
2031	141321	693252
2032	141388	693172
2033	141453	693082
2034	141524	693019
2035	141588	692921
2036	141658	692854
2037	141725	692773
2038	141790	692678
2039	141861	692616
2040	141927	692531
2041	141991	692435
2042	142063	692375
2043	142127	692280
2044	142192	692186
2045	142256	692094
2046	142321	692002
2047	142383	691894
2048	142447	691797
2049	142510	691698
2050	142576	691611
2051	142643	691528
2052	142712	691456
2053	142777	691367
2054	142865	691383
2055	142941	691345
2056	143010	691276
2057	143079	691202
2058	143146	691119
2059	143209	691020
2060	143275	690936
2061	143344	690862
2062	143408	690767
2063	143476	690690
2064	143544	690611
2065	143616	690555
2066	143685	690483
2067	143753	690404
2068	143818	690316
2069	143884	690226
2070	143952	690151
2071	144025	690098
2072	144090	690008
2073	144157	689924
2074	144237	689904
2075	144300	689808
2076	144366	689720
2077	144440	689671
2078	144508	689596
2079	144580	689539
2080	144654	689487
2081	144730	689450
2082	144802	689394
2083	144874	689335
2084	144954	689314
2085	145025	689251
2086	145114	689277
2087	145185	689213
2088	145255	689147
2089	145326	689084
2090	145394	689006
2091	145460	688922
2092	145525	688828
2093	145592	688747
2094	145656	688654
2095	145722	688564
2096	145786	688470
2097	145857	688410
2098	145921	688311
2099	145986	688220
2100	146054	688144
2101	146117	688045
2102	146181	687948
2103	146248	687870
2104	146313	687778
2105	146379	687690
2106	146445	687605
2107	146527	687594
2108	146593	687506
2109	146661	687430
2110	146738	687398
2111	146805	687316
2112	146870	687223
2113	146938	687151
2114	147004	687063
2115	147069	686974
2116	147134	686880
2117	147198	686786
2118	147266	686710
2119	147335	686639
2120	147405	686570
2121	147474	686498
2122	147541	686420
2123	147606	686326
2124	147671	686239
2125	147736	686146
2126	147802	686061
2127	147869	685981
2128	147936	685901
2129	148004	685825
2130	148075	685760
2131	148142	685678
2132	148209	685597
2133	148277	685521
2134	148341	685427
2135	148407	685343
2136	148472	685251
2137	148537	685160
2138	148603	685078
2139	148671	685001
2140	148736	684909
2141	148799	684812
2142	148863	684714
2143	148927	684620
2144	148989	684519
2145	149055	684433
2146	149125	684366
2147	149190	684276
2148	149257	684196
2149	149323	684109
2150	149387	684016
2151	149458	683953
2152	149523	683862
2153	149592	683793
2154	149660	683717
2155	149728	683640
2156	149791	683542
2157	149854	683443
2158	149923	683369
2159	149987	683277
2160	150053	683190
2161	150132	683163
2162	150200	683089
2163	150269	683020
2164	150338	682945
2165	150404	682860
2166	150469	682771
2167	150536	682691
2168	150600	682598
2169	150665	682505
2170	150730	682419
2171	150795	682329
2172	150858	682231
2173	150927	682160
2174	150999	682099
2175	151077	682070
2176	151150	682017
2177	151215	681928
2178	151290	681884
2179	151355	681794
2180	151421	681708
2181	151487	681624
2182	151550	681527
2183	151618	681448
2184	151681	681351
2185	151745	681259
2186	151821	681216
2187	151893	681159
2188	151958	681070
2189	152029	681007
2190	152095	680921
2191	152157	680822
2192	152234	680784
2193	152298	680693
2194	152362	680597
2195	152426	680506
2196	152493	680423
2197	152555	680323
2198	152622	680241
2199	152686	680150
2200	152750	680055
2201	152815	679967
2202	152879	679873
2203	152952	679819
2204	153025	679767
2205	153088	679670
2206	153153	679578
2207	153229	679539
2208	153297	679462
2209	153362	679373
2210	153428	679288
2211	153495	679209
2212	153558	679113
2213	153635	679078
2214	153705	679009
2215	153770	678922
2216	153855	678920
2217	153921	678835
2218	153988	678754
2219	154058	678689
2220	154125	678612
2221	154190	678521
2222	154254	678428
2223	154322	678351
2224	154386	678258
2225	154450	678166
2226	154515	678079
2227	154579	677987
2228	154642	677887
2229	154709	677806
2230	154778	677735
2231	154842	677645
2232	154911	677573
2233	154977	677488
2234	155057	677464
2235	155123	677383
2236	155189	677295
2237	155255	677215
2238	155320	677125
2239	155387	677046
2240	155453	676961
2241	155520	676881
2242	155589	676810
2243	155653	676718
2244	155723	676651
2245	155808	676649
2246	155877	676580
2247	155945	676502
2248	156019	676456
2249	156090	676390
2250	156156	676307
2251	156229	676255
2252	156300	676192
2253	156367	676113
2254	156435	676037
2255	156513	676003
2256	156594	675986
2257	156680	675986
2258	156754	675937
2259	156824	675873
2260	156894	675804
2261	156966	675747
2262	157036	675678
2263	157110	675629
2264	157177	675552
2265	157246	675482
2266	157315	675410
2267	157385	675341
2268	157460	675294
2269	157529	675226
2270	157604	675179
2271	157674	675113
2272	157744	675046
2273	157817	674992
2274	157888	674929
2275	157955	674849
2276	158024	674778
2277	158091	674698
2278	158158	674621
2279	158322	674955
2280	158615	675836
2281	158807	676287
2282	158913	676375
2283	159027	676494
2284	159121	676527
2285	159206	676524
2286	159286	676496
2287	159353	676415
2288	159425	676358
2289	159499	676306
2290	159573	676253
2291	159643	676187
2292	159731	676192
2293	159812	676172
2294	159890	676139
2295	159973	676126
2296	160043	676058
2297	160115	675998
2298	160195	675969
2299	160286	675989
2300	160421	676194
2301	160506	676190
2302	160586	676166
2303	160659	676110
2304	160726	676029
2305	160796	675957
2306	160865	675887
2307	160940	675839
2308	161016	675795
2309	161106	675811
2310	161181	675763
2311	161253	675703
2312	161333	675677
2313	161409	675632
2314	161481	675570
2315	161552	675508
2316	161621	675433
2317	161702	675409
2318	161823	675555
2319	161914	675573
2320	162016	675638
2321	162089	675582
2322	162159	675514
2323	162226	675432
2324	162292	675345
2325	162360	675270
2326	162432	675207
2327	162502	675140
2328	162573	675076
2329	162639	674989
2330	162706	674905
2331	162776	674838
2332	162841	674748
2333	162907	674661
2334	162974	674580
2335	163039	674491
2336	163104	674403
2337	163170	674315
2338	163240	674248
2339	163313	674191
2340	163384	674125
2341	163453	674053
2342	163522	673981
2343	163587	673891
2344	163651	673796
2345	163715	673703
2346	163784	673631
2347	163850	673546
2348	163918	673466
2349	163986	673390
2350	164049	673294
2351	164119	673225
2352	164184	673134
2353	164248	673042
2354	164313	672954
2355	164379	672867
2356	164443	672774
2357	164506	672677
2358	164576	672607
2359	164640	672514
2360	164702	672411
2361	164766	672318
2362	164832	672234
2363	164903	672168
2364	164970	672088
2365	165051	672063
2366	165116	671974
2367	165181	671888
2368	165247	671801
2369	165312	671713
2370	165379	671633
2371	165449	671564
2372	165519	671494
2373	165588	671423
2374	165656	671345
2375	165722	671259
2376	165786	671166
2377	165854	671088
2378	165919	671000
2379	165985	670915
2380	166053	670840
2381	166130	670799
2382	166202	670738
2383	166268	670653
2384	166336	670575
2385	166401	670485
2386	166467	670404
2387	166534	670321
2388	166603	670249
2389	166684	670226
2390	166749	670134
2391	166812	670039
2392	166878	669953
2393	166951	669897
2394	167015	669807
2395	167086	669741
2396	167151	669651
2397	167218	669571
2398	167282	669478
2399	167347	669388
2400	167413	669304
2401	167489	669258
2402	167553	669166
2403	167617	669074
2404	167686	669003
2405	167757	668939
2406	167827	668870
2407	167892	668780
2408	167957	668693
2409	168022	668604
2410	168085	668506
2411	168152	668427
2412	168219	668346
2413	168297	668309
2414	168365	668231
2415	168435	668166
2416	168498	668069
2417	168569	668002
2418	168631	667901
2419	168696	667814
2420	168764	667740
2421	168826	667639
2422	168891	667550
2423	168959	667474
2424	169031	667412
2425	169098	667332
2426	169163	667242
2427	169229	667159
2428	169291	667062
2429	169359	666982
2430	169426	666901
2431	169491	666815
2432	169555	666722
2433	169618	666626
2434	169684	666541
2435	169750	666458
2436	169821	666394
2437	169896	666345
2438	169967	666279
2439	170047	666250
2440	170135	666254
2441	170216	666228
2442	170310	666253
2443	170399	666257
2444	170474	666211
2445	170539	666120
2446	170608	666050
2447	170674	665965
2448	170739	665877
2449	170807	665799
2450	170874	665720
2451	170944	665650
2452	171029	665640
2453	171097	665566
2454	171165	665488
2455	171234	665418
2456	171299	665326
2457	171365	665243
2458	171431	665160
2459	171493	665062
2460	171558	664971
2461	171627	664898
2462	171692	664813
2463	171762	664741
2464	171828	664660
2465	171892	664565
2466	171961	664495
2467	172027	664410
2468	172092	664323
2469	172160	664246
2470	172226	664163
2471	172301	664111
2472	172370	664041
2473	172438	663963
2474	172502	663873
2475	172582	663841
2476	172644	663745
2477	172730	663738
2478	172800	663669
2479	172865	663582
2480	172935	663513
2481	173001	663428
2482	173064	663332
2483	173128	663242
2484	173192	663148
2485	173257	663062
2486	173321	662969
2487	173388	662890
2488	173454	662805
2489	173517	662711
2490	173582	662625
2491	173648	662541
2492	173726	662503
2493	173789	662408
2494	173856	662326
2495	173920	662234
2496	173982	662137
2497	174051	662066
2498	174117	661981
2499	174185	661904
2500	174257	661842
2501	174324	661763
2502	174395	661698
2503	174469	661646
2504	174547	661608
2505	174613	661525
2506	174680	661446
2507	174747	661366
2508	174815	661289
2509	174887	661226
2510	174963	661181
2511	175053	661188
2512	175134	661163
2513	175204	661093
2514	175273	661022
2515	175344	660957
2516	175417	660900
2517	175485	660822
2518	175554	660749
2519	175623	660678
2520	175689	660595
2521	175755	660511
2522	175827	660452
2523	175900	660391
2524	175969	660321
2525	176040	660257
2526	176111	660192
2527	176181	660123
2528	176250	660051
2529	176324	659997
2530	176412	659996
2531	176485	659938
2532	176562	659896
2533	176655	659913
2534	176730	659863
2535	176797	659783
2536	176874	659741
2537	176951	659699
2538	177022	659632
2539	177091	659561
2540	177168	659518
2541	177247	659483
2542	177322	659431
2543	177392	659364
2544	177465	659307
2545	177534	659232
2546	177606	659173
2547	177677	659107
2548	177747	659038
2549	177822	658990
2550	177888	658906
2551	177955	658824
2552	178023	658747
2553	178092	658678
2554	178160	658601
2555	178242	658577
2556	178313	658511
2557	178383	658441
2558	178448	658355
2559	178513	658267
2560	178577	658177
2561	178645	658102
2562	178710	658015
2563	178777	657933
2564	178847	657864
2565	178917	657797
2566	178985	657722
2567	179050	657633
2568	179116	657550
2569	179181	657462
2570	179247	657381
2571	179312	657294
2572	179379	657212
2573	179445	657129
2574	179515	657060
2575	179580	656975
2576	179649	656900
2577	179712	656808
2578	179776	656717
2579	179844	656642
2580	179906	656545
2581	179976	656476
2582	180051	656422
2583	180118	656345
2584	180183	656256
2585	180249	656173
2586	180315	656091
2587	180379	656000
2588	180447	655925
2589	180513	655841
2590	180575	655745
2591	180642	655667
2592	180708	655581
2593	180770	655486
2594	180838	655409
2595	180912	655354
2596	180998	655343
2597	181072	655290
2598	181143	655224
2599	181214	655158
2600	181277	655066
2601	181349	655006
2602	181414	654917
2603	181482	654841
2604	181556	654786
2605	181625	654717
2606	181730	654771
2607	181829	654810
2608	181896	654729
2609	181964	654653
2610	182029	654568
2611	182092	654474
2612	182157	654385
2613	182224	654308
2614	182291	654227
2615	182355	654137
2616	182423	654061
2617	182490	653981
2618	182556	653901
2619	182620	653810
2620	182686	653725
2621	182756	653657
2622	182820	653568
2623	182889	653495
2624	182954	653409
2625	183019	653321
2626	183084	653234
2627	183151	653155
2628	183218	653079
2629	183286	653003
2630	183368	652975
2631	183441	652916
2632	183509	652841
2633	183574	652754
2634	183650	652709
2635	183724	652655
2636	183787	652561
2637	183850	652468
2638	183914	652376
2639	183987	652320
2640	184056	652248
2641	184123	652167
2642	184185	652070
2643	184267	652044
2644	184331	651954
2645	184394	651860
2646	184456	651763
2647	184526	651694
2648	184592	651613
2649	184657	651526
2650	184723	651446
2651	184791	651368
2652	184858	651289
2653	184927	651218
2654	185004	651173
2655	185071	651096
2656	185139	651017
2657	185200	650920
2658	185265	650832
2659	185331	650750
2660	185396	650663
2661	185462	650582
2662	185531	650510
2663	185598	650431
2664	185662	650342
2665	185731	650270
2666	185799	650194
2667	185862	650099
2668	185930	650025
2669	185995	649937
2670	186062	649861
2671	186134	649797
2672	186223	649798
2673	186288	649710
2674	186351	649619
2675	186418	649538
2676	186488	649469
2677	186556	649396
2678	186636	649360
2679	186706	649293
2680	186770	649202
2681	186838	649126
2682	186915	649083
2683	186983	649009
2684	187049	648926
2685	187114	648839
2686	187180	648756
2687	187252	648696
2688	187333	648664
2689	187400	648586
2690	187466	648505
2691	187531	648417
2692	187597	648336
2693	187666	648265
2694	187736	648197
2695	187812	648149
2696	187880	648071
2697	187948	647997
2698	188019	647930
2699	188088	647859
2700	188156	647785
2701	188228	647723
2702	188302	647669
2703	188374	647607
2704	188443	647535
2705	188511	647459
2706	188577	647375
2707	188643	647296
2708	188709	647211
2709	188776	647133
2710	188844	647060
2711	188916	646998
2712	188985	646926
2713	189055	646856
2714	189125	646789
2715	189196	646724
2716	189265	646651
2717	189335	646583
2718	189402	646505
2719	189472	646434
2720	189544	646373
2721	189611	646295
2722	189680	646222
2723	189752	646162
2724	189822	646094
2725	189898	646045
2726	189971	645985
2727	190040	645916
2728	190110	645847
2729	190179	645774
2730	190247	645698
2731	190315	645624
2732	190383	645547
2733	190449	645467
2734	190519	645398
2735	190598	645358
2736	190667	645288
2737	190732	645203
2738	190805	645145
2739	190877	645082
2740	190970	645092
2741	191057	645081
2742	191134	645036
2743	191202	644961
2744	191270	644885
2745	191338	644809
2746	191412	644753
2747	191596	645068
2748	191744	645263
2749	191824	645226
2750	191899	645175
2751	191974	645121
2752	192044	645055
2753	192118	644997
2754	192193	644946
2755	192270	644901
2756	192381	644969
2757	192482	645004
2758	192561	644965
2759	192644	644939
2760	192718	644885
2761	192799	644852
2762	192870	644786
2763	192939	644712
2764	193003	644625
2765	193070	644545
2766	193137	644467
2767	193204	644385
2768	193269	644302
2769	193333	644212
2770	193416	644187
2771	193487	644120
2772	193551	644030
2773	193617	643949
2774	193684	643871
2775	193754	643800
2776	193823	643729
2777	193896	643670
2778	193965	643596
2779	194035	643528
2780	194106	643460
2781	194174	643384
2782	194241	643308
2783	194308	643228
2784	194379	643161
2785	194450	643096
2786	194521	643029
2787	194606	643010
2788	194680	642954
2789	194747	642875
2790	194816	642802
2791	194885	642731
2792	194969	642708
2793	195034	642622
2794	195102	642547
2795	195169	642466
2796	195236	642388
2797	195313	642342
2798	195383	642272
2799	195450	642195
2800	195532	642164
2801	195598	642083
2802	195664	642000
2803	195729	641916
2804	195794	641828
2805	195861	641751
2806	195926	641665
2807	195991	641580
2808	196054	641486
2809	196117	641395
2810	196189	641333
2811	196253	641243
2812	196317	641155
2813	196384	641075
2814	196450	640995
2815	196522	640930
2816	196611	640924
2817	196678	640844
2818	196746	640768
2819	196812	640687
2820	196877	640601
2821	196955	640558
2822	197027	640496
2823	197097	640427
2824	197164	640347
2825	197228	640258
2826	197294	640177
2827	197371	640131
2828	197436	640047
2829	197505	639972
2830	197570	639887
2831	197635	639803
2832	197705	639734
2833	197779	639677
2834	197844	639591
2835	197911	639514
2836	197981	639444
2837	198045	639357
2838	198109	639267
2839	198184	639214
2840	198263	639173
2841	198326	639081
2842	198396	639015
2843	198466	638944
2844	198529	638854
2845	198598	638781
2846	198662	638692
2847	198727	638608
2848	198796	638534
2849	198865	638462
2850	198932	638385
2851	198997	638298
2852	199064	638220
2853	199130	638137
2854	199196	638058
2855	199273	638009
2856	199338	637925
2857	199401	637833
2858	199465	637745
2859	199535	637677
2860	199600	637591
2861	199666	637510
2862	199730	637422
2863	199795	637335
2864	199858	637244
2865	199923	637159
2866	199989	637077
2867	200055	636995
2868	200119	636907
2869	200188	636836
2870	200254	636754
2871	200316	636661
2872	200378	636566
2873	200443	636481
2874	200507	636394
2875	200585	636349
2876	200682	636367
2877	200763	636333
2878	200830	636253
2879	200899	636181
2880	200982	636153
2881	201050	636078
2882	201122	636015
2883	201195	635955
2884	201262	635876
2885	201326	635788
2886	201390	635703
2887	201458	635625
2888	201524	635544
2889	201588	635456
2890	201653	635373
2891	201719	635290
2892	201785	635208
2893	201858	635148
2894	201935	635103
2895	201999	635013
2896	202066	634936
2897	202133	634859
2898	202199	634775
2899	202265	634694
2900	202329	634607
2901	202398	634536
2902	202460	634442
2903	202525	634356
2904	202590	634273
2905	202656	634190
2906	202719	634099
2907	202789	634030
2908	202859	633960
2909	202921	633867
2910	202985	633779
2911	203046	633682
2912	203109	633591
2913	203177	633518
2914	203248	633453
2915	203316	633375
2916	203385	633305
2917	203453	633228
2918	203520	633150
2919	203589	633078
2920	203656	633000
2921	203726	632934
2922	203794	632856
2923	203861	632780
2924	203927	632697
2925	204002	632644
2926	204071	632573
2927	204135	632485
2928	204202	632407
2929	204268	632325
2930	204334	632245
2931	204398	632156
2932	204465	632080
2933	204533	632005
2934	204604	631937
2935	204674	631868
2936	204744	631799
2937	204811	631722
2938	204884	631662
2939	204965	631627
2940	205037	631566
2941	205103	631485
2942	205174	631420
2943	205255	631384
2944	205321	631301
2945	205388	631224
2946	205455	631145
2947	205543	631133
2948	205607	631046
2949	205669	630953
2950	205732	630860
2951	205798	630779
2952	205862	630693
2953	205928	630612
2954	205991	630523
2955	206055	630435
2956	206118	630345
2957	206189	630279
2958	206255	630197
2959	206319	630109
2960	206385	630031
2961	206450	629947
2962	206532	629915
2963	206603	629848
2964	206671	629773
2965	206736	629690
2966	206803	629610
2967	206870	629534
2968	206934	629445
2969	206999	629360
2970	207072	629303
2971	207139	629225
2972	207207	629149
2973	207275	629076
2974	207342	628997
2975	207407	628913
2976	207472	628828
2977	207546	628771
2978	207616	628703
2979	207686	628633
2980	207757	628569
2981	207821	628481
2982	207886	628397
2983	207952	628316
2984	208027	628264
2985	208091	628177
2986	208154	628088
2987	208219	628003
2988	208288	627932
2989	208361	627871
2990	208427	627789
2991	208490	627701
2992	208554	627614
2993	208618	627528
2994	208683	627444
2995	208750	627365
2996	208815	627283
2997	208880	627198
2998	208943	627110
2999	209009	627028
3000	209074	626944
3001	209145	626877
3002	209222	626831
3003	209290	626756
3004	209353	626665
3005	209417	626581
3006	209482	626497
3007	209546	626411
3008	209615	626337
3009	209687	626275
3010	209756	626204
3011	209830	626147
3012	209897	626069
3013	209972	626016
3014	210038	625936
3015	210106	625860
3016	210186	625822
3017	210252	625742
3018	210316	625656
3019	210379	625566
3020	210444	625481
3021	210508	625395
3022	210583	625342
3023	210649	625259
3024	210714	625176
3025	210783	625106
3026	210854	625040
3027	210936	625008
3028	211004	624931
3029	211074	624865
3030	211138	624777
3031	211203	624693
3032	211274	624627
3033	211341	624552
3034	211406	624467
3035	211470	624380
3036	211540	624312
3037	211605	624229
3038	211668	624140
3039	211738	624071
3040	211805	623993
3041	211873	623920
3042	211946	623859
3043	212012	623779
3044	212085	623718
3045	212154	623646
3046	212224	623579
3047	212287	623490
3048	212365	623444
3049	212434	623372
3050	212498	623288
3051	212564	623205
3052	212638	623150
3053	212702	623064
3054	212769	622985
3055	212849	622946
3056	212913	622861
3057	212978	622776
3058	213042	622692
3059	213106	622606
3060	213172	622526
3061	213236	622439
3062	213305	622367
3063	213378	622306
3064	213442	622222
3065	213506	622135
3066	213571	622053
3067	213638	621974
3068	213704	621894
3069	213769	621811
3070	213833	621726
3071	213898	621643
3072	213965	621565
3073	214031	621485
3074	214097	621404
3075	214162	621321
3076	214229	621244
3077	214300	621179
3078	214369	621107
3079	214435	621026
3080	214499	620941
3081	214563	620854
3082	214627	620770
3083	214692	620687
3084	214772	620647
3085	214852	620607
3086	214938	620584
3087	215024	620561
3088	215090	620482
3089	215158	620408
3090	215232	620351
3091	215296	620265
3092	215361	620183
3093	215430	620112
3094	215494	620025
3095	215560	619946
3096	215629	619874
3097	215696	619797
3098	215761	619714
3099	215824	619624
3100	215890	619546
3101	215955	619461
3102	216021	619381
3103	216084	619292
3104	216155	619229
3105	216221	619146
3106	216284	619060
3107	216352	618985
3108	216426	618927
3109	216497	618863
3110	216587	618851
3111	216654	618774
3112	216719	618690
3113	216786	618613
3114	216849	618526
3115	216914	618442
3116	216979	618360
3117	217043	618274
3118	217107	618187
3119	217172	618105
3120	217243	618039
3121	217312	617969
3122	217377	617886
3123	217441	617801
3124	217505	617716
3125	217570	617634
3126	217637	617556
3127	217706	617485
3128	217773	617408
3129	217840	617329
3130	217906	617251
3131	217973	617174
3132	218038	617091
3133	218108	617023
3134	218174	616944
3135	218245	616878
3136	218316	616813
3137	218382	616732
3138	218448	616651
3139	218516	616577
3140	218582	616497
3141	218647	616416
3142	218714	616339
3143	218790	616288
3144	218858	616214
3145	218924	616133
3146	218989	616050
3147	219053	615965
3148	219127	615909
3149	219195	615834
3150	219259	615750
3151	219333	615693
3152	219397	615608
3153	219475	615560
3154	219540	615478
3155	219606	615399
3156	219672	615320
3157	219740	615245
3158	219803	615158
3159	219869	615077
3160	219939	615009
3161	220003	614924
3162	220068	614840
3163	220136	614769
3164	220202	614689
3165	220267	614604
3166	220332	614523
3167	220396	614440
3168	220461	614357
3169	220528	614278
3170	220592	614193
3171	220657	614111
3172	220723	614032
3173	220794	613966
3174	220865	613901
3175	220956	613891
3176	221046	613877
3177	221116	613810
3178	221186	613743
3179	221252	613663
3180	221319	613586
3181	221385	613507
3182	221450	613423
3183	221514	613340
3184	221577	613252
3185	221641	613167
3186	221715	613108
3187	221782	613031
3188	221850	612958
3189	221918	612884
3190	221983	612801
3191	222049	612721
3192	222117	612649
3193	222183	612569
3194	222249	612491
3195	222313	612405
3196	222376	612319
3197	222447	612252
3198	222514	612174
3199	222583	612103
3200	222656	612045
3201	222727	611977
3202	222805	611931
3203	222877	611868
3204	222950	611809
3205	223018	611734
3206	223090	611671
3207	223161	611607
3208	223236	611551
3209	223305	611481
3210	223380	611427
3211	223453	611366
3212	223521	611293
3213	223590	611221
3214	223655	611139
3215	223725	611072
3216	223795	611003
3217	223870	610947
3218	223944	610890
3219	224014	610823
3220	224088	610763
3221	224165	610715
3222	224242	610664
3223	224316	610608
3224	224386	610540
3225	224452	610461
3226	224519	610385
3227	224584	610300
3228	224654	610232
3229	224727	610174
3230	224799	610109
3231	224884	610082
3232	224954	610015
3233	225032	609968
3234	225316	610479
3235	225543	610834
3236	225677	610939
3237	225782	610965
3238	225900	611026
3239	226003	611046
3240	226090	611024
3241	226168	610976
3242	226242	610917
3243	226322	610876
3244	226421	610883
3245	226503	610847
3246	226603	610859
3247	226675	610795
3248	226746	610727
3249	226821	610673
3250	226896	610616
3251	226968	610554
3252	227082	610602
3253	227172	610586
3254	227275	610606
3255	227373	610613
3256	227455	610575
3257	227523	610500
3258	227590	610423
3259	227667	610371
3260	227735	610296
3261	227806	610231
3262	227881	610174
3263	227959	610126
3264	228032	610064
3265	228106	610007
3266	228176	609936
3267	228244	609861
3268	228315	609796
3269	228394	609749
3270	228460	609669
3271	228584	609744
3272	228653	609674
3273	228724	609606
3274	228809	609576
3275	228878	609504
3276	228945	609426
3277	229010	609343
3278	229085	609287
3279	229159	609228
3280	229230	609162
3281	229300	609092
3282	229367	609015
3283	229434	608937
3284	229502	608861
3285	229576	608802
3286	229641	608721
3287	229707	608641
3288	229771	608556
3289	229837	608474
3290	229903	608394
3291	229970	608317
3292	230050	608275
3293	230133	608240
3294	230207	608180
3295	230278	608112
3296	230344	608035
3297	230411	607956
3298	230477	607875
3299	230544	607800
3300	230613	607727
3301	230679	607646
3302	230745	607566
3303	230811	607487
3304	230888	607434
3305	230975	607411
3306	231043	607336
3307	231114	607269
3308	231181	607191
3309	231248	607114
3310	231314	607035
3311	231379	606952
3312	231445	606872
3313	231513	606796
3314	231580	606720
3315	231646	606639
3316	231711	606556
3317	231776	606475
3318	231841	606391
3319	231907	606311
3320	231976	606239
3321	232039	606152
3322	232110	606085
3323	232177	606007
3324	232254	605957
3325	232322	605883
3326	232396	605822
3327	232470	605764
3328	232536	605685
3329	232608	605619
3330	232675	605543
3331	232740	605459
3332	232807	605384
3333	232878	605316
3334	232945	605239
3335	233010	605156
3336	233083	605094
3337	233153	605024
3338	233218	604942
3339	233283	604859
3340	233344	604768
3341	233412	604694
3342	233479	604615
3343	233546	604537
3344	233609	604451
3345	233674	604369
3346	233738	604284
3347	233808	604214
3348	233890	604177
3349	233956	604095
3350	234021	604013
3351	234088	603938
3352	234155	603860
3353	234222	603782
3354	234288	603703
3355	234353	603621
3356	234420	603543
3357	234492	603479
3358	234562	603409
3359	234629	603332
3360	234707	603283
3361	234792	603253
3362	234875	603216
3363	234942	603139
3364	235008	603061
3365	235080	602995
3366	235149	602923
3367	235215	602843
3368	235286	602778
3369	235353	602701
3370	235421	602626
3371	235488	602548
3372	235571	602513
3373	235639	602438
3374	235706	602360
3375	235777	602294
3376	235845	602219
3377	235910	602137
3378	235976	602058
3379	236049	601995
3380	236118	601923
3381	236189	601858
3382	236258	601785
3383	236326	601711
3384	236397	601643
3385	236480	601606
3386	236554	601548
3387	236621	601470
3388	236688	601394
3389	236760	601329
3390	236830	601260
3391	236898	601186
3392	236967	601114
3393	237038	601045
3394	237106	600972
3395	237178	600908
3396	237246	600833
3397	237314	600757
3398	237384	600690
3399	237450	600609
3400	237521	600541
3401	237587	600462
3402	237654	600385
3403	237718	600302
3404	237782	600217
3405	237846	600133
3406	237913	600055
3407	237982	599983
3408	238047	599901
3409	238115	599827
3410	238187	599763
3411	238256	599690
3412	238326	599621
3413	238396	599552
3414	238464	599478
3415	238532	599404
3416	238605	599341
3417	238672	599265
3418	238741	599193
3419	238811	599122
3420	238877	599044
3421	238950	598981
3422	239021	598914
3423	239096	598858
3424	239170	598798
3425	239239	598726
3426	239307	598652
3427	239375	598577
3428	239443	598503
3429	239514	598437
3430	239587	598374
3431	239660	598312
3432	239729	598240
3433	239803	598182
3434	239884	598140
3435	239956	598074
3436	240023	597998
3437	240094	597932
3438	240179	597899
3439	240251	597833
3440	240317	597755
3441	240385	597680
3442	240456	597613
3443	240527	597546
3444	240598	597479
3445	240668	597410
3446	240738	597341
3447	240808	597273
3448	240880	597207
3449	240968	597182
3450	241042	597122
3451	241114	597059
3452	241190	597003
3453	241260	596935
3454	241336	596880
3455	241406	596811
3456	241476	596741
3457	241550	596681
3458	241624	596622
3459	241691	596543
3460	241762	596477
3461	241828	596398
3462	241900	596334
3463	241979	596287
3464	242047	596212
3465	242117	596143
3466	242185	596067
3467	242252	595992
3468	242322	595922
3469	242388	595843
3470	242455	595766
3471	242525	595696
3472	242589	595611
3473	242654	595530
3474	242721	595454
3475	242787	595375
3476	242857	595305
3477	242925	595231
3478	242994	595157
3479	243062	595084
3480	243130	595009
3481	243196	594931
3482	243261	594848
3483	243326	594767
3484	243395	594695
3485	243466	594627
3486	243534	594553
3487	243600	594474
3488	243665	594393
3489	243731	594312
3490	243798	594236
3491	243867	594164
3492	243931	594081
3493	243996	594000
3494	244063	593922
3495	244130	593847
3496	244197	593770
3497	244262	593687
3498	244329	593611
3499	244392	593525
3500	244457	593443
3501	244523	593364
3502	244589	593284
3503	244658	593212
3504	244731	593152
3505	244815	593116
3506	244884	593043
3507	244959	592987
3508	245028	592914
3509	245095	592838
3510	245162	592760
3511	245231	592689
3512	245296	592608
3513	245359	592522
3514	245426	592445
3515	245488	592356
3516	245558	592286
3517	245633	592229
3518	245713	592183
3519	245783	592113
3520	245848	592034
3521	245915	591956
3522	245991	591901
3523	246055	591817
3524	246124	591747
3525	246190	591667
3526	246256	591587
3527	246325	591517
3528	246405	591470
3529	246487	591429
3530	246553	591352
3531	246620	591275
3532	246694	591215
3533	246760	591135
3534	246834	591075
3535	246906	591011
3536	246971	590931
3537	247039	590856
3538	247106	590778
3539	247174	590704
3540	247241	590627
3541	247305	590544
3542	247372	590468
3543	247440	590393
3544	247507	590316
3545	247579	590252
3546	247653	590192
3547	247721	590117
3548	247787	590040
3549	247861	589979
3550	247931	589909
3551	247999	589835
3552	248064	589754
3553	248135	589689
3554	248202	589611
3555	248266	589529
3556	248335	589455
3557	248399	589372
3558	248462	589287
3559	248534	589223
3560	248600	589142
3561	248664	589060
3562	248741	589006
3563	248810	588934
3564	248875	588852
3565	248938	588768
3566	249004	588689
3567	249069	588608
3568	249139	588538
3569	249210	588471
3570	249278	588397
3571	249343	588315
3572	249406	588231
3573	249470	588146
3574	249538	588073
3575	249602	587989
3576	249666	587905
3577	249731	587825
3578	249795	587742
3579	249862	587664
3580	249930	587590
3581	249998	587517
3582	250079	587473
3583	250150	587406
3584	250218	587332
3585	250281	587247
3586	250347	587167
3587	250413	587089
3588	250477	587007
3589	250545	586933
3590	250621	586876
3591	250690	586806
3592	250761	586738
3593	250829	586665
3594	250912	586626
3595	250977	586544
3596	251043	586467
3597	251108	586385
3598	251173	586304
3599	251247	586243
3600	251315	586170
3601	251381	586090
3602	251448	586014
3603	251528	585968
3604	251601	585908
3605	251668	585831
3606	251734	585751
3607	251801	585676
3608	251862	585586
3609	251928	585507
3610	252003	585448
3611	252071	585375
3612	252140	585303
3613	252208	585230
3614	252280	585165
3615	252351	585098
3616	252420	585025
3617	252481	584937
3618	252545	584853
3619	252614	584781
3620	252681	584705
3621	252744	584619
3622	252810	584542
3623	252878	584467
3624	252956	584416
3625	253028	584352
3626	253099	584285
3627	253163	584203
3628	253231	584127
3629	253302	584060
3630	253367	583980
3631	253431	583897
3632	253498	583822
3633	253563	583740
3634	253628	583659
3635	253693	583578
3636	253760	583501
3637	253827	583427
3638	253895	583352
3639	253963	583278
3640	254037	583219
3641	254107	583150
3642	254174	583073
3643	254241	582996
3644	254304	582912
3645	254368	582829
3646	254436	582755
3647	254506	582685
3648	254577	582618
3649	254650	582557
3650	254720	582488
3651	254791	582420
3652	254876	582386
3653	254944	582311
3654	255019	582252
3655	255087	582181
3656	255158	582113
3657	255233	582056
3658	255307	581994
3659	255374	581918
3660	255439	581839
3661	255509	581767
3662	255578	581696
3663	255650	581633
3664	255721	581566
3665	255793	581500
3666	255874	581457
3667	255949	581399
3668	256018	581328
3669	256088	581258
3670	256155	581181
3671	256228	581120
3672	256300	581055
3673	256368	580981
3674	256457	580954
3675	256528	580887
3676	256598	580819
3677	256671	580756
3678	256745	580696
3679	256822	580642
3680	256900	580591
3681	256969	580520
3682	257038	580448
3683	257108	580378
3684	257179	580311
3685	257254	580252
3686	257322	580179
3687	257398	580123
3688	257467	580051
3689	257534	579976
3690	257602	579903
3691	257677	579843
3692	257743	579766
3693	257816	579704
3694	257885	579632
3695	257954	579560
3696	258025	579492
3697	258095	579424
3698	258165	579355
3699	258235	579285
3700	258302	579208
3701	258398	579197
3702	258488	579173
3703	258639	579285
3704	258770	579353
3705	258864	579335
3706	258949	579301
3707	259026	579246
3708	259103	579193
3709	259176	579130
3710	259244	579056
3711	259322	579003
3712	259426	579010
3713	259515	578984
3714	259602	578951
3715	259684	578908
3716	259756	578844
3717	259823	578767
3718	259891	578694
3719	259959	578620
3720	260028	578547
3721	260097	578476
3722	260162	578395
3723	260229	578318
3724	260300	578250
3725	260369	578178
3726	260480	578200
3727	260571	578178
3728	260641	578108
3729	260712	578039
3730	260787	577981
3731	260877	577956
3732	260946	577884
3733	261019	577821
3734	261090	577754
3735	261159	577683
3736	261233	577621
3737	261304	577553
3738	261369	577473
3739	261436	577397
3740	261510	577335
3741	261577	577259
3742	261643	577181
3743	261720	577128
3744	261789	577054
3745	261856	576979
3746	261926	576909
3747	261999	576845
3748	262065	576767
3749	262131	576689
3750	262202	576621
3751	262270	576547
3752	262344	576486
3753	262427	576446
3754	262494	576369
3755	262561	576293
3756	262628	576217
3757	262693	576136
3758	262759	576058
3759	262831	575992
3760	262897	575913
3761	262962	575832
3762	263027	575752
3763	263094	575676
3764	263161	575599
3765	263226	575519
3766	263295	575447
3767	263365	575378
3768	263435	575308
3769	263508	575245
3770	263577	575172
3771	263641	575090
3772	263712	575023
3773	263777	574942
3774	263840	574858
3775	263908	574784
3776	263973	574702
3777	264041	574629
3778	264109	574555
3779	264181	574490
3780	264247	574410
3781	264310	574326
3782	264373	574242
3783	264440	574165
3784	264505	574084
3785	264571	574006
3786	264640	573934
3787	264708	573861
3788	264789	573816
3789	264855	573736
3790	264921	573658
3791	264986	573577
3792	265052	573499
3793	265118	573421
3794	265185	573345
3795	265251	573266
3796	265318	573191
3797	265386	573118
3798	265452	573039
3799	265518	572960
3800	265587	572888
3801	265662	572830
3802	265732	572761
3803	265800	572686
3804	265871	572620
3805	265938	572543
3806	266006	572469
3807	266076	572399
3808	266147	572332
3809	266217	572263
3810	266288	572195
3811	266367	572145
3812	266453	572110
3813	266540	572076
3814	266612	572010
3815	266748	572082
3816	266814	572004
3817	266885	571936
3818	266953	571863
3819	267024	571795
3820	267095	571728
3821	267168	571665
3822	267239	571598
3823	267306	571520
3824	267376	571451
3825	267442	571373
3826	267507	571293
3827	267579	571227
3828	267647	571153
3829	267713	571075
3830	267784	571008
3831	267860	570952
3832	267933	570887
3833	267997	570804
3834	268067	570735
3835	268144	570681
3836	268215	570612
3837	268282	570536
3838	268346	570454
3839	268413	570377
3840	268478	570298
3841	268550	570232
3842	268617	570156
3843	268686	570084
3844	268767	570038
3845	268833	569960
3846	268896	569875
3847	268963	569800
3848	269027	569718
3849	269093	569639
3850	269172	569589
3851	269237	569507
3852	269303	569430
3853	269366	569346
3854	269432	569267
3855	269494	569182
3856	269563	569109
3857	269627	569027
3858	269692	568946
3859	269766	568886
3860	269833	568809
3861	269895	568724
3862	269961	568646
3863	270028	568568
3864	270099	568500
3865	270167	568428
3866	270234	568352
3867	270298	568269
3868	270362	568188
3869	270429	568110
3870	270496	568036
3871	270560	567953
3872	270626	567874
3873	270698	567810
3874	270772	567748
3875	270856	567708
3876	270920	567625
3877	270991	567558
3878	271057	567481
3879	271122	567400
3880	271204	567357
3881	271269	567275
3882	271333	567194
3883	271399	567114
3884	271472	567052
3885	271535	566968
3886	271602	566893
3887	271669	566815
3888	271733	566733
3889	271800	566658
3890	271879	566608
3891	271942	566523
3892	272006	566442
3893	272073	566364
3894	272138	566285
3895	272207	566214
3896	272279	566147
3897	272346	566073
3898	272413	565996
3899	272478	565917
3900	272543	565836
3901	272609	565758
3902	272675	565680
3903	272742	565605
3904	272806	565522
3905	272872	565446
3906	272935	565362
3907	272999	565278
3908	273063	565197
3909	273127	565114
3910	273192	565036
3911	273266	564974
3912	273333	564899
3913	273400	564822
3914	273466	564744
3915	273529	564660
3916	273593	564578
3917	273659	564502
3918	273725	564423
3919	273793	564349
3920	273856	564265
3921	273920	564183
3922	273986	564105
3923	274050	564024
3924	274116	563947
3925	274181	563866
3926	274246	563786
3927	274313	563710
3928	274378	563631
3929	274451	563568
3930	274517	563490
3931	274590	563427
3932	274668	563373
3933	274753	563336
3934	274821	563261
3935	274886	563182
3936	274951	563102
3937	275020	563029
3938	275086	562952
3939	275156	562883
3940	275224	562809
3941	275292	562735
3942	275362	562667
3943	275427	562587
3944	275491	562504
3945	275567	562448
3946	275633	562369
3947	275699	562291
3948	275765	562215
3949	275832	562140
3950	275896	562058
3951	275975	562006
3952	276043	561933
3953	276110	561857
3954	276175	561777
3955	276242	561703
3956	276311	561630
3957	276385	561569
3958	276460	561509
3959	276524	561427
3960	276587	561345
3961	276656	561272
3962	276730	561212
3963	276798	561139
3964	276863	561059
3965	276931	560985
3966	276997	560907
3967	277060	560824
3968	277126	560746
3969	277198	560681
3970	277280	560636
3971	277349	560563
3972	277418	560493
3973	277481	560410
3974	277552	560342
3975	277619	560266
3976	277687	560192
3977	277755	560119
3978	277821	560042
3979	277886	559963
3980	277951	559881
3981	278022	559814
3982	278091	559743
3983	278157	559667
3984	278225	559593
3985	278290	559513
3986	278359	559441
3987	278428	559370
3988	278492	559288
3989	278561	559217
3990	278641	559168
3991	278711	559098
3992	278780	559026
3993	278858	558973
3994	278926	558899
3995	278995	558828
3996	279068	558765
3997	279133	558685
3998	279198	558606
3999	279262	558524
4000	279329	558449
4001	279397	558376
4002	279462	558295
4003	279527	558217
4004	279592	558137
4005	279662	558068
4006	279729	557992
4007	279793	557911
4008	279859	557834
4009	279922	557751
4010	279988	557672
4011	280054	557595
4012	280117	557513
4013	280181	557431
4014	280248	557355
4015	280314	557279
4016	280378	557197
4017	280445	557121
4018	280510	557042
4019	280575	556963
4020	280644	556891
4021	280716	556827
4022	280799	556782
4023	280869	556713
4024	280943	556652
4025	281009	556574
4026	281089	556524
4027	281173	556483
4028	281243	556413
4029	281309	556337
4030	281375	556260
4031	281442	556183
4032	281507	556105
4033	281572	556025
4034	281638	555947
4035	281704	555870
4036	281774	555801
4037	281851	555745
4038	281915	555664
4039	281978	555580
4040	282044	555503
4041	282112	555429
4042	282177	555350
4043	282253	555293
4044	282322	555221
4045	282385	555139
4046	282449	555058
4047	282518	554986
4048	282583	554908
4049	282653	554839
4050	282719	554761
4051	282784	554681
4052	282850	554604
4053	282913	554521
4054	282980	554447
4055	283045	554367
4056	283111	554290
4057	283175	554209
4058	283255	554158
4059	283328	554094
4060	283397	554024
4061	283467	553954
4062	283533	553878
4063	283600	553802
4064	283667	553727
4065	283738	553660
4066	283813	553600
4067	283878	553522
4068	283944	553443
4069	284019	553385
4070	284089	553314
4071	284154	553235
4072	284217	553153
4073	284284	553076
4074	284349	552998
4075	284417	552926
4076	284484	552849
4077	284555	552782
4078	284627	552717
4079	284718	552689
4080	284803	552649
4081	284869	552571
4082	284934	552492
4083	285001	552417
4084	285068	552342
4085	285134	552265
4086	285203	552194
4087	285268	552115
4088	285335	552039
4089	285401	551962
4090	285468	551886
4091	285540	551820
4092	285612	551756
4093	285687	551695
4094	285755	551622
4095	285822	551547
4096	285887	551469
4097	285952	551389
4098	286026	551329
4099	286091	551249
4100	286157	551173
4101	286233	551114
4102	286310	551059
4103	286393	551013
4104	286460	550939
4105	286527	550864
4106	286594	550789
4107	286665	550721
4108	286740	550661
4109	286808	550588
4110	286876	550516
4111	286944	550441
4112	287009	550362
4113	287076	550288
4114	287142	550210
4115	287207	550132
4116	287274	550056
4117	287341	549982
4118	287411	549913
4119	287479	549839
4120	287548	549768
4121	287613	549689
4122	287677	549608
4123	287745	549535
4124	287830	549495
4125	287899	549423
4126	287966	549347
4127	288034	549274
4128	288103	549202
4129	288168	549124
4130	288234	549048
4131	288301	548973
4132	288367	548896
4133	288433	548818
4134	288502	548748
4135	288570	548674
4136	288630	548586
4137	288700	548516
4138	288765	548438
4139	288829	548357
4140	288899	548288
4141	288966	548213
4142	289037	548145
4143	289113	548088
4144	289182	548016
4145	289252	547946
4146	289319	547871
4147	289386	547798
4148	289466	547746
4149	289534	547674
4150	289603	547603
4151	289675	547536
4152	289744	547465
4153	289814	547395
4154	289886	547330
4155	289961	547270
4156	290033	547204
4157	290105	547140
4158	290176	547071
4159	290242	546994
4160	290310	546922
4161	290390	546872
4162	290463	546807
4163	290537	546747
4164	290611	546684
4165	290685	546623
4166	290766	546574
4167	290855	546540
4168	290927	546475
4169	291000	546410
4170	291067	546336
4171	291138	546267
4172	291210	546203
4173	291280	546133
4174	291350	546064
4175	291417	545988
4176	291497	545938
4177	291814	546331
4178	291978	546437
4179	292077	546421
4180	292169	546393
4181	292268	546378
4182	292344	546320
4183	292424	546268
4184	292500	546210
4185	292573	546145
4186	292647	546084
4187	292723	546026
4188	292809	545985
4189	292895	545946
4190	292969	545884
4191	293041	545816
4192	293130	545783
4193	293203	545719
4194	293284	545670
4195	293400	545685
4196	293497	545665
4197	293578	545616
4198	293660	545570
4199	293738	545513
4200	293807	545443
4201	293878	545374
4202	293947	545303
4203	294023	545245
4204	294102	545190
4205	294171	545120
4206	294245	545057
4207	294314	544985
4208	294392	544930
4209	294474	544882
4210	294546	544817
4211	294625	544762
4212	294697	544697
4213	294808	544703
4214	294901	544676
4215	294976	544614
4216	295057	544565
4217	295140	544519
4218	295216	544460
4219	295294	544404
4220	295364	544335
4221	295435	544267
4222	295502	544192
4223	295569	544116
4224	295640	544048
4225	295711	543979
4226	295775	543899
4227	295850	543839
4228	295927	543782
4229	296010	543734
4230	296078	543662
4231	296143	543583
4232	296211	543509
4233	296280	543437
4234	296365	543395
4235	296430	543315
4236	296498	543241
4237	296564	543164
4238	296633	543092
4239	296704	543025
4240	296787	542978
4241	296864	542921
4242	296928	542841
4243	296993	542761
4244	297060	542686
4245	297128	542612
4246	297201	542548
4247	297279	542493
4248	297345	542415
4249	297411	542339
4250	297480	542265
4251	297548	542192
4252	297613	542113
4253	297683	542043
4254	297747	541963
4255	297814	541888
4256	297881	541813
4257	297946	541734
4258	298018	541666
4259	298089	541599
4260	298156	541523
4261	298222	541446
4262	298288	541370
4263	298355	541293
4264	298419	541213
4265	298488	541141
4266	298553	541062
4267	298616	540980
4268	298680	540898
4269	298744	540818
4270	298810	540740
4271	298874	540660
4272	298941	540585
4273	299008	540510
4274	299076	540435
4275	299144	540362
4276	299206	540279
4277	299273	540202
4278	299336	540121
4279	299403	540045
4280	299472	539973
4281	299540	539901
4282	299604	539819
4283	299675	539751
4284	299740	539672
4285	299808	539599
4286	299875	539523
4287	299940	539445
4288	300011	539377
4289	300082	539309
4290	300150	539235
4291	300214	539154
4292	300278	539074
4293	300349	539006
4294	300430	538955
4295	300498	538882
4296	300571	538818
4297	300639	538745
4298	300709	538675
4299	300796	538635
4300	300864	538561
4301	300929	538482
4302	301002	538419
4303	301067	538340
4304	301136	538267
4305	301206	538198
4306	301277	538129
4307	301353	538070
4308	301419	537993
4309	301486	537919
4310	301554	537844
4311	301619	537766
4312	301701	537717
4313	301772	537650
4314	301836	537569
4315	301903	537494
4316	301969	537417
4317	302032	537335
4318	302102	537265
4319	302169	537190
4320	302235	537112
4321	302304	537041
4322	302370	536964
4323	302439	536893
4324	302505	536816
4325	302570	536737
4326	302635	536659
4327	302701	536581
4328	302771	536511
4329	302839	536439
4330	302906	536364
4331	302977	536294
4332	303045	536221
4333	303111	536145
4334	303182	536077
4335	303259	536019
4336	303325	535942
4337	303394	535871
4338	303468	535808
4339	303537	535736
4340	303610	535672
4341	303682	535605
4342	303755	535541
4343	303828	535477
4344	303905	535419
4345	303977	535352
4346	304086	535351
4347	304172	535309
4348	304262	535275
4349	304333	535206
4350	304403	535137
4351	304480	535080
4352	304559	535024
4353	304629	534955
4354	304708	534901
4355	304796	534863
4356	304873	534804
4357	304945	534739
4358	305015	534669
4359	305090	534607
4360	305156	534530
4361	305224	534457
4362	305297	534393
4363	305373	534334
4364	305444	534265
4365	305514	534196
4366	305589	534133
4367	305663	534070
4368	305741	534014
4369	305832	533981
4370	305904	533915
4371	305979	533853
4372	306054	533793
4373	306125	533725
4374	306206	533673
4375	306280	533610
4376	306374	533582
4377	306443	533511
4378	306510	533436
4379	306579	533363
4380	306652	533299
4381	306721	533227
4382	306789	533153
4383	306855	533077
4384	306921	533000
4385	306986	532922
4386	307055	532850
4387	307123	532775
4388	307193	532706
4389	307262	532634
4390	307329	532559
4391	307395	532482
4392	307462	532407
4393	307530	532334
4394	307600	532264
4395	307680	532211
4396	307747	532136
4397	307814	532061
4398	307879	531983
4399	307950	531914
4400	308022	531848
4401	308096	531784
4402	308163	531710
4403	308230	531634
4404	308293	531552
4405	308365	531486
4406	308431	531409
4407	308494	531327
4408	308561	531251
4409	308632	531183
4410	308697	531104
4411	308763	531028
4412	308830	530953
4413	308896	530876
4414	308961	530797
4415	309034	530732
4416	309103	530662
4417	309174	530593
4418	309239	530515
4419	309307	530440
4420	309373	530365
4421	309442	530292
4422	309507	530214
4423	309570	530133
4424	309638	530059
4425	309701	529976
4426	309763	529893
4427	309828	529815
4428	309896	529741
4429	309965	529670
4430	310031	529593
4431	310096	529515
4432	310171	529453
4433	310241	529384
4434	310314	529318
4435	310388	529255
4436	310452	529175
4437	310517	529097
4438	310586	529025
4439	310654	528951
4440	310727	528886
4441	310804	528830
4442	310870	528752
4443	310936	528676
4444	311003	528600
4445	311070	528526
4446	311137	528451
4447	311203	528373
4448	311274	528306
4449	311342	528233
4450	311407	528154
4451	311473	528078
4452	311541	528003
4453	311604	527922
4454	311669	527845
4455	311735	527767
4456	311807	527700
4457	311883	527641
4458	311950	527566
4459	312015	527487
4460	312081	527410
4461	312149	527338
4462	312213	527258
4463	312276	527177
4464	312344	527103
4465	312420	527043
4466	312490	526974
4467	312560	526903
4468	312628	526829
4469	312695	526756
4470	312761	526679
4471	312826	526600
4472	312889	526518
4473	312957	526445
4474	313023	526368
4475	313087	526289
4476	313163	526229
4477	313235	526162
4478	313301	526085
4479	313379	526030
4480	313458	525975
4481	313528	525905
4482	313595	525829
4483	313676	525778
4484	313752	525719
4485	313816	525639
4486	313882	525561
4487	313947	525484
4488	314012	525406
4489	314078	525329
4490	314141	525248
4491	314209	525174
4492	314271	525091
4493	314338	525017
4494	314404	524939
4495	314469	524861
4496	314544	524801
4497	314629	524755
4498	314711	524705
4499	314780	524634
4500	314848	524560
4501	314917	524490
4502	314984	524413
4503	315050	524338
4504	315116	524261
4505	315183	524187
4506	315250	524112
4507	315322	524044
4508	315389	523970
4509	315454	523891
4510	315522	523819
4511	315590	523746
4512	315660	523675
4513	315727	523600
4514	315791	523522
4515	315858	523446
4516	315932	523382
4517	316006	523319
4518	316071	523242
4519	316140	523169
4520	316206	523094
4521	316275	523022
4522	316357	522972
4523	316421	522893
4524	316484	522811
4525	316559	522750
4526	316630	522681
4527	316695	522603
4528	316761	522527
4529	316826	522448
4530	316898	522381
4531	316968	522313
4532	317047	522256
4533	317111	522177
4534	317176	522099
4535	317245	522028
4536	317311	521951
4537	317376	521873
4538	317444	521800
4539	317512	521727
4540	317579	521653
4541	317646	521578
4542	317712	521502
4543	317777	521424
4544	317849	521357
4545	317919	521287
4546	317989	521217
4547	318054	521139
4548	318119	521061
4549	318186	520986
4550	318253	520911
4551	318323	520841
4552	318386	520761
4553	318456	520690
4554	318526	520622
4555	318594	520547
4556	318666	520481
4557	318732	520404
4558	318806	520341
4559	318870	520261
4560	318938	520189
4561	319005	520114
4562	319075	520045
4563	319151	519984
4564	319219	519912
4565	319285	519835
4566	319351	519759
4567	319419	519686
4568	319486	519611
4569	319551	519534
4570	319616	519455
4571	319679	519374
4572	319746	519298
4573	319817	519232
4574	319886	519160
4575	319951	519081
4576	320015	519003
4577	320081	518926
4578	320146	518848
4579	320220	518785
4580	320307	518743
4581	320391	518696
4582	320462	518628
4583	320527	518549
4584	320597	518479
4585	320663	518402
4586	320741	518346
4587	320804	518265
4588	320869	518187
4589	320934	518110
4590	320998	518030
4591	321065	517956
4592	321130	517878
4593	321207	517819
4594	321307	517797
4595	321380	517732
4596	321449	517661
4597	321517	517588
4598	321586	517517
4599	321659	517451
4600	321731	517385
4601	321808	517326
4602	321873	517249
4603	321938	517171
4604	322008	517101
4605	322080	517034
4606	322150	516965
4607	322230	516911
4608	322311	516858
4609	322383	516792
4610	322451	516720
4611	322522	516652
4612	322594	516584
4613	322663	516513
4614	322732	516441
4615	322799	516368
4616	322866	516293
4617	322937	516223
4618	323012	516162
4619	323080	516089
4620	323152	516022
4621	323220	515950
4622	323289	515879
4623	323358	515807
4624	323433	515744
4625	323512	515689
4626	323584	515623
4627	323653	515552
4628	323722	515479
4629	323788	515403
4630	323856	515331
4631	323923	515257
4632	323990	515181
4633	324058	515108
4634	324126	515036
4635	324195	514965
4636	324263	514891
4637	324332	514819
4638	324399	514746
4639	324468	514674
4640	324539	514605
4641	324608	514535
4642	324697	514494
4643	324768	514426
4644	324840	514360
4645	324910	514290
4646	324978	514216
4647	325048	514147
4648	325117	514076
4649	325186	514003
4650	325251	513926
4651	325321	513856
4652	325388	513782
4653	325454	513706
4654	325533	513651
4655	325657	513666
4656	325855	513798
4657	326026	513887
4658	326131	513872
4659	326216	513825
4660	326305	513785
4661	326398	513751
4662	326481	513701
4663	326559	513645
4664	326654	513614
4665	326758	513598
4666	326844	513552
4667	326927	513503
4668	327002	513440
4669	327071	513369
4670	327136	513291
4671	327217	513238
4672	327286	513166
4673	327352	513090
4674	327419	513015
4675	327488	512943
4676	327557	512872
4677	327625	512799
4678	327691	512723
4679	327755	512643
4680	327821	512567
4681	327887	512491
4682	327959	512423
4683	328033	512359
4684	328110	512299
4685	328178	512227
4686	328247	512155
4687	328318	512087
4688	328390	512019
4689	328461	511951
4690	328531	511881
4691	328598	511807
4692	328673	511744
4693	328743	511674
4694	328807	511595
4695	328873	511519
4696	328941	511445
4697	329012	511376
4698	329078	511300
4699	329142	511221
4700	329207	511143
4701	329279	511076
4702	329349	511006
4703	329416	510931
4704	329482	510855
4705	329545	510774
4706	329614	510703
4707	329682	510630
4708	329748	510553
4709	329813	510475
4710	329881	510402
4711	329949	510329
4712	330015	510253
4713	330082	510178
4714	330149	510103
4715	330214	510025
4716	330281	509951
4717	330349	509878
4718	330420	509810
4719	330490	509739
4720	330561	509671
4721	330629	509597
4722	330713	509548
4723	330781	509476
4724	330849	509402
4725	330913	509324
4726	330983	509253
4727	331049	509177
4728	331122	509112
4729	331208	509066
4730	331292	509017
4731	331358	508941
4732	331423	508864
4733	331494	508794
4734	331558	508715
4735	331626	508642
4736	331694	508569
4737	331768	508506
4738	331834	508429
4739	331898	508351
4740	331972	508286
4741	332041	508215
4742	332111	508146
4743	332178	508070
4744	332245	507995
4745	332320	507934
4746	332400	507879
4747	332468	507805
4748	332542	507742
4749	332617	507678
4750	332688	507611
4751	332756	507537
4752	332822	507462
4753	332898	507401
4754	332962	507321
4755	333028	507246
4756	333102	507181
4757	333174	507113
4758	333243	507042
4759	333317	506978
4760	333383	506902
4761	333451	506829
4762	333515	506749
4763	333586	506681
4764	333654	506608
4765	333723	506536
4766	333789	506461
4767	333856	506386
4768	333924	506312
4769	333991	506239
4770	334060	506166
4771	334125	506089
4772	334193	506016
4773	334260	505941
4774	334325	505864
4775	334393	505790
4776	334463	505721
4777	334529	505644
4778	334598	505573
4779	334679	505520
4780	334748	505448
4781	334821	505383
4782	334901	505327
4783	334983	505275
4784	335047	505196
4785	335112	505119
4786	335177	505041
4787	335245	504968
4788	335311	504892
4789	335376	504814
4790	335445	504744
4791	335513	504670
4792	335587	504606
4793	335653	504530
4794	335720	504456
4795	335789	504384
4796	335866	504325
4797	335929	504244
4798	335996	504170
4799	336066	504100
4800	336141	504036
4801	336214	503971
4802	336297	503921
4803	336364	503845
4804	336430	503771
4805	336495	503692
4806	336565	503623
4807	336643	503565
4808	336710	503489
4809	336779	503419
4810	336845	503342
4811	336908	503262
4812	336975	503187
4813	337046	503118
4814	337113	503045
4815	337182	502973
4816	337246	502894
4817	337312	502818
4818	337379	502743
4819	337450	502674
4820	337517	502600
4821	337584	502525
4822	337653	502454
4823	337725	502387
4824	337791	502312
4825	337861	502241
4826	337930	502169
4827	337997	502095
4828	338065	502022
4829	338132	501947
4830	338198	501872
4831	338274	501811
4832	338339	501733
4833	338406	501659
4834	338471	501582
4835	338538	501507
4836	338602	501428
4837	338679	501368
4838	338746	501294
4839	338810	501215
4840	338878	501142
4841	338949	501074
4842	339016	500999
4843	339085	500928
4844	339154	500856
4845	339225	500787
4846	339291	500712
4847	339359	500639
4848	339425	500563
4849	339492	500489
4850	339560	500415
4851	339624	500337
4852	339691	500263
4853	339758	500188
4854	339821	500107
4855	339890	500036
4856	339965	499974
4857	340033	499900
4858	340100	499826
4859	340165	499749
4860	340231	499673
4861	340313	499620
4862	340378	499544
4863	340446	499470
4864	340515	499399
4865	340585	499328
4866	340655	499259
4867	340736	499205
4868	340804	499132
4869	340873	499060
4870	340938	498984
4871	341004	498908
4872	341077	498841
4873	341145	498769
4874	341211	498693
4875	341276	498617
4876	341347	498547
4877	341417	498477
4878	341486	498406
4879	341559	498340
4880	341625	498264
4881	341690	498188
4882	341761	498119
4883	341832	498050
4884	341896	497972
4885	341960	497893
4886	342026	497817
4887	342093	497743
4888	342170	497684
4889	342239	497611
4890	342303	497533
4891	342369	497457
4892	342434	497379
4893	342498	497302
4894	342570	497234
4895	342639	497162
4896	342704	497085
4897	342770	497010
4898	342841	496941
4899	342907	496865
4900	342977	496795
4901	343047	496725
4902	343115	496653
4903	343181	496577
4904	343248	496503
4905	343314	496427
4906	343378	496348
4907	343447	496278
4908	343514	496203
4909	343580	496127
4910	343651	496059
4911	343721	495988
4912	343790	495917
4913	343857	495843
4914	343946	495800
4915	344012	495725
4916	344079	495651
4917	344143	495572
4918	344210	495498
4919	344277	495424
4920	344348	495354
4921	344417	495284
4922	344484	495208
4923	344550	495134
4924	344634	495084
4925	344705	495014
4926	344769	494937
4927	344836	494863
4928	344902	494787
4929	344969	494712
4930	345034	494635
4931	345102	494562
4932	345171	494491
4933	345234	494411
4934	345300	494335
4935	345365	494258
4936	345434	494187
4937	345498	494109
4938	345571	494042
4939	345640	493972
4940	345707	493897
4941	345777	493827
4942	345849	493761
4943	345921	493694
4944	345994	493627
4945	346062	493554
4946	346134	493488
4947	346203	493417
4948	346283	493361
4949	346358	493298
4950	346427	493227
4951	346503	493166
4952	346577	493101
4953	346644	493026
4954	346711	492952
4955	346776	492875
4956	346841	492799
4957	346908	492724
4958	346974	492648
4959	347045	492581
4960	347113	492508
4961	347179	492432
4962	347247	492360
4963	347328	492305
4964	347399	492236
4965	347466	492162
4966	347533	492088
4967	347600	492013
4968	347666	491937
4969	347742	491876
4970	347805	491797
4971	347869	491718
4972	347945	491656
4973	348008	491577
4974	348078	491507
4975	348147	491436
4976	348216	491365
4977	348281	491288
4978	348348	491213
4979	348429	491159
4980	348497	491087
4981	348561	491008
4982	348628	490934
4983	348693	490857
4984	348759	490782
4985	348832	490716
4986	348899	490641
4987	348970	490573
4988	349040	490503
4989	349109	490432
4990	349174	490356
4991	349241	490281
4992	349310	490209
4993	349379	490138
4994	349445	490062
4995	349511	489987
4996	349578	489914
4997	349646	489841
4998	349716	489771
4999	349783	489696
5000	349850	489622
5001	349917	489549
5002	349985	489476
5003	350052	489401
5004	350122	489332
5005	350188	489257
5006	350254	489181
5007	350323	489109
5008	350397	489045
5009	350467	488975
5010	350539	488908
5011	350609	488838
5012	350698	488795
5013	350764	488720
5014	350831	488645
5015	350899	488573
5016	350966	488499
5017	351045	488441
5018	351113	488368
5019	351179	488294
5020	351246	488219
5021	351317	488150
5022	351379	488069
5023	351444	487992
5024	351512	487920
5025	351579	487846
5026	351649	487776
5027	351714	487699
5028	351779	487622
5029	351842	487543
5030	351912	487473
5031	351980	487401
5032	352047	487327
5033	352114	487253
5034	352180	487177
5035	352257	487117
5036	352323	487041
5037	352386	486962
5038	352452	486886
5039	352530	486828
5040	352608	486768
5041	352678	486699
5042	352745	486624
5043	352811	486549
5044	352876	486472
5045	352941	486395
5046	353006	486318
5047	353079	486253
5048	353160	486199
5049	353229	486128
5050	353298	486055
5051	353361	485977
5052	353429	485903
5053	353496	485830
5054	353562	485754
5055	353627	485678
5056	353691	485599
5057	353758	485526
5058	353825	485452
5059	353950	485458
5060	354035	485408
5061	354103	485335
5062	354175	485268
5063	354246	485200
5064	354320	485135
5065	354393	485070
5066	354465	485003
5067	354539	484938
5068	354624	484888
5069	354694	484818
5070	354774	484762
5071	354848	484698
5072	354920	484631
5073	354989	484559
5074	355060	484491
5075	355132	484424
5076	355201	484352
5077	355268	484279
5078	355336	484206
5079	355404	484134
5080	355478	484068
5081	355548	483999
5082	355616	483927
5083	355685	483854
5084	355753	483782
5085	355823	483712
5086	355893	483642
5087	355961	483570
5088	356036	483507
5089	356110	483442
5090	356188	483384
5091	356265	483323
5092	356334	483252
5093	356411	483191
5094	356491	483135
5095	356559	483062
5096	356627	482990
5097	356695	482917
5098	356783	482871
5099	356862	482813
5100	356945	482761
5101	357021	482699
5102	357103	482646
5103	357175	482579
5104	357248	482512
5105	357315	482439
5106	357387	482371
5107	357455	482299
5108	357524	482228
5109	357598	482162
5110	357673	482099
5111	357745	482033
5112	357817	481965
5113	357893	481902
5114	357970	481843
5115	358041	481773
5116	358114	481709
5117	358189	481645
5118	358263	481580
5119	358339	481519
5120	358415	481456
5121	358487	481390
5122	358562	481325
5123	358642	481269
5124	358719	481209
5125	358791	481141
5126	358864	481075
5127	358933	481004
5128	359004	480935
5129	359077	480870
5130	359148	480801
5131	359230	480746
5132	359300	480676
5133	359377	480616
5134	359445	480544
5135	359517	480477
5136	359591	480412
5137	359661	480342
5138	359991	480618
5139	360159	480680
5140	360319	480729
5141	360412	480690
5142	360502	480647
5143	360582	480589
5144	360656	480525
5145	360748	480483
5146	360826	480424
5147	360898	480356
5148	360970	480288
5149	361040	480218
5150	361135	480181
5151	361225	480137
5152	361301	480075
5153	361374	480010
5154	361449	479946
5155	361524	479882
5156	361605	479826
5157	361686	479771
5158	361756	479700
5159	361829	479634
5160	361912	479581
5161	361988	479519
5162	362063	479455
5163	362141	479395
5164	362230	479350
5165	362328	479317
5166	362429	479288
5167	362521	479246
5168	362595	479181
5169	362664	479109
5170	362729	479033
5171	362814	478983
5172	362887	478915
5173	362956	478844
5174	363030	478779
5175	363158	478785
5176	363245	478737
5177	363318	478671
5178	363394	478608
5179	363467	478542
5180	363537	478472
5181	363606	478400
5182	363676	478330
5183	363753	478267
5184	363823	478197
5185	363891	478124
5186	363958	478051
5187	364025	477976
5188	364097	477908
5189	364175	477848
5190	364246	477779
5191	364315	477707
5192	364385	477638
5193	364458	477570
5194	364530	477503
5195	364615	477452
5196	364686	477384
5197	364753	477309
5198	364819	477233
5199	364885	477157
5200	364954	477085
5201	365022	477013
5202	365089	476939
5203	365164	476875
5204	365232	476802
5205	365301	476730
5206	365367	476654
5207	365433	476579
5208	365511	476518
5209	365578	476444
5210	365662	476392
5211	365729	476319
5212	365802	476251
5213	365870	476179
5214	365949	476120
5215	366024	476056
5216	366099	475992
5217	366176	475931
5218	366259	475878
5219	366328	475805
5220	366397	475734
5221	366468	475664
5222	366535	475591
5223	366605	475520
5224	366681	475457
5225	366751	475386
5226	366819	475314
5227	366902	475261
5228	366982	475203
5229	367053	475133
5230	367120	475059
5231	367188	474986
5232	367258	474916
5233	367325	474842
5234	367398	474775
5235	367476	474715
5236	367549	474649
5237	367618	474577
5238	367690	474509
5239	367760	474439
5240	367829	474367
5241	367901	474299
5242	367977	474236
5243	368054	474175
5244	368127	474108
5245	368196	474037
5246	368267	473967
5247	368339	473899
5248	368409	473829
5249	368476	473754
5250	368546	473685
5251	368612	473609
5252	368681	473537
5253	368749	473464
5254	368821	473397
5255	368901	473339
5256	368973	473271
5257	369046	473204
5258	369116	473134
5259	369187	473065
5260	369258	472995
5261	369326	472923
5262	369402	472860
5263	369474	472792
5264	369543	472720
5265	369609	472645
5266	369681	472577
5267	369749	472504
5268	369820	472435
5269	369889	472363
5270	369958	472292
5271	370032	472226
5272	370106	472161
5273	370177	472091
5274	370245	472019
5275	370314	471947
5276	370386	471879
5277	370460	471814
5278	370532	471746
5279	370601	471674
5280	370721	471667
5281	370803	471612
5282	370874	471543
5283	370941	471469
5284	371013	471401
5285	371082	471329
5286	371147	471253
5287	371214	471178
5288	371285	471109
5289	371353	471036
5290	371420	470961
5291	371486	470885
5292	371558	470818
5293	371627	470747
5294	371691	470668
5295	371760	470597
5296	371824	470518
5297	371889	470442
5298	371962	470375
5299	372028	470300
5300	372092	470222
5301	372158	470146
5302	372224	470071
5303	372288	469993
5304	372355	469918
5305	372423	469846
5306	372505	469791
5307	372576	469721
5308	372646	469650
5309	372713	469577
5310	372789	469513
5311	372859	469443
5312	372926	469368
5313	372991	469293
5314	373060	469221
5315	373127	469146
5316	373199	469078
5317	373265	469003
5318	373337	468935
5319	373403	468859
5320	373473	468789
5321	373540	468715
5322	373605	468638
5323	373674	468566
5324	373741	468493
5325	373806	468415
5326	373876	468345
5327	373944	468272
5328	374013	468201
5329	374080	468126
5330	374153	468060
5331	374216	467981
5332	374282	467905
5333	374356	467840
5334	374428	467772
5335	374496	467699
5336	374581	467647
5337	374648	467573
5338	374715	467499
5339	374792	467437
5340	374866	467372
5341	374935	467301
5342	375005	467230
5343	375072	467155
5344	375136	467078
5345	375211	467014
5346	375285	466948
5347	375351	466873
5348	375416	466797
5349	375490	466731
5350	375561	466661
5351	375627	466587
5352	375692	466509
5353	375761	466438
5354	375828	466363
5355	375898	466293
5356	375961	466214
5357	376032	466145
5358	376102	466074
5359	376185	466020
5360	376256	465951
5361	376320	465873
5362	376390	465803
5363	376458	465730
5364	376524	465655
5365	376593	465582
5366	376660	465509
5367	376730	465438
5368	376791	465357
5369	376859	465284
5370	376927	465211
5371	377000	465144
5372	377066	465069
5373	377150	465016
5374	377214	464938
5375	377280	464863
5376	377348	464790
5377	377417	464719
5378	377489	464651
5379	377556	464577
5380	377623	464502
5381	377686	464424
5382	377756	464353
5383	377821	464277
5384	377891	464206
5385	377959	464133
5386	378025	464058
5387	378090	463981
5388	378157	463907
5389	378225	463834
5390	378291	463759
5391	378357	463684
5392	378422	463608
5393	378486	463530
5394	378550	463453
5395	378615	463376
5396	378683	463303
5397	378750	463229
5398	378818	463156
5399	378884	463081
5400	378956	463012
5401	379025	462941
5402	379097	462873
5403	379165	462800
5404	379235	462729
5405	379301	462654
5406	379371	462585
5407	379441	462514
5408	379507	462438
5409	379572	462363
5410	379637	462286
5411	379704	462212
5412	379770	462137
5413	379836	462062
5414	379902	461987
5415	379972	461916
5416	380054	461860
5417	380150	461821
5418	380251	461788
5419	380317	461713
5420	380382	461636
5421	380452	461567
5422	380520	461493
5423	380590	461423
5424	380669	461363
5425	380744	461299
5426	380809	461223
5427	380873	461145
5428	380941	461072
5429	381009	461000
5430	381074	460924
5431	381140	460848
5432	381206	460774
5433	381272	460699
5434	381338	460623
5435	381406	460550
5436	381475	460478
5437	381543	460406
5438	381614	460336
5439	381679	460261
5440	381745	460185
5441	381811	460109
5442	381874	460031
5443	381943	459960
5444	382011	459887
5445	382078	459812
5446	382147	459741
5447	382213	459665
5448	382277	459589
5449	382345	459516
5450	382412	459442
5451	382473	459361
5452	382539	459285
5453	382605	459210
5454	382669	459133
5455	382737	459060
5456	382804	458986
5457	382871	458912
5458	382937	458836
5459	383005	458765
5460	383074	458693
5461	383139	458617
5462	383206	458542
5463	383276	458472
5464	383341	458396
5465	383406	458319
5466	383471	458243
5467	383535	458166
5468	383604	458094
5469	383672	458022
5470	383741	457950
5471	383806	457874
5472	383873	457800
5473	383943	457730
5474	384018	457665
5475	384084	457590
5476	384154	457520
5477	384222	457447
5478	384287	457371
5479	384361	457306
5480	384433	457237
5481	384517	457184
5482	384580	457105
5483	384644	457028
5484	384716	456961
5485	384784	456887
5486	384849	456811
5487	384916	456737
5488	384980	456660
5489	385048	456587
5490	385113	456511
5491	385181	456438
5492	385247	456363
5493	385318	456293
5494	385382	456217
5495	385452	456146
5496	385517	456070
5497	385587	456000
5498	385656	455928
5499	385722	455854
5500	385789	455779
5501	385861	455712
5502	385932	455642
5503	386006	455576
5504	386073	455503
5505	386155	455447
5506	386224	455375
5507	386288	455298
5508	386357	455227
5509	386422	455151
5510	386489	455077
5511	386561	455009
5512	386627	454934
5513	386695	454861
5514	386761	454786
5515	386841	454727
5516	386925	454674
5517	386992	454600
5518	387058	454525
5519	387122	454447
5520	387195	454381
5521	387259	454304
5522	387330	454234
5523	387397	454161
5524	387466	454089
5525	387534	454017
5526	387600	453942
5527	387666	453867
5528	387746	453808
5529	387817	453739
5530	387884	453665
5531	387950	453590
5532	388022	453523
5533	388093	453454
5534	388162	453382
5535	388228	453307
5536	388297	453236
5537	388365	453163
5538	388432	453089
5539	388496	453012
5540	388563	452938
5541	388628	452862
5542	388697	452791
5543	388768	452722
5544	388837	452650
5545	388904	452577
5546	388972	452504
5547	389039	452429
5548	389108	452358
5549	389176	452286
5550	389246	452215
5551	389315	452144
5552	389383	452072
5553	389449	451997
5554	389526	451934
5555	389597	451865
5556	389665	451793
5557	389737	451725
5558	389803	451650
5559	389868	451574
5560	389934	451499
5561	390004	451428
5562	390077	451362
5563	390148	451293
5564	390231	451238
5565	390306	451173
5566	390381	451109
5567	390455	451043
5568	390528	450976
5569	390609	450919
5570	390677	450846
5571	390747	450776
5572	390816	450704
5573	390884	450632
5574	390959	450567
5575	391034	450503
5576	391120	450451
5577	391198	450390
5578	391276	450328
5579	391346	450259
5580	391436	450211
5581	391531	450170
5582	391599	450097
5583	391671	450029
5584	391744	449962
5585	391816	449894
5586	391885	449823
5587	391961	449760
5588	392031	449689
5589	392108	449627
5590	392178	449556
5591	392247	449485
5592	392320	449418
5593	392395	449354
5594	392467	449285
5595	392535	449213
5596	392607	449144
5597	392676	449074
5598	392747	449004
5599	392816	448933
5600	392887	448863
5601	392955	448791
5602	393024	448720
5603	393099	448654
5604	393179	448596
5605	393257	448535
5606	393383	448529
5607	393515	448528
5608	393632	448512
5609	393751	448497
5610	393829	448436
5611	393905	448373
5612	393980	448308
5613	394060	448249
5614	394154	448206
5615	394259	448175
5616	394359	448138
5617	394443	448084
5618	394520	448021
5619	394606	447969
5620	394680	447903
5621	394756	447839
5622	394824	447766
5623	394895	447697
5624	394962	447623
5625	395028	447549
5626	395107	447489
5627	395181	447422
5628	395249	447349
5629	395316	447275
5630	395387	447207
5631	395456	447135
5632	395526	447065
5633	395593	446991
5634	395662	446919
5635	395732	446848
5636	395804	446781
5637	395873	446709
5638	395945	446640
5639	396019	446574
5640	396093	446509
5641	396188	446467
5642	396266	446405
5643	396338	446337
5644	396408	446266
5645	396479	446197
5646	396544	446121
5647	396608	446044
5648	396675	445970
5649	396742	445896
5650	396811	445824
5651	396881	445754
5652	396952	445684
5653	397024	445616
5654	397098	445550
5655	397166	445477
5656	397236	445407
5657	397305	445336
5658	397384	445275
5659	397449	445199
5660	397515	445124
5661	397581	445050
5662	397654	444982
5663	397721	444908
5664	397801	444849
5665	397868	444776
5666	397936	444702
5667	398002	444628
5668	398066	444551
5669	398132	444475
5670	398199	444402
5671	398264	444326
5672	398328	444249
5673	398395	444175
5674	398465	444105
5675	398533	444031
5676	398608	443967
5677	398680	443899
5678	398749	443827
5679	398813	443750
5680	398881	443677
5681	398949	443604
5682	399026	443542
5683	399105	443481
5684	399172	443407
5685	399238	443333
5686	399306	443260
5687	399373	443186
5688	399439	443111
5689	399503	443035
5690	399572	442963
5691	399639	442889
5692	399710	442820
5693	399778	442746
5694	399844	442671
5695	399917	442605
5696	399986	442534
5697	400052	442458
5698	400117	442382
5699	400181	442306
5700	400252	442236
5701	400317	442160
5702	400384	442086
5703	400452	442014
5704	400520	441941
5705	400605	441887
5706	400675	441817
5707	400741	441742
5708	400807	441667
5709	400878	441597
5710	400944	441523
5711	401011	441449
5712	401077	441374
5713	401139	441295
5714	401204	441219
5715	401270	441144
5716	401340	441074
5717	401408	441001
5718	401477	440930
5719	401548	440861
5720	401613	440784
5721	401680	440710
5722	401748	440638
5723	401815	440565
5724	401882	440491
5725	401944	440412
5726	402009	440336
5727	402085	440272
5728	402151	440198
5729	402216	440121
5730	402285	440049
5731	402349	439973
5732	402414	439897
5733	402481	439823
5734	402549	439750
5735	402615	439676
5736	402700	439622
5737	402769	439550
5738	402836	439477
5739	402901	439401
5740	402968	439327
5741	403035	439254
5742	403101	439179
5743	403170	439107
5744	403235	439031
5745	403301	438956
5746	403367	438881
5747	403434	438808
5748	403500	438733
5749	403575	438669
5750	403645	438598
5751	403712	438524
5752	403782	438454
5753	403847	438378
5754	403916	438307
5755	403982	438232
5756	404048	438158
5757	404116	438085
5758	404190	438019
5759	404267	437956
5760	404341	437890
5761	404413	437822
5762	404500	437770
5763	404576	437706
5764	404645	437634
5765	404716	437565
5766	404783	437492
5767	404850	437418
5768	404919	437347
5769	404996	437283
5770	405065	437212
5771	405133	437140
5772	405202	437068
5773	405269	436994
5774	405335	436920
5775	405406	436851
5776	405475	436779
5777	405542	436706
5778	405609	436631
5779	405672	436554
5780	405738	436479
5781	405811	436411
5782	405880	436341
5783	405952	436273
5784	406024	436204
5785	406108	436149
5786	406176	436076
5787	406243	436003
5788	406308	435926
5789	406381	435860
5790	406445	435783
5791	406517	435714
5792	406584	435641
5793	406647	435563
5794	406712	435487
5795	406780	435414
5796	406847	435341
5797	406931	435285
5798	407000	435214
5799	407068	435142
5800	407133	435066
5801	407198	434990
5802	407268	434919
5803	407337	434848
5804	407404	434775
5805	407474	434705
5806	407540	434630
5807	407607	434557
5808	407672	434481
5809	407743	434411
5810	407818	434347
5811	407886	434273
5812	407953	434200
5813	408024	434130
5814	408091	434057
5815	408160	433986
5816	408227	433912
5817	408292	433837
5818	408361	433765
5819	408430	433694
5820	408496	433620
5821	408565	433547
5822	408640	433482
5823	408718	433421
5824	408787	433350
5825	408853	433275
5826	408919	433200
5827	408984	433125
5828	409053	433053
5829	409118	432977
5830	409184	432903
5831	409254	432832
5832	409322	432760
5833	409388	432685
5834	409465	432623
5835	409536	432553
5836	409602	432479
5837	409669	432405
5838	409739	432334
5839	409806	432262
5840	409878	432193
5841	409948	432123
5842	410018	432052
5843	410084	431978
5844	410151	431905
5845	410219	431832
5846	410291	431763
5847	410363	431695
5848	410434	431626
5849	410508	431560
5850	410587	431498
5851	410651	431423
5852	410718	431349
5853	410783	431273
5854	410850	431199
5855	410918	431127
5856	410985	431054
5857	411054	430982
5858	411121	430908
5859	411190	430837
5860	411257	430764
5861	411329	430695
5862	411393	430619
5863	411463	430549
5864	411536	430482
5865	411605	430410
5866	411676	430341
5867	411743	430267
5868	411810	430194
5869	411874	430117
5870	411945	430048
5871	412012	429975
5872	412078	429899
5873	412145	429827
5874	412211	429752
5875	412277	429678
5876	412344	429604
5877	412410	429529
5878	412485	429464
5879	412555	429394
5880	412624	429323
5881	412690	429248
5882	412776	429195
5883	412850	429128
5884	412924	429062
5885	412995	428993
5886	413061	428918
5887	413130	428847
5888	413206	428783
5889	413268	428705
5890	413337	428633
5891	413404	428560
5892	413469	428484
5893	413539	428414
5894	413605	428339
5895	413674	428268
5896	413741	428194
5897	413808	428120
5898	413878	428050
5899	413946	427978
5900	414012	427904
5901	414081	427833
5902	414147	427758
5903	414212	427683
5904	414281	427611
5905	414348	427537
5906	414434	427484
5907	414499	427409
5908	414565	427334
5909	414639	427268
5910	414713	427201
5911	414785	427133
5912	414855	427062
5913	414924	426991
5914	414993	426920
5915	415060	426847
5916	415126	426772
5917	415192	426698
5918	415260	426625
5919	415330	426555
5920	415404	426489
5921	415475	426419
5922	415540	426345
5923	415605	426269
5924	415671	426194
5925	415746	426129
5926	415814	426057
5927	415881	425983
5928	415951	425913
5929	416018	425840
5930	416103	425785
5931	416169	425710
5932	416236	425637
5933	416303	425563
5934	416374	425494
5935	416461	425441
5936	416539	425379
5937	416609	425309
5938	416677	425237
5939	416758	425177
5940	416837	425116
5941	416916	425055
5942	416991	424989
5943	417061	424920
5944	417134	424852
5945	417206	424784
5946	417280	424718
5947	417352	424649
5948	417423	424580
5949	417496	424512
5950	417584	424461
5951	417664	424401
5952	417732	424328
5953	417800	424256
5954	417867	424182
5955	417934	424109
5956	418001	424036
5957	418066	423960
5958	418134	423888
5959	418200	423813
5960	418269	423742
5961	418338	423671
5962	418407	423599
5963	418474	423526
5964	418542	423454
5965	418611	423383
5966	418679	423310
5967	418746	423237
5968	418815	423165
5969	418890	423100
5970	418965	423034
5971	419034	422963
5972	419107	422896
5973	419177	422826
5974	419246	422754
5975	419316	422684
5976	419383	422610
5977	419451	422539
5978	419521	422468
5979	419589	422396
5980	419654	422320
5981	419720	422246
5982	419787	422172
5983	419861	422106
5984	419934	422039
5985	420005	421969
5986	420071	421895
5987	420137	421820
5988	420201	421745
5989	420267	421670
5990	420336	421598
5991	420403	421525
5992	420473	421456
5993	420554	421396
5994	420632	421333
5995	420698	421259
5996	420763	421184
5997	420837	421118
5998	420905	421046
5999	420973	420973
6000	421039	420898
6001	421104	420824
6002	421170	420749
6003	421239	420678
6004	421312	420610
6005	421380	420538
6006	421447	420465
6007	421513	420390
6008	421577	420314
6009	421640	420237
6010	421714	420171
6011	421780	420096
6012	421844	420020
6013	421909	419944
6014	421977	419872
6015	422052	419807
6016	422119	419734
6017	422182	419656
6018	422251	419585
6019	422318	419512
6020	422383	419436
6021	422447	419360
6022	422512	419285
6023	422575	419208
6024	422641	419134
6025	422712	419064
6026	422797	419008
6027	422866	418938
6028	422939	418870
6029	423002	418793
6030	423068	418719
6031	423142	418652
6032	423211	418581
6033	423277	418507
6034	423342	418432
6035	423407	418357
6036	423483	418292
6037	423559	418228
6038	423626	418154
6039	423701	418089
6040	423767	418015
6041	423840	417947
6042	423909	417876
6043	423980	417806
6044	424049	417736
6045	424126	417672
6046	424201	417607
6047	424273	417538
6048	424341	417466
6049	424425	417410
6050	424493	417337
6051	424562	417266
6052	424634	417197
6053	424704	417128
6054	424775	417058
6055	424846	416989
6056	424919	416922
6057	424989	416851
6058	425059	416781
6059	425129	416710
6060	425201	416642
6061	425271	416572
6062	425339	416500
6063	425412	416432
6064	425511	416391
6065	425586	416325
6066	425661	416259
6067	425734	416193
6068	425810	416127
6069	425882	416060
6070	425958	415995
6071	426032	415929
6072	426120	415876
6073	426188	415804
6074	426260	415735
6075	426333	415668
6076	426400	415594
6077	426572	415623
6078	426854	415760
6079	427041	415803
6080	427143	415764
6081	427234	415714
6082	427318	415657
6083	427409	415607
6084	427508	415565
6085	427604	415520
6086	427702	415476
6087	427794	415427
6088	427886	415378
6089	427993	415343
6090	428070	415279
6091	428144	415212
6092	428220	415148
6093	428306	415093
6094	428387	415033
6095	428475	414980
6096	428583	414946
6097	428686	414907
6098	428771	414851
6099	428846	414785
6100	428922	414721
6101	428995	414653
6102	429067	414585
6103	429136	414513
6104	429209	414445
6105	429281	414377
6106	429349	414303
6107	429418	414232
6108	429493	414167
6109	429564	414097
6110	429636	414029
6111	429707	413958
6112	429776	413887
6113	429842	413813
6114	429939	413768
6115	430037	413724
6116	430120	413666
6117	430214	413619
6118	430307	413570
6119	430396	413518
6120	430466	413447
6121	430565	413404
6122	430644	413342
6123	430715	413273
6124	430790	413207
6125	430870	413145
6126	430940	413075
6127	431034	413027
6128	431103	412956
6129	431177	412889
6130	431245	412817
6131	431313	412744
6132	431382	412672
6133	431454	412603
6134	431531	412539
6135	431604	412472
6136	431678	412405
6137	431749	412335
6138	431823	412268
6139	431904	412208
6140	432008	412170
6141	432099	412119
6142	432170	412049
6143	432238	411977
6144	432310	411908
6145	432381	411838
6146	432458	411775
6147	432534	411710
6148	432605	411639
6149	432674	411568
6150	432744	411498
6151	432814	411426
6152	432886	411358
6153	432963	411294
6154	433034	411224
6155	433107	411156
6156	433179	411087
6157	433247	411015
6158	433315	410942
6159	433386	410872
6160	433455	410801
6161	433522	410727
6162	433591	410655
6163	433661	410585
6164	433732	410515
6165	433800	410442
6166	433868	410370
6167	433934	410296
6168	434003	410224
6169	434072	410152
6170	434139	410078
6171	434206	410005
6172	434279	409937
6173	434348	409866
6174	434432	409808
6175	434501	409737
6176	434581	409675
6177	434649	409603
6178	434721	409534
6179	434788	409460
6180	434856	409388
6181	434923	409314
6182	434991	409242
6183	435060	409170
6184	435126	409095
6185	435192	409021
6186	435259	408948
6187	435334	408882
6188	435401	408808
6189	435472	408738
6190	435539	408665
6191	435607	408593
6192	435672	408517
6193	435741	408445
6194	435808	408372
6195	435878	408302
6196	435950	408233
6197	436035	408176
6198	436109	408109
6199	436179	408038
6200	436247	407966
6201	436315	407893
6202	436386	407824
6203	436452	407749
6204	436518	407675
6205	436592	407608
6206	436662	407537
6207	436728	407463
6208	436799	407393
6209	436872	407325
6210	436941	407253
6211	437004	407177
6212	437073	407104
6213	437140	407031
6214	437211	406962
6215	437278	406888
6216	437343	406813
6217	437406	406735
6218	437474	406663
6219	437542	406590
6220	437611	406519
6221	437684	406451
6222	437756	406382
6223	437818	406304
6224	437886	406232
6225	437953	406158
6226	438023	406088
6227	438088	406013
6228	438158	405941
6229	438225	405868
6230	438290	405793
6231	438359	405721
6232	438430	405651
6233	438513	405593
6234	438579	405519
6235	438646	405445
6236	438711	405370
6237	438778	405296
6238	438854	405231
6239	438920	405157
6240	438994	405090
6241	439062	405018
6242	439131	404946
6243	439198	404872
6244	439272	404805
6245	439338	404731
6246	439411	404663
6247	439476	404588
6248	439546	404517
6249	439618	404448
6250	439686	404376
6251	439760	404309
6252	439825	404234
6253	439905	404173
6254	440011	404135
6255	440094	404076
6256	440174	404014
6257	440241	403941
6258	440311	403870
6259	440381	403800
6260	440451	403729
6261	440529	403666
6262	440594	403591
6263	440659	403515
6264	440727	403442
6265	440793	403369
6266	440860	403295
6267	440926	403220
6268	440993	403147
6269	441059	403073
6270	441122	402996
6271	441187	402920
6272	441256	402849
6273	441326	402779
6274	441464	402770
6275	441527	402693
6276	441593	402619
6277	441661	402546
6278	441728	402473
6279	441795	402399
6280	441862	402325
6281	441934	402257
6282	442008	402190
6283	442077	402119
6284	442146	402047
6285	442214	401974
6286	442279	401899
6287	442347	401826
6288	442414	401753
6289	442480	401679
6290	442566	401623
6291	442635	401552
6292	442703	401478
6293	442778	401412
6294	442848	401342
6295	442915	401269
6296	442984	401197
6297	443050	401123
6298	443115	401048
6299	443180	400972
6300	443253	400904
6301	443328	400838
6302	443395	400765
6303	443467	400696
6304	443540	400628
6305	443607	400555
6306	443673	400480
6307	443743	400410
6308	443809	400335
6309	443875	400261
6310	443945	400190
6311	444011	400117
6312	444077	400042
6313	444149	399974
6314	444219	399902
6315	444287	399830
6316	444359	399761
6317	444440	399701
6318	444510	399629
6319	444579	399558
6320	444655	399493
6321	444725	399423
6322	444796	399353
6323	444865	399281
6324	444932	399208
6325	444999	399134
6326	445068	399063
6327	445136	398990
6328	445200	398914
6329	445269	398842
6330	445339	398772
6331	445404	398697
6332	445471	398624
6333	445544	398556
6334	445615	398486
6335	445683	398413
6336	445753	398343
6337	445821	398271
6338	445892	398201
6339	445960	398128
6340	446048	398074
6341	446118	398003
6342	446206	397949
6343	446278	397879
6344	446345	397807
6345	446414	397734
6346	446477	397658
6347	446543	397584
6348	446608	397509
6349	446673	397434
6350	446739	397359
6351	446808	397288
6352	446874	397213
6353	446939	397138
6354	447007	397066
6355	447075	396993
6356	447149	396926
6357	447217	396854
6358	447294	396789
6359	447361	396716
6360	447429	396644
6361	447497	396571
6362	447562	396497
6363	447628	396422
6364	447695	396349
6365	447763	396277
6366	447837	396209
6367	447908	396139
6368	447978	396069
6369	448050	396000
6370	448117	395927
6371	448182	395852
6372	448247	395777
6373	448315	395705
6374	448382	395631
6375	448454	395562
6376	448519	395487
6377	448593	395421
6378	448662	395349
6379	448729	395275
6380	448795	395201
6381	448861	395127
6382	448932	395058
6383	449001	394986
6384	449066	394911
6385	449136	394840
6386	449203	394767
6387	449269	394692
6388	449334	394618
6389	449405	394548
6390	449473	394476
6391	449545	394407
6392	449611	394333
6393	449678	394259
6394	449746	394187
6395	449825	394125
6396	449897	394056
6397	449967	393984
6398	450034	393912
6399	450101	393838
6400	450169	393766
6401	450238	393695
6402	450307	393623
6403	450379	393554
6404	450460	393493
6405	450530	393423
6406	450604	393355
6407	450669	393280
6408	450738	393209
6409	450819	393148
6410	450886	393074
6411	450958	393006
6412	451026	392933
6413	451093	392860
6414	451159	392786
6415	451225	392712
6416	451292	392639
6417	451363	392569
6418	451428	392494
6419	451493	392419
6420	451559	392345
6421	451629	392274
6422	451697	392202
6423	451762	392127
6424	451828	392053
6425	451897	391982
6426	451965	391909
6427	452031	391835
6428	452098	391762
6429	452165	391689
6430	452231	391614
6431	452302	391545
6432	452371	391474
6433	452444	391405
6434	452512	391333
6435	452577	391258
6436	452644	391185
6437	452712	391113
6438	452780	391040
6439	452853	390973
6440	452924	390903
6441	452991	390829
6442	453059	390757
6443	453124	390682
6444	453191	390609
6445	453264	390541
6446	453332	390469
6447	453408	390403
6448	453482	390336
6449	453564	390276
6450	453631	390202
6451	453698	390129
6452	453760	390052
6453	453836	389987
6454	453904	389914
6455	453971	389841
6456	454038	389768
6457	454108	389697
6458	454175	389624
6459	454245	389553
6460	454324	389490
6461	454402	389427
6462	454466	389352
6463	454543	389286
6464	454614	389217
6465	454685	389147
6466	454751	389073
6467	454817	388999
6468	454882	388924
6469	454947	388850
6470	455014	388776
6471	455080	388703
6472	455147	388629
6473	455216	388557
6474	455293	388493
6475	455360	388420
6476	455428	388348
6477	455493	388273
6478	455558	388198
6479	455624	388124
6480	455690	388050
6481	455756	387976
6482	455828	387908
6483	455900	387838
6484	455975	387772
6485	456052	387708
6486	456119	387634
6487	456188	387563
6488	456258	387492
6489	456333	387426
6490	456404	387356
6491	456474	387286
6492	456548	387219
6493	456617	387147
6494	456686	387076
6495	456759	387007
6496	456829	386937
6497	456904	386870
6498	456976	386802
6499	457041	386727
6500	457109	386654
6501	457179	386584
6502	457271	386532
6503	457344	386464
6504	457416	386395
6505	457495	386333
6506	457566	386263
6507	457635	386191
6508	457706	386121
6509	457778	386052
6510	457845	385980
6511	457919	385912
6512	457989	385841
6513	458062	385774
6514	458134	385705
6515	458210	385639
6516	458281	385569
6517	458351	385499
6518	458423	385430
6519	458504	385369
6520	458578	385301
6521	458648	385231
6522	458719	385161
6523	458799	385098
6524	458868	385027
6525	458940	384958
6526	459011	384888
6527	459096	384830
6528	459165	384759
6529	459233	384687
6530	459304	384617
6531	459371	384544
6532	459443	384475
6533	459511	384403
6534	459578	384330
6535	459644	384256
6536	459715	384186
6537	459783	384113
6538	459852	384042
6539	459962	384005
6540	460044	383944
6541	460201	383946
6542	460319	383916
6543	460438	383886
6544	460527	383831
6545	460635	383792
6546	460712	383727
6547	460795	383667
6548	460871	383601
6549	460974	383558
6550	461065	383506
6551	461151	383448
6552	461245	383397
6553	461320	383331
6554	461396	383265
6555	461463	383191
6556	461531	383119
6557	461600	383048
6558	461667	382975
6559	461734	382901
6560	461806	382832
6561	461882	382766
6562	461957	382700
6563	462027	382630
6564	462098	382559
6565	462166	382487
6566	462237	382417
6567	462305	382344
6568	462373	382272
6569	462443	382202
6570	462512	382130
6571	462580	382058
6572	462646	381984
6573	462718	381915
6574	462799	381853
6575	462877	381789
6576	462950	381720
6577	463030	381658
6578	463099	381586
6579	463165	381513
6580	463230	381438
6581	463311	381376
6582	463384	381308
6583	463457	381240
6584	463527	381169
6585	463595	381097
6586	463663	381024
6587	463730	380951
6588	463796	380877
6589	463864	380805
6590	463930	380730
6591	463997	380658
6592	464067	380587
6593	464140	380519
6594	464213	380451
6595	464290	380385
6596	464371	380324
6597	464438	380251
6598	464505	380178
6599	464574	380106
6600	464643	380035
6601	464711	379962
6602	464781	379891
6603	464846	379817
6604	464912	379743
6605	464984	379673
6606	465052	379601
6607	465118	379527
6608	465188	379456
6609	465253	379382
6610	465325	379312
6611	465394	379241
6612	465457	379165
6613	465524	379092
6614	465594	379021
6615	465666	378952
6616	465737	378882
6617	465817	378819
6618	465888	378749
6619	465964	378684
6620	466045	378622
6621	466113	378550
6622	466179	378475
6623	466248	378404
6624	466314	378330
6625	466384	378259
6626	466450	378186
6627	466520	378115
6628	466588	378042
6629	466655	377969
6630	466724	377898
6631	466799	377832
6632	466870	377761
6633	466941	377691
6634	467008	377619
6635	467080	377549
6636	467148	377477
6637	467219	377407
6638	467286	377334
6639	467352	377260
6640	467415	377184
6641	467482	377111
6642	467550	377038
6643	467618	376966
6644	467685	376893
6645	467752	376820
6646	467819	376746
6647	467895	376681
6648	467968	376612
6649	468043	376546
6650	468114	376476
6651	468179	376401
6652	468245	376327
6653	468310	376252
6654	468375	376178
6655	468441	376104
6656	468508	376031
6657	468572	375955
6658	468641	375884
6659	468704	375808
6660	468771	375734
6661	468838	375661
6662	468904	375588
6663	468971	375515
6664	469038	375441
6665	469106	375369
6666	469177	375299
6667	469245	375227
6668	469323	375162
6669	469389	375088
6670	469457	375017
6671	469520	374940
6672	469584	374865
6673	469651	374792
6674	469719	374720
6675	469792	374651
6676	469861	374580
6677	469926	374505
6678	469996	374434
6679	470066	374364
6680	470137	374294
6681	470210	374226
6682	470282	374157
6683	470368	374099
6684	470437	374028
6685	470508	373958
6686	470581	373889
6687	470650	373817
6688	470715	373743
6689	470788	373675
6690	470857	373603
6691	470924	373531
6692	470992	373458
6693	471060	373386
6694	471129	373314
6695	471198	373243
6696	471266	373171
6697	471335	373099
6698	471408	373031
6699	471476	372958
6700	471543	372886
6701	471613	372815
6702	471680	372742
6703	471744	372667
6704	471811	372593
6705	471877	372520
6706	471945	372447
6707	472009	372372
6708	472074	372298
6709	472139	372223
6710	472206	372150
6711	472286	372087
6712	472358	372018
6713	472425	371945
6714	472490	371871
6715	472565	371804
6716	472633	371732
6717	472701	371659
6718	472769	371587
6719	472834	371512
6720	472899	371438
6721	472967	371366
6722	473036	371294
6723	473103	371221
6724	473170	371148
6725	473236	371075
6726	473301	371000
6727	473367	370926
6728	473435	370854
6729	473502	370781
6730	473568	370707
6731	473633	370633
6732	473700	370559
6733	473767	370487
6734	473835	370414
6735	473902	370341
6736	473970	370269
6737	474035	370194
6738	474100	370120
6739	474174	370053
6740	474247	369985
6741	474333	369926
6742	474399	369853
6743	474471	369784
6744	474542	369714
6745	474609	369641
6746	474678	369569
6747	474750	369500
6748	474814	369425
6749	474880	369351
6750	474952	369282
6751	475019	369209
6752	475084	369134
6753	475150	369060
6754	475215	368986
6755	475303	368930
6756	475370	368856
6757	475436	368783
6758	475502	368709
6759	475572	368638
6760	475637	368564
6761	475703	368491
6762	475771	368418
6763	475843	368349
6764	475914	368279
6765	475997	368219
6766	476063	368145
6767	476130	368072
6768	476199	368001
6769	476274	367934
6770	476351	367868
6771	476421	367798
6772	476490	367726
6773	476556	367653
6774	476623	367580
6775	476690	367507
6776	476766	367441
6777	476835	367370
6778	476903	367297
6779	476967	367223
6780	477034	367149
6781	477105	367079
6782	477174	367008
6783	477239	366933
6784	477303	366858
6785	477373	366788
6786	477440	366715
6787	477511	366645
6788	477577	366571
6789	477645	366499
6790	477713	366427
6791	477780	366354
6792	477848	366282
6793	477916	366210
6794	477983	366137
6795	478051	366065
6796	478118	365992
6797	478184	365918
6798	478246	365842
6799	478316	365771
6800	478382	365697
6801	478450	365625
6802	478515	365551
6803	478578	365475
6804	478652	365407
6805	478720	365335
6806	478793	365267
6807	478862	365196
6808	478955	365143
6809	479033	365078
6810	479100	365005
6811	479165	364931
6812	479231	364857
6813	479297	364783
6814	479364	364710
6815	479438	364643
6816	479506	364571
6817	479572	364497
6818	479644	364428
6819	479713	364357
6820	479777	364282
6821	479852	364214
6822	479922	364144
6823	479991	364073
6824	480057	363999
6825	480126	363928
6826	480194	363856
6827	480261	363783
6828	480333	363714
6829	480416	363653
6830	480486	363582
6831	480553	363509
6832	480617	363434
6833	480683	363360
6834	480746	363285
6835	480814	363212
6836	480881	363140
6837	480958	363075
6838	481027	363003
6839	481092	362929
6840	481165	362860
6841	481236	362791
6842	481309	362722
6843	481380	362653
6844	481444	362578
6845	481508	362502
6846	481574	362429
6847	481644	362358
6848	481712	362286
6849	481775	362210
6850	481849	362143
6851	481918	362072
6852	481983	361997
6853	482049	361923
6854	482115	361850
6855	482184	361778
6856	482251	361706
6857	482318	361633
6858	482388	361562
6859	482454	361489
6860	482522	361417
6861	482608	361358
6862	482675	361285
6863	482749	361218
6864	482821	361148
6865	482888	361076
6866	482956	361004
6867	483023	360931
6868	483094	360861
6869	483158	360786
6870	483235	360721
6871	483303	360648
6872	483377	360581
6873	483447	360510
6874	483519	360441
6875	483591	360372
6876	483661	360301
6877	483732	360231
6878	483800	360160
6879	483865	360086
6880	483936	360015
6881	484003	359943
6882	484079	359877
6883	484150	359807
6884	484221	359737
6885	484304	359676
6886	484370	359603
6887	484440	359532
6888	484515	359465
6889	484583	359393
6890	484649	359319
6891	484714	359245
6892	484780	359172
6893	484846	359098
6894	484916	359028
6895	484982	358954
6896	485048	358881
6897	485112	358806
6898	485187	358739
6899	485260	358670
6900	485355	358618
6901	485425	358548
6902	485494	358476
6903	485561	358404
6904	485633	358334
6905	485702	358263
6906	485775	358195
6907	485844	358123
6908	485931	358065
6909	486001	357995
6910	486067	357921
6911	486135	357849
6912	486225	357793
6913	486301	357728
6914	486366	357653
6915	486434	357581
6916	486501	357508
6917	486566	357434
6918	486632	357360
6919	486699	357287
6920	486764	357213
6921	486829	357139
6922	486898	357068
6923	486964	356994
6924	487030	356921
6925	487102	356852
6926	487168	356778
6927	487237	356707
6928	487309	356638
6929	487378	356566
6930	487446	356494
6931	487510	356420
6932	487580	356349
6933	487646	356276
6934	487712	356202
6935	487783	356132
6936	487851	356060
6937	487923	355991
6938	487993	355920
6939	488057	355846
6940	488123	355772
6941	488187	355697
6942	488253	355624
6943	488319	355550
6944	488385	355477
6945	488453	355404
6946	488526	355336
6947	488599	355268
6948	488669	355198
6949	488736	355125
6950	488803	355052
6951	488868	354978
6952	488934	354904
6953	489001	354831
6954	489067	354758
6955	489130	354683
6956	489196	354609
6957	489260	354534
6958	489325	354460
6959	489393	354388
6960	489461	354316
6961	489525	354241
6962	489593	354169
6963	489659	354096
6964	489728	354025
6965	489795	353952
6966	489861	353878
6967	489930	353807
6968	490004	353739
6969	490096	353685
6970	490164	353612
6971	490241	353547
6972	490312	353477
6973	490389	353412
6974	490454	353337
6975	490520	353264
6976	490587	353191
6977	490658	353122
6978	490729	353052
6979	490806	352987
6980	490874	352914
6981	490945	352844
6982	491016	352775
6983	491084	352702
6984	491152	352631
6985	491219	352558
6986	491292	352490
6987	491369	352424
6988	491442	352356
6989	491517	352289
6990	491589	352220
6991	491656	352147
6992	491724	352075
6993	491802	352010
6994	491872	351940
6995	491946	351872
6996	492016	351802
6997	492086	351731
6998	492159	351662
6999	492232	351594
7000	492308	351528
7001	492389	351465
7002	492462	351397
7003	492529	351324
7004	492604	351257
7005	492674	351186
7006	492743	351115
7007	492817	351048
7008	492899	350986
7009	492978	350921
7010	493050	350852
7011	493386	350971
7012	493518	350944
7013	493633	350906
7014	493750	350869
7015	493863	350829
7016	493944	350766
7017	494032	350708
7018	494118	350649
7019	494204	350589
7020	494304	350539
7021	494411	350495
7022	494499	350437
7023	494604	350392
7024	494707	350344
7025	494814	350300
7026	494950	350275
7027	495032	350213
7028	495128	350161
7029	495255	350131
7030	495370	350091
7031	495472	350043
7032	495585	350003
7033	495677	349947
7034	495754	349882
7035	495830	349815
7036	495915	349755
7037	496005	349699
7038	496088	349637
7039	496162	349568
7040	496277	349530
7041	496362	349469
7042	496440	349404
7043	496512	349334
7044	496587	349267
7045	496672	349207
7046	496808	349182
7047	496897	349125
7048	496976	349061
7049	497059	348999
7050	497133	348931
7051	497212	348866
7052	497286	348798
7053	497362	348731
7054	497433	348661
7055	497511	348596
7056	497585	348528
7057	497657	348458
7058	497736	348394
7059	497818	348331
7060	497890	348262
7061	497963	348193
7062	498034	348123
7063	498104	348052
7064	498171	347979
7065	498243	347909
7066	498310	347837
7067	498379	347765
7068	498448	347694
7069	498517	347622
7070	498586	347550
7071	498654	347478
7072	498722	347406
7073	498809	347347
7074	498889	347283
7075	498958	347212
7076	499028	347140
7077	499096	347068
7078	499164	346996
7079	499234	346925
7080	499304	346854
7081	499374	346783
7082	499440	346710
7083	499505	346635
7084	499572	346562
7085	499636	346487
7086	499706	346417
7087	499822	346378
7088	499909	346318
7089	499987	346253
7090	500054	346180
7091	500119	346106
7092	500193	346038
7093	500260	345965
7094	500328	345893
7095	500409	345829
7096	500478	345758
7097	500544	345684
7098	500612	345612
7099	500683	345542
7100	500749	345468
7101	500816	345395
7102	500885	345323
7103	500953	345251
7104	501020	345178
7105	501089	345107
7106	501157	345035
7107	501221	344959
7108	501296	344892
7109	501378	344829
7110	501448	344759
7111	501515	344686
7112	501582	344612
7113	501649	344540
7114	501711	344463
7115	501776	344389
7116	501844	344317
7117	501910	344243
7118	501975	344169
7119	502048	344100
7120	502114	344027
7121	502181	343954
7122	502247	343880
7123	502312	343805
7124	502381	343734
7125	502445	343659
7126	502514	343587
7127	502581	343515
7128	502649	343443
7129	502739	343386
7130	502806	343312
7131	502873	343240
7132	502940	343167
7133	503006	343093
7134	503073	343020
7135	503142	342949
7136	503210	342876
7137	503276	342803
7138	503344	342730
7139	503408	342656
7140	503474	342582
7141	503541	342509
7142	503614	342440
7143	503682	342368
7144	503749	342295
7145	503813	342221
7146	503882	342149
7147	503947	342075
7148	504015	342003
7149	504084	341931
7150	504156	341862
7151	504223	341788
7152	504317	341734
7153	504391	341666
7154	504473	341603
7155	504539	341530
7156	504607	341458
7157	504676	341386
7158	504741	341311
7159	504808	341239
7160	504876	341166
7161	504943	341094
7162	505008	341020
7163	505073	340946
7164	505140	340873
7165	505209	340801
7166	505278	340730
7167	505344	340656
7168	505411	340583
7169	505478	340510
7170	505545	340438
7171	505609	340362
7172	505675	340289
7173	505745	340218
7174	505815	340147
7175	505893	340082
7176	505978	340021
7177	506044	339947
7178	506108	339872
7179	506176	339801
7180	506242	339727
7181	506308	339654
7182	506374	339580
7183	506441	339507
7184	506512	339437
7185	506579	339364
7186	506647	339292
7187	506717	339221
7188	506785	339149
7189	506859	339081
7190	506925	339007
7191	506990	338933
7192	507061	338863
7193	507128	338790
7194	507193	338716
7195	507262	338645
7196	507331	338573
7197	507396	338499
7198	507463	338426
7199	507530	338353
7200	507599	338282
7201	507665	338209
7202	507734	338137
7203	507800	338063
7204	507871	337993
7205	507938	337921
7206	508009	337850
7207	508080	337780
7208	508163	337718
7209	508232	337647
7210	508297	337572
7211	508361	337497
7212	508427	337424
7213	508498	337354
7214	508563	337280
7215	508630	337207
7216	508697	337134
7217	508763	337061
7218	508826	336985
7219	508899	336916
7220	508965	336843
7221	509032	336770
7222	509100	336698
7223	509165	336624
7224	509239	336556
7225	509302	336480
7226	509373	336410
7227	509445	336341
7228	509512	336268
7229	509581	336197
7230	509656	336129
7231	509721	336055
7232	509787	335981
7233	509853	335908
7234	509922	335836
7235	509989	335763
7236	510056	335691
7237	510122	335617
7238	510201	335553
7239	510271	335482
7240	510355	335420
7241	510424	335349
7242	510491	335276
7243	510556	335202
7244	510624	335130
7245	510691	335057
7246	510755	334982
7247	510820	334908
7248	510886	334835
7249	510957	334765
7250	511024	334692
7251	511087	334616
7252	511156	334545
7253	511225	334474
7254	511294	334402
7255	511360	334329
7256	511427	334256
7257	511493	334183
7258	511558	334109
7259	511622	334034
7260	511685	333959
7261	511751	333885
7262	511821	333814
7263	511892	333745
7264	511957	333670
7265	512024	333597
7266	512089	333524
7267	512157	333452
7268	512224	333379
7269	512294	333308
7270	512375	333244
7271	512446	333174
7272	512528	333111
7273	512596	333039
7274	512663	332966
7275	512733	332896
7276	512800	332823
7277	512866	332750
7278	512935	332678
7279	513000	332604
7280	513064	332529
7281	513140	332463
7282	513210	332392
7283	513279	332320
7284	513350	332250
7285	513416	332177
7286	513483	332104
7287	513552	332033
7288	513618	331960
7289	513684	331886
7290	513749	331813
7291	513815	331739
7292	513880	331665
7293	513955	331597
7294	514019	331523
7295	514084	331449
7296	514153	331377
7297	514229	331310
7298	514321	331254
7299	514391	331183
7300	514456	331109
7301	514524	331037
7302	514591	330964
7303	514663	330895
7304	514741	330829
7305	514808	330756
7306	514874	330683
7307	514940	330610
7308	515007	330537
7309	515073	330464
7310	515140	330391
7311	515212	330322
7312	515277	330248
7313	515348	330178
7314	515415	330105
7315	515481	330032
7316	515547	329958
7317	515628	329895
7318	515695	329822
7319	515768	329753
7320	515838	329682
7321	515915	329616
7322	515991	329549
7323	516071	329485
7324	516145	329417
7325	516213	329344
7326	516275	329269
7327	516343	329196
7328	516408	329123
7329	516475	329050
7330	516539	328976
7331	516607	328903
7332	516677	328832
7333	516743	328760
7334	516815	328690
7335	516884	328619
7336	516957	328550
7337	517032	328482
7338	517101	328411
7339	517167	328337
7340	517239	328268
7341	517305	328195
7342	517369	328120
7343	517435	328047
7344	517499	327972
7345	517568	327901
7346	517642	327833
7347	517716	327764
7348	517786	327694
7349	517850	327619
7350	517919	327548
7351	517986	327475
7352	518054	327403
7353	518125	327333
7354	518192	327261
7355	518258	327187
7356	518324	327114
7357	518389	327040
7358	518453	326965
7359	518518	326892
7360	518585	326819
7361	518652	326746
7362	518722	326676
7363	518786	326601
7364	518854	326529
7365	518927	326460
7366	518994	326387
7367	519063	326317
7368	519132	326245
7369	519201	326174
7370	519268	326101
7371	519338	326030
7372	519408	325960
7373	519476	325888
7374	519549	325818
7375	519618	325747
7376	519684	325674
7377	519763	325609
7378	519829	325536
7379	519895	325463
7380	519959	325388
7381	520027	325316
7382	520092	325242
7383	520163	325172
7384	520234	325102
7385	520335	325050
7386	520400	324977
7387	520468	324905
7388	520536	324833
7389	520603	324760
7390	520669	324687
7391	520738	324616
7392	520806	324544
7393	520871	324470
7394	520937	324397
7395	521003	324323
7396	521069	324250
7397	521132	324175
7398	521199	324102
7399	521272	324034
7400	521354	323971
7401	521423	323899
7402	521508	323838
7403	521581	323769
7404	521647	323696
7405	521715	323624
7406	521780	323550
7407	521850	323479
7408	521920	323408
7409	521989	323337
7410	522061	323268
7411	522134	323199
7412	522204	323128
7413	522271	323055
7414	522336	322982
7415	522400	322907
7416	522470	322837
7417	522535	322763
7418	522608	322694
7419	522679	322624
7420	522751	322554
7421	522826	322486
7422	522898	322417
7423	522965	322345
7424	523039	322276
7425	523113	322208
7426	523179	322135
7427	523246	322062
7428	523318	321993
7429	523386	321921
7430	523465	321856
7431	523546	321792
7432	523623	321725
7433	523695	321656
7434	523768	321587
7435	523839	321517
7436	523914	321449
7437	523986	321380
7438	524056	321309
7439	524132	321242
7440	524210	321176
7441	524306	321121
7442	524380	321053
7443	524449	320982
7444	524519	320911
7445	524600	320847
7446	524671	320777
7447	524742	320707
7448	524815	320638
7449	524884	320567
7450	524954	320496
7451	525024	320425
7452	525097	320356
7453	525171	320288
7454	525241	320217
7455	525312	320147
7456	525381	320076
7457	525447	320002
7458	525521	319934
7459	525600	319869
7460	525677	319802
7461	525755	319736
7462	525834	319671
7463	525917	319608
7464	525985	319537
7465	526056	319466
7466	526124	319394
7467	526244	319354
7468	526419	319347
7469	526572	319327
7470	526660	319267
7471	526817	319249
7472	526896	319183
7473	526972	319116
7474	527047	319048
7475	527130	318985
7476	527239	318938
7477	527330	318880
7478	527406	318813
7479	527490	318750
7480	527565	318683
7481	527634	318611
7482	527704	318540
7483	527768	318466
7484	527834	318392
7485	527906	318323
7486	527977	318253
7487	528051	318184
7488	528120	318113
7489	528193	318044
7490	528264	317974
7491	528331	317901
7492	528396	317827
7493	528460	317753
7494	528538	317686
7495	528618	317622
7496	528696	317556
7497	528761	317482
7498	528827	317409
7499	528898	317338
7500	528967	317267
7501	529035	317195
7502	529104	317124
7503	529171	317051
7504	529238	316979
7505	529306	316907
7506	529374	316834
7507	529446	316765
7508	529520	316696
7509	529591	316626
7510	529657	316553
7511	529721	316478
7512	529789	316407
7513	529854	316333
7514	529922	316261
7515	529990	316189
7516	530055	316115
7517	530127	316045
7518	530204	315978
7519	530279	315910
7520	530366	315850
7521	530433	315777
7522	530501	315705
7523	530567	315632
7524	530632	315559
7525	530696	315484
7526	530762	315411
7527	530827	315337
7528	530898	315267
7529	530963	315193
7530	531027	315119
7531	531094	315046
7532	531161	314973
7533	531227	314900
7534	531292	314826
7535	531360	314754
7536	531425	314681
7537	531494	314609
7538	531560	314536
7539	531622	314461
7540	531690	314389
7541	531755	314315
7542	531821	314242
7543	531889	314170
7544	531957	314098
7545	532024	314025
7546	532090	313952
7547	532155	313878
7548	532239	313816
7549	532310	313745
7550	532390	313681
7551	532461	313610
7552	532533	313541
7553	532603	313470
7554	532671	313398
7555	532737	313325
7556	532805	313253
7557	532874	313181
7558	532939	313108
7559	533007	313036
7560	533080	312967
7561	533149	312895
7562	533215	312822
7563	533279	312748
7564	533348	312677
7565	533413	312603
7566	533481	312531
7567	533547	312457
7568	533613	312384
7569	533679	312311
7570	533745	312238
7571	533809	312164
7572	533876	312091
7573	533942	312018
7574	534013	311948
7575	534083	311877
7576	534168	311815
7577	534238	311744
7578	534304	311671
7579	534370	311598
7580	534436	311525
7581	534500	311451
7582	534568	311379
7583	534637	311308
7584	534709	311238
7585	534775	311165
7586	534840	311091
7587	534905	311017
7588	534971	310944
7589	535040	310873
7590	535108	310801
7591	535180	310732
7592	535248	310659
7593	535323	310592
7594	535390	310519
7595	535456	310446
7596	535525	310375
7597	535593	310303
7598	535664	310232
7599	535731	310160
7600	535803	310090
7601	535888	310028
7602	535955	309956
7603	536025	309885
7604	536097	309815
7605	536174	309749
7606	536240	309675
7607	536306	309602
7608	536376	309531
7609	536441	309458
7610	536504	309383
7611	536574	309313
7612	536640	309239
7613	536704	309165
7614	536774	309094
7615	536837	309020
7616	536911	308951
7617	536979	308879
7618	537043	308805
7619	537107	308730
7620	537173	308658
7621	537239	308584
7622	537306	308512
7623	537375	308441
7624	537442	308368
7625	537528	308306
7626	537600	308237
7627	537684	308174
7628	537764	308109
7629	537837	308040
7630	537908	307970
7631	537981	307901
7632	538061	307836
7633	538135	307767
7634	538209	307699
7635	538282	307630
7636	538358	307562
7637	538429	307492
7638	538504	307424
7639	538577	307355
7640	538645	307283
7641	538718	307214
7642	538792	307146
7643	538867	307078
7644	538944	307011
7645	539023	306946
7646	539101	306879
7647	539178	306813
7648	539253	306744
7649	539323	306673
7650	539394	306604
7651	539464	306533
7652	539533	306461
7653	539605	306391
7654	539682	306325
7655	539760	306259
7656	539828	306186
7657	539902	306118
7658	539972	306047
7659	540039	305975
7660	540112	305906
7661	540192	305841
7662	540269	305774
7663	540347	305708
7664	540416	305636
7665	540484	305564
7666	540561	305498
7667	540631	305426
7668	540701	305356
7669	540774	305287
7670	540843	305216
7671	540916	305146
7672	540986	305076
7673	541055	305004
7674	541125	304933
7675	541200	304866
7676	541274	304797
7677	541348	304729
7678	541418	304657
7679	541485	304585
7680	541555	304514
7681	541623	304443
7682	541693	304372
7683	541767	304303
7684	541839	304233
7685	541914	304166
7686	541982	304094
7687	542053	304023
7688	542128	303955
7689	542200	303885
7690	542266	303813
7691	542336	303742
7692	542415	303676
7693	542495	303611
7694	542566	303540
7695	542635	303469
7696	542702	303397
7697	542772	303326
7698	542841	303255
7699	542912	303184
7700	542987	303116
7701	543055	303045
7702	543122	302972
7703	543190	302900
7704	543259	302829
7705	543335	302761
7706	543405	302690
7707	543480	302622
7708	543552	302553
7709	543623	302483
7710	543690	302410
7711	543757	302338
7712	543823	302265
7713	543891	302193
7714	543959	302121
7715	544028	302050
7716	544097	301978
7717	544178	301914
7718	544258	301849
7719	544324	301775
7720	544390	301702
7721	544458	301630
7722	544525	301558
7723	544599	301489
7724	544667	301417
7725	544735	301346
7726	544801	301273
7727	544865	301199
7728	544931	301126
7729	544999	301054
7730	545067	300982
7731	545149	300918
7732	545219	300847
7733	545289	300776
7734	545362	300707
7735	545428	300634
7736	545493	300560
7737	545564	300490
7738	545636	300420
7739	545708	300351
7740	545781	300282
7741	545864	300218
7742	545938	300149
7743	546011	300080
7744	546092	300016
7745	546162	299945
7746	546231	299873
7747	546297	299800
7748	546380	299737
7749	546449	299665
7750	546516	299593
7751	546583	299521
7752	546650	299448
7753	546715	299374
7754	546782	299302
7755	546856	299234
7756	546923	299161
7757	546989	299088
7758	547057	299016
7759	547127	298945
7760	547196	298874
7761	547263	298802
7762	547330	298729
7763	547393	298655
7764	547458	298581
7765	547524	298508
7766	547591	298436
7767	547658	298363
7768	547723	298290
7769	547790	298217
7770	547861	298147
7771	547931	298076
7772	547997	298004
7773	548063	297931
7774	548132	297859
7775	548201	297788
7776	548272	297718
7777	548338	297645
7778	548405	297572
7779	548475	297501
7780	548543	297430
7781	548622	297364
7782	548689	297292
7783	548758	297220
7784	548826	297148
7785	548890	297074
7786	548956	297001
7787	549029	296932
7788	549094	296859
7789	549161	296786
7790	549228	296714
7791	549295	296641
7792	549359	296568
7793	549427	296496
7794	549496	296424
7795	549561	296351
7796	549631	296280
7797	549715	296217
7798	549779	296143
7799	549852	296074
7800	549929	296007
7801	549994	295933
7802	550063	295862
7803	550145	295798
7804	550218	295729
7805	550300	295665
7806	550366	295591
7807	550442	295524
7808	550513	295453
7809	550581	295382
7810	550658	295315
7811	550725	295243
7812	550798	295173
7813	550872	295105
7814	550939	295032
7815	551007	294961
7816	551072	294887
7817	551137	294814
7818	551209	294744
7819	551281	294674
7820	551347	294602
7821	551414	294529
7822	551480	294456
7823	551545	294383
7824	551611	294310
7825	551678	294237
7826	551745	294165
7827	551812	294093
7828	551877	294019
7829	551943	293946
7830	552009	293873
7831	552073	293799
7832	552138	293726
7833	552203	293653
7834	552273	293582
7835	552343	293511
7836	552413	293441
7837	552482	293369
7838	552546	293295
7839	552614	293224
7840	552678	293149
7841	552745	293077
7842	552815	293006
7843	552891	292939
7844	552958	292867
7845	553031	292797
7846	553096	292724
7847	553161	292651
7848	553227	292578
7849	553301	292509
7850	553383	292445
7851	553453	292374
7852	553521	292302
7853	553585	292229
7854	553651	292155
7855	553715	292082
7856	553781	292009
7857	553849	291937
7858	553916	291865
7859	553986	291794
7860	554055	291723
7861	554133	291656
7862	554207	291588
7863	554275	291516
7864	554346	291446
7865	554411	291372
7866	554481	291301
7867	554553	291232
7868	554624	291161
7869	554691	291089
7870	554757	291016
7871	554822	290943
7872	554887	290870
7873	554953	290797
7874	555020	290724
7875	555087	290652
7876	555153	290579
7877	555219	290507
7878	555285	290434
7879	555352	290361
7880	555418	290289
7881	555484	290216
7882	555550	290143
7883	555617	290071
7884	555687	290000
7885	555764	289933
7886	555839	289865
7887	555914	289796
7888	555978	289723
7889	556050	289653
7890	556119	289582
7891	556185	289509
7892	556250	289436
7893	556318	289364
7894	556386	289292
7895	556450	289218
7896	556517	289146
7897	556589	289076
7898	556655	289004
7899	556732	288937
7900	556813	288872
7901	556882	288800
7902	556954	288731
7903	557020	288658
7904	557086	288585
7905	557153	288513
7906	557219	288440
7907	557283	288366
7908	557348	288293
7909	557423	288225
7910	557496	288156
7911	557572	288088
7912	557643	288018
7913	557715	287948
7914	557781	287875
7915	557849	287804
7916	557918	287733
7917	557990	287663
7918	558064	287594
7919	558135	287524
7920	558214	287458
7921	558289	287389
7922	558362	287320
7923	558435	287251
7924	558507	287182
7925	558583	287114
7926	558660	287047
7927	558735	286979
7928	558824	286918
7929	558930	286865
7930	559008	286799
7931	559086	286732
7932	559166	286667
7933	559246	286601
7934	559321	286533
7935	559394	286463
7936	559470	286396
7937	559557	286334
7938	559666	286283
7939	559761	286225
7940	559851	286165
7941	559934	286101
7942	560014	286035
7943	560089	285967
7944	560169	285901
7945	560331	285877
7946	560662	285939
7947	560860	285934
7948	560978	285888
7949	561104	285845
7950	561205	285790
7951	561304	285734
7952	561401	285677
7953	561498	285620
7954	561596	285563
7955	561686	285502
7956	561769	285438
7957	561852	285374
7958	561929	285306
7959	562018	285245
7960	562102	285181
7961	562178	285113
7962	562251	285044
7963	562330	284978
7964	562420	284917
7965	562542	284872
7966	562647	284819
7967	562738	284759
7968	562838	284703
7969	562933	284645
7970	563007	284576
7971	563091	284512
7972	563169	284445
7973	563243	284376
7974	563322	284310
7975	563406	284246
7976	563496	284185
7977	563605	284134
7978	563689	284070
7979	563768	284003
7980	563840	283933
7981	563911	283863
7982	563998	283800
7983	564095	283743
7984	564186	283683
7985	564276	283621
7986	564348	283552
7987	564429	283486
7988	564509	283420
7989	564579	283349
7990	564651	283279
7991	564720	283208
7992	564786	283135
7993	564854	283062
7994	564918	282989
7995	564985	282916
7996	565058	282847
7997	565136	282780
7998	565211	282711
7999	565278	282639
8000	565345	282566
8001	565411	282493
8002	565480	282422
8003	565551	282351
8004	565620	282280
8005	565690	282209
8006	565767	282141
8007	565861	282082
8008	565932	282012
8009	566002	281941
8010	566072	281870
8011	566139	281797
8012	566209	281726
8013	566281	281656
8014	566349	281584
8015	566421	281514
8016	566498	281447
8017	566576	281380
8018	566646	281309
8019	566716	281238
8020	566782	281165
8021	566847	281091
8022	566914	281019
8023	566986	280949
8024	567053	280876
8025	567121	280804
8026	567189	280732
8027	567254	280659
8028	567321	280587
8029	567388	280514
8030	567467	280447
8031	567534	280375
8032	567602	280303
8033	567670	280231
8034	567738	280159
8035	567805	280087
8036	567873	280015
8037	567938	279941
8038	568009	279871
8039	568079	279800
8040	568148	279729
8041	568216	279657
8042	568280	279583
8043	568352	279512
8044	568419	279440
8045	568487	279368
8046	568552	279295
8047	568616	279221
8048	568682	279148
8049	568754	279078
8050	568819	279004
8051	568886	278932
8052	568952	278859
8053	569020	278787
8054	569089	278716
8055	569168	278649
8056	569235	278577
8057	569298	278502
8058	569363	278429
8059	569430	278357
8060	569504	278287
8061	569574	278217
8062	569641	278144
8063	569705	278070
8064	569773	277998
8065	569840	277926
8066	569906	277853
8067	569973	277781
8068	570042	277709
8069	570110	277637
8070	570197	277574
8071	570298	277518
8072	570368	277447
8073	570436	277375
8074	570502	277303
8075	570568	277230
8076	570637	277158
8077	570702	277085
8078	570768	277012
8079	570839	276942
8080	570907	276869
8081	570979	276799
8082	571045	276727
8083	571110	276653
8084	571176	276580
8085	571245	276509
8086	571316	276438
8087	571380	276365
8088	571446	276292
8089	571510	276218
8090	571578	276146
8091	571643	276072
8092	571709	276000
8093	571774	275926
8094	571842	275854
8095	571908	275781
8096	571974	275708
8097	572039	275635
8098	572105	275562
8099	572173	275490
8100	572236	275416
8101	572302	275343
8102	572368	275270
8103	572437	275199
8104	572510	275129
8105	572583	275060
8106	572654	274990
8107	572721	274917
8108	572788	274845
8109	572862	274776
8110	572929	274703
8111	572991	274629
8112	573060	274557
8113	573126	274484
8114	573195	274413
8115	573263	274341
8116	573330	274269
8117	573398	274197
8118	573464	274124
8119	573531	274052
8120	573595	273978
8121	573664	273906
8122	573730	273833
8123	573803	273764
8124	573888	273700
8125	573962	273631
8126	574041	273564
8127	574131	273503
8128	574197	273430
8129	574260	273356
8130	574328	273284
8131	574393	273211
8132	574461	273139
8133	574529	273067
8134	574596	272995
8135	574664	272923
8136	574734	272852
8137	574808	272783
8138	574881	272713
8139	574960	272647
8140	575025	272573
8141	575093	272501
8142	575161	272429
8143	575224	272355
8144	575291	272283
8145	575358	272211
8146	575436	272143
8147	575501	272070
8148	575572	272000
8149	575642	271929
8150	575714	271859
8151	575799	271795
8152	575864	271722
8153	575931	271650
8154	576000	271578
8155	576070	271507
8156	576135	271434
8157	576201	271361
8158	576268	271288
8159	576336	271217
8160	576402	271144
8161	576469	271072
8162	576537	271000
8163	576604	270927
8164	576671	270855
8165	576739	270783
8166	576807	270711
8167	576873	270639
8168	576950	270571
8169	577018	270499
8170	577088	270428
8171	577154	270355
8172	577219	270282
8173	577285	270209
8174	577362	270142
8175	577436	270073
8176	577525	270010
8177	577591	269938
8178	577657	269865
8179	577724	269793
8180	577794	269722
8181	577864	269651
8182	577940	269582
8183	578010	269512
8184	578080	269441
8185	578152	269371
8186	578221	269299
8187	578288	269227
8188	578356	269155
8189	578438	269090
8190	578503	269017
8191	578570	268945
8192	578640	268873
8193	578708	268802
8194	578774	268729
8195	578842	268657
8196	578906	268583
8197	578973	268511
8198	579041	268439
8199	579112	268369
8200	579181	268297
8201	579252	268227
8202	579320	268155
8203	579386	268082
8204	579459	268013
8205	579524	267939
8206	579588	267866
8207	579654	267793
8208	579731	267725
8209	579800	267654
8210	579877	267586
8211	579943	267514
8212	580012	267442
8213	580083	267372
8214	580166	267307
8215	580242	267239
8216	580309	267166
8217	580376	267094
8218	580454	267027
8219	580521	266954
8220	580585	266881
8221	580659	266812
8222	580742	266747
8223	580810	266675
8224	580875	266602
8225	580943	266530
8226	581008	266457
8227	581082	266388
8228	581173	266326
8229	581238	266253
8230	581302	266180
8231	581378	266111
8232	581457	266045
8233	581523	265972
8234	581586	265898
8235	581651	265825
8236	581714	265751
8237	581779	265677
8238	581844	265604
8239	581909	265531
8240	581977	265459
8241	582041	265386
8242	582106	265312
8243	582169	265238
8244	582235	265165
8245	582301	265093
8246	582367	265020
8247	582435	264948
8248	582505	264877
8249	582572	264805
8250	582636	264732
8251	582703	264659
8252	582770	264587
8253	582836	264514
8254	582903	264442
8255	582967	264369
8256	583035	264297
8257	583102	264225
8258	583171	264153
8259	583240	264082
8260	583305	264009
8261	583373	263937
8262	583441	263865
8263	583511	263794
8264	583578	263722
8265	583649	263651
8266	583716	263579
8267	583783	263507
8268	583852	263436
8269	583921	263364
8270	583991	263293
8271	584062	263223
8272	584145	263158
8273	584211	263085
8274	584289	263018
8275	584356	262946
8276	584422	262873
8277	584491	262802
8278	584554	262728
8279	584619	262655
8280	584683	262581
8281	584748	262508
8282	584815	262436
8283	584880	262363
8284	584946	262290
8285	585011	262217
8286	585079	262145
8287	585146	262073
8288	585214	262001
8289	585279	261928
8290	585344	261855
8291	585413	261783
8292	585480	261711
8293	585547	261639
8294	585622	261570
8295	585694	261500
8296	585785	261439
8297	585857	261369
8298	585929	261299
8299	585996	261227
8300	586062	261154
8301	586127	261081
8302	586192	261008
8303	586263	260937
8304	586343	260871
8305	586408	260798
8306	586475	260726
8307	586542	260653
8308	586605	260580
8309	586668	260506
8310	586734	260433
8311	586806	260363
8312	586870	260290
8313	586939	260218
8314	587005	260146
8315	587070	260073
8316	587135	259999
8317	587202	259927
8318	587265	259853
8319	587335	259782
8320	587405	259712
8321	587475	259641
8322	587542	259569
8323	587614	259498
8324	587685	259428
8325	587769	259364
8326	587859	259301
8327	587933	259232
8328	588046	259181
8329	588125	259114
8330	588201	259045
8331	588279	258978
8332	588354	258909
8333	588435	258844
8334	588520	258779
8335	588605	258715
8336	588694	258652
8337	588797	258596
8338	588885	258533
8339	588963	258465
8340	589042	258399
8341	589122	258332
8342	589195	258263
8343	589274	258195
8344	589344	258125
8345	589420	258056
8346	589498	257989
8347	589581	257924
8348	589667	257860
8349	589742	257791
8350	589817	257723
8351	589894	257654
8352	589970	257586
8353	590048	257519
8354	590132	257454
8355	590230	257395
8356	590309	257328
8357	590387	257261
8358	590459	257191
8359	590532	257121
8360	590606	257052
8361	590676	256981
8362	590752	256913
8363	590828	256845
8364	590901	256775
8365	590977	256707
8366	591050	256637
8367	591131	256571
8368	591212	256505
8369	591288	256436
8370	591367	256369
8371	591452	256305
8372	591530	256238
8373	591616	256174
8374	591697	256107
8375	591798	256050
8376	591887	255987
8377	591967	255921
8378	592051	255856
8379	592137	255792
8380	592214	255724
8381	592292	255656
8382	592373	255590
8383	592451	255523
8384	592527	255454
8385	592615	255391
8386	592695	255324
8387	592770	255256
8388	592843	255186
8389	592936	255125
8390	593014	255057
8391	593095	254991
8392	593171	254923
8393	593251	254856
8394	593325	254787
8395	593406	254720
8396	593478	254650
8397	593549	254580
8398	593622	254510
8399	593694	254440
8400	593765	254369
8401	593849	254305
8402	593950	254247
8403	594027	254179
8404	594101	254110
8405	594195	254049
8406	594273	253981
8407	594350	253913
8408	594424	253844
8409	594501	253776
8410	594573	253706
8411	594646	253636
8412	594720	253567
8413	594800	253500
8414	594909	253446
8415	595095	253424
8416	595245	253387
8417	595364	253337
8418	595454	253274
8419	595546	253213
8420	595635	253150
8421	595717	253084
8422	595829	253031
8423	595921	252969
8424	596020	252910
8425	596117	252851
8426	596202	252786
8427	596292	252723
8428	596362	252652
8429	596429	252580
8430	596497	252508
8431	596569	252438
8432	596645	252369
8433	596731	252305
8434	596817	252241
8435	596901	252176
8436	596996	252115
8437	597066	252044
8438	597153	251980
8439	597228	251911
8440	597308	251844
8441	597389	251778
8442	597465	251709
8443	597543	251641
8444	597624	251575
8445	597711	251511
8446	597801	251448
8447	597887	251384
8448	597958	251313
8449	598035	251245
8450	598114	251178
8451	598191	251110
8452	598274	251044
8453	598367	250983
8454	598457	250920
8455	598523	250847
8456	598593	250776
8457	598687	250715
8458	598775	250651
8459	598857	250585
8460	598936	250518
8461	599004	250446
8462	599076	250376
8463	599149	250306
8464	599222	250236
8465	599294	250166
8466	599374	250099
8467	599452	250031
8468	599554	249973
8469	599626	249903
8470	599699	249833
8471	599769	249762
8472	599843	249693
8473	599916	249623
8474	599989	249553
8475	600071	249486
8476	600149	249419
8477	600237	249355
8478	600308	249284
8479	600381	249214
8480	600453	249144
8481	600524	249073
8482	600606	249007
8483	600672	248935
8484	600746	248865
8485	600823	248797
8486	600891	248725
8487	600957	248652
8488	601024	248580
8489	601094	248509
8490	601163	248437
8491	601228	248364
8492	601295	248291
8493	601361	248219
8494	601427	248146
8495	601498	248075
8496	601568	248004
8497	601636	247932
8498	601706	247861
8499	601771	247788
8500	601840	247716
8501	601905	247643
8502	601972	247571
8503	602037	247498
8504	602104	247425
8505	602171	247353
8506	602236	247279
8507	602307	247209
8508	602375	247137
8509	602441	247064
8510	602507	246991
8511	602577	246920
8512	602644	246848
8513	602709	246775
8514	602776	246702
8515	602843	246630
8516	602909	246557
8517	602973	246484
8518	603040	246411
8519	603108	246340
8520	603174	246267
8521	603238	246193
8522	603309	246122
8523	603390	246056
8524	603466	245987
8525	603538	245917
8526	603607	245846
8527	603677	245774
8528	603744	245702
8529	603816	245632
8530	603923	245576
8531	604012	245512
8532	604107	245451
8533	604176	245380
8534	604245	245308
8535	604311	245236
8536	604382	245165
8537	604450	245093
8538	604523	245023
8539	604591	244951
8540	604660	244880
8541	604727	244807
8542	604798	244736
8543	604868	244666
8544	604951	244600
8545	605025	244530
8546	605096	244459
8547	605168	244389
8548	605251	244323
8549	605323	244253
8550	605393	244182
8551	605465	244112
8552	605540	244042
8553	605613	243972
8554	605703	243909
8555	605773	243838
8556	605841	243766
8557	605910	243695
8558	605980	243624
8559	606050	243552
8560	606142	243490
8561	606258	243438
8562	606350	243375
8563	606418	243303
8564	606484	243230
8565	606563	243163
8566	606630	243091
8567	606698	243019
8568	606772	242949
8569	606835	242875
8570	606909	242806
8571	606976	242734
8572	607043	242661
8573	607107	242588
8574	607172	242515
8575	607236	242441
8576	607301	242368
8577	607368	242296
8578	607440	242225
8579	607506	242153
8580	607575	242081
8581	607642	242008
8582	607709	241936
8583	607779	241865
8584	607845	241792
8585	607909	241719
8586	607977	241647
8587	608044	241575
8588	608110	241502
8589	608178	241430
8590	608246	241358
8591	608312	241285
8592	608386	241216
8593	608456	241145
8594	608530	241075
8595	608596	241003
8596	608666	240931
8597	608734	240860
8598	608804	240788
8599	608875	240718
8600	608941	240645
8601	609008	240573
8602	609081	240503
8603	609149	240431
8604	609216	240358
8605	609282	240286
8606	609353	240215
8607	609421	240143
8608	609500	240076
8609	609564	240002
8610	609630	239929
8611	609695	239857
8612	609764	239785
8613	609840	239716
8614	609908	239644
8615	609977	239573
8616	610048	239502
8617	610117	239431
8618	610206	239367
8619	610284	239299
8620	610369	239234
8621	610437	239162
8622	610504	239090
8623	610571	239017
8624	610643	238947
8625	610717	238877
8626	610787	238806
8627	610855	238735
8628	610924	238663
8629	610993	238591
8630	611065	238521
8631	611136	238450
8632	611204	238379
8633	611278	238309
8634	611355	238241
8635	611427	238170
8636	611495	238098
8637	611566	238028
8638	611633	237955
8639	611701	237883
8640	611768	237811
8641	611836	237739
8642	611906	237668
8643	611978	237598
8644	612051	237528
8645	612122	237457
8646	612186	237384
8647	612258	237313
8648	612326	237241
8649	612394	237170
8650	612463	237098
8651	612545	237032
8652	612612	236959
8653	612681	236888
8654	612757	236819
8655	612828	236748
8656	612899	236678
8657	612972	236608
8658	613038	236535
8659	613102	236462
8660	613170	236390
8661	613243	236320
8662	613308	236247
8663	613375	236175
8664	613460	236109
8665	613541	236042
8666	613610	235971
8667	613676	235898
8668	613747	235827
8669	613816	235756
8670	613895	235688
8671	613967	235618
8672	614055	235554
8673	614128	235484
8674	614196	235412
8675	614263	235340
8676	614330	235267
8677	614395	235195
8678	614462	235122
8679	614531	235051
8680	614600	234979
8681	614667	234907
8682	614733	234834
8683	614803	234763
8684	614875	234693
8685	614942	234621
8686	615024	234554
8687	615098	234484
8688	615169	234414
8689	615241	234343
8690	615310	234272
8691	615377	234200
8692	615448	234129
8693	615526	234061
8694	615600	233991
8695	615681	233925
8696	615771	233861
8697	615841	233790
8698	615908	233718
8699	615974	233645
8700	616043	233573
8701	616112	233502
8702	616178	233429
8703	616248	233358
8704	616319	233287
8705	616384	233214
8706	616453	233143
8707	616522	233071
8708	616592	233000
8709	616677	232935
8710	616744	232863
8711	616813	232792
8712	616880	232719
8713	616949	232648
8714	617017	232576
8715	617083	232503
8716	617152	232432
8717	617216	232358
8718	617288	232288
8719	617369	232221
8720	617441	232151
8721	617509	232079
8722	617578	232008
8723	617652	231938
8724	617735	231872
8725	617818	231805
8726	617898	231738
8727	617997	231678
8728	618083	231613
8729	618170	231548
8730	618250	231481
8731	618330	231413
8732	618408	231345
8733	618495	231280
8734	618579	231215
8735	618656	231146
8736	618729	231076
8737	618805	231007
8738	618877	230936
8739	618951	230867
8740	619027	230798
8741	619098	230727
8742	619173	230658
8743	619249	230589
8744	619318	230518
8745	619402	230452
8746	619513	230396
8747	619608	230334
8748	619690	230268
8749	619761	230197
8750	619837	230128
8751	619909	230057
8752	619982	229987
8753	620056	229918
8754	620144	229853
8755	620225	229786
8756	620302	229718
8757	620387	229652
8758	620458	229581
8759	620526	229509
8760	620595	229438
8761	620661	229365
8762	620733	229295
8763	620805	229225
8764	620875	229153
8765	620947	229083
8766	621017	229012
8767	621101	228946
8768	621168	228873
8769	621240	228803
8770	621321	228736
8771	621390	228665
8772	621459	228593
8773	621532	228523
8774	621605	228453
8775	621674	228381
8776	621751	228313
8777	621824	228243
8778	621897	228173
8779	621974	228104
8780	622044	228033
8781	622116	227963
8782	622187	227892
8783	622255	227820
8784	622331	227751
8785	622413	227684
8786	622486	227614
8787	622563	227545
8788	622637	227476
8789	622720	227410
8790	622797	227341
8791	622865	227269
8792	622942	227200
8793	623017	227131
8794	623092	227062
8795	623165	226991
8796	623238	226921
8797	623316	226853
8798	623392	226784
8799	623467	226715
8800	623545	226647
8801	623618	226577
8802	623693	226507
8803	623763	226436
8804	623841	226368
8805	623914	226298
8806	623999	226232
8807	624113	226177
8808	624190	226108
8809	624261	226038
8810	624335	225968
8811	624413	225899
8812	624486	225829
8813	624558	225759
8814	624631	225689
8815	624708	225620
8816	624783	225551
8817	624858	225481
8818	624931	225411
8819	625012	225344
8820	625092	225277
8821	625165	225207
8822	625235	225135
8823	625310	225066
8824	625381	224995
8825	625455	224926
8826	625534	224857
8827	625613	224789
8828	625711	224729
8829	625792	224661
8830	625866	224592
8831	625943	224523
8832	626028	224457
8833	626110	224390
8834	626196	224325
8835	626283	224259
8836	626374	224196
8837	626462	224131
8838	626554	224068
8839	626631	223999
8840	626712	223932
8841	626790	223863
8842	626869	223796
8843	626966	223734
8844	627041	223664
8845	627116	223595
8846	627194	223526
8847	627270	223457
8848	627346	223388
8849	627420	223319
8850	627492	223248
8851	627562	223177
8852	627637	223107
8853	627710	223037
8854	627786	222968
8855	627860	222899
8856	627935	222829
8857	628007	222758
8858	628081	222689
8859	628151	222618
8860	628225	222548
8861	628297	222477
8862	628366	222406
8863	628447	222338
8864	628528	222271
8865	628604	222202
8866	628681	222133
8867	628754	222063
8868	628841	221998
8869	629154	222012
8870	629300	221968
8871	629456	221927
8872	629555	221866
8873	629633	221798
8874	629719	221732
8875	629797	221663
8876	629867	221592
8877	629955	221527
8878	630035	221459
8879	630111	221390
8880	630205	221327
8881	630282	221258
8882	630372	221194
8883	630445	221124
8884	630526	221056
8885	630629	220997
8886	630737	220939
8887	630851	220883
8888	630931	220815
8889	631025	220752
8890	631101	220683
8891	631173	220612
8892	631242	220541
8893	631311	220469
8894	631388	220400
8895	631458	220329
8896	631544	220263
8897	631620	220193
8898	631698	220125
8899	631772	220055
8900	631843	219984
8901	631913	219913
8902	631980	219840
8903	632056	219771
8904	632123	219699
8905	632192	219627
8906	632261	219556
8907	632392	219505
8908	632466	219435
8909	632541	219366
8910	632615	219296
8911	632684	219224
8912	632752	219152
8913	632820	219080
8914	632891	219009
8915	632961	218938
8916	633039	218869
8917	633139	218808
8918	633207	218736
8919	633276	218664
8920	633345	218593
8921	633418	218523
8922	633489	218451
8923	633557	218380
8924	633626	218308
8925	633707	218240
8926	633783	218171
8927	633855	218100
8928	633930	218031
8929	634015	217965
8930	634082	217892
8931	634151	217820
8932	634216	217748
8933	634289	217677
8934	634365	217608
8935	634432	217536
8936	634498	217463
8937	634566	217391
8938	634630	217317
8939	634695	217244
8940	634763	217172
8941	634828	217099
8942	634897	217028
8943	634970	216957
8944	635039	216885
8945	635105	216813
8946	635172	216740
8947	635238	216668
8948	635307	216596
8949	635378	216525
8950	635461	216458
8951	635534	216388
8952	635609	216318
8953	635695	216252
8954	635766	216182
8955	635838	216111
8956	635909	216040
8957	635974	215967
8958	636051	215898
8959	636115	215825
8960	636185	215753
8961	636251	215680
8962	636318	215608
8963	636385	215536
8964	636451	215463
8965	636518	215391
8966	636588	215319
8967	636655	215247
8968	636725	215176
8969	636794	215104
8970	636861	215032
8971	636930	214960
8972	637001	214889
8973	637074	214819
8974	637141	214746
8975	637208	214674
8976	637275	214602
8977	637340	214529
8978	637407	214456
8979	637475	214384
8980	637542	214312
8981	637613	214241
8982	637687	214171
8983	637756	214099
8984	637824	214027
8985	637889	213954
8986	637956	213882
8987	638024	213810
8988	638092	213738
8989	638158	213665
8990	638222	213592
8991	638306	213525
8992	638386	213458
8993	638455	213386
8994	638523	213314
8995	638594	213243
8996	638659	213170
8997	638728	213098
8998	638796	213026
8999	638863	212954
9000	638930	212882
9001	638996	212809
9002	639063	212737
9003	639133	212665
9004	639200	212593
9005	639268	212521
9006	639334	212448
9007	639398	212375
9008	639466	212303
9009	639532	212231
9010	639598	212158
9011	639673	212088
9012	639741	212016
9013	639809	211944
9014	639887	211876
9015	639993	211816
9016	640071	211748
9017	640150	211679
9018	640216	211607
9019	640286	211536
9020	640352	211463
9021	640417	211390
9022	640489	211319
9023	640570	211252
9024	640637	211179
9025	640702	211106
9026	640770	211034
9027	640836	210962
9028	640901	210889
9029	640969	210817
9030	641037	210745
9031	641101	210671
9032	641168	210599
9033	641232	210526
9034	641299	210454
9035	641368	210382
9036	641433	210309
9037	641502	210237
9038	641567	210164
9039	641636	210093
9040	641709	210023
9041	641782	209952
9042	641856	209882
9043	641925	209811
9044	642008	209743
9045	642079	209673
9046	642151	209602
9047	642217	209529
9048	642288	209458
9049	642363	209389
9050	642439	209319
9051	642515	209250
9052	642584	209178
9053	642660	209109
9054	642736	209040
9055	642805	208968
9056	642871	208895
9057	642939	208823
9058	643006	208751
9059	643079	208681
9060	643149	208610
9061	643218	208538
9062	643286	208466
9063	643354	208394
9064	643421	208322
9065	643493	208251
9066	643558	208178
9067	643625	208106
9068	643700	208036
9069	643780	207968
9070	643846	207896
9071	643916	207824
9072	643999	207757
9073	644064	207684
9074	644127	207611
9075	644193	207538
9076	644260	207466
9077	644333	207396
9078	644402	207324
9079	644477	207254
9080	644559	207187
9081	644630	207116
9082	644696	207043
9083	644766	206972
9084	644833	206900
9085	644903	206829
9086	644983	206760
9087	645049	206688
9088	645126	206619
9089	645195	206547
9090	645261	206475
9091	645327	206402
9092	645394	206330
9093	645466	206259
9094	645546	206191
9095	645628	206124
9096	645698	206052
9097	645771	205982
9098	645842	205911
9099	645908	205839
9100	645975	205766
9101	646045	205695
9102	646111	205623
9103	646179	205551
9104	646247	205479
9105	646313	205406
9106	646385	205335
9107	646460	205266
9108	646539	205197
9109	646606	205125
9110	646677	205054
9111	646744	204982
9112	646823	204913
9113	646888	204840
9114	646956	204769
9115	647023	204696
9116	647088	204623
9117	647156	204552
9118	647227	204481
9119	647293	204408
9120	647376	204341
9121	647443	204268
9122	647510	204196
9123	647578	204124
9124	647648	204053
9125	647716	203981
9126	647786	203910
9127	647853	203838
9128	647922	203766
9129	647990	203694
9130	648054	203621
9131	648127	203551
9132	648207	203483
9133	648277	203411
9134	648342	203339
9135	648408	203266
9136	648481	203196
9137	648549	203124
9138	648624	203054
9139	648696	202983
9140	648768	202913
9141	648835	202841
9142	648900	202768
9143	648967	202696
9144	649036	202624
9145	649108	202553
9146	649174	202480
9147	649247	202410
9148	649315	202338
9149	649384	202267
9150	649450	202194
9151	649517	202122
9152	649586	202050
9153	649653	201978
9154	649719	201906
9155	649783	201833
9156	649847	201760
9157	649917	201688
9158	649985	201616
9159	650068	201549
9160	650138	201478
9161	650206	201406
9162	650273	201334
9163	650344	201263
9164	650421	201194
9165	650491	201122
9166	650563	201052
9167	650636	200982
9168	650712	200912
9169	650781	200840
9170	650853	200770
9171	650923	200699
9172	650992	200627
9173	651063	200556
9174	651138	200486
9175	651209	200415
9176	651293	200348
9177	651366	200278
9178	651441	200208
9179	651510	200137
9180	651590	200069
9181	651662	199998
9182	651733	199927
9183	651800	199855
9184	651889	199789
9185	651975	199723
9186	652043	199651
9187	652111	199579
9188	652177	199507
9189	652246	199435
9190	652317	199364
9191	652387	199293
9192	652459	199222
9193	652532	199152
9194	652601	199080
9195	652667	199008
9196	652738	198937
9197	652809	198866
9198	652883	198796
9199	652953	198725
9200	653024	198654
9201	653098	198583
9202	653169	198513
9203	653239	198441
9204	653310	198370
9205	653380	198299
9206	653452	198228
9207	653521	198157
9208	653590	198085
9209	653663	198015
9210	653735	197944
9211	653821	197878
9212	653893	197807
9213	653979	197741
9214	654048	197669
9215	654124	197600
9216	654192	197528
9217	654260	197456
9218	654333	197386
9219	654400	197313
9220	654468	197241
9221	654544	197172
9222	654612	197100
9223	654678	197028
9224	654750	196957
9225	654820	196886
9226	654893	196815
9227	654961	196744
9228	655044	196676
9229	655121	196607
9230	655187	196535
9231	655259	196464
9232	655332	196393
9233	655400	196322
9234	655476	196252
9235	655549	196182
9236	655633	196115
9237	655708	196045
9238	655777	195973
9239	655848	195902
9240	655921	195832
9241	655997	195763
9242	656082	195696
9243	656153	195625
9244	656220	195552
9245	656286	195480
9246	656353	195408
9247	656426	195337
9248	656496	195266
9249	656566	195195
9250	656635	195123
9251	656709	195053
9252	656779	194982
9253	656845	194910
9254	656917	194839
9255	656986	194767
9256	657051	194695
9257	657122	194623
9258	657189	194551
9259	657258	194480
9260	657330	194409
9261	657398	194337
9262	657469	194266
9263	657547	194198
9264	657623	194128
9265	657693	194057
9266	657768	193987
9267	657839	193916
9268	657905	193844
9269	657973	193772
9270	658048	193702
9271	658116	193630
9272	658187	193559
9273	658257	193488
9274	658331	193418
9275	658406	193348
9276	658487	193280
9277	658559	193209
9278	658631	193139
9279	658711	193070
9280	658781	192999
9281	658855	192929
9282	658941	192862
9283	659013	192791
9284	659084	192720
9285	659151	192648
9286	659219	192577
9287	659289	192505
9288	659359	192434
9289	659430	192363
9290	659504	192293
9291	659579	192223
9292	659653	192153
9293	659731	192084
9294	659818	192018
9295	659906	191952
9296	659983	191882
9297	660077	191818
9298	660148	191747
9299	660220	191677
9300	660298	191607
9301	660371	191537
9302	660443	191466
9303	660524	191398
9304	660595	191327
9305	660667	191257
9306	660749	191189
9307	660825	191119
9308	660898	191049
9309	660979	190981
9310	661067	190914
9311	661147	190846
9312	661250	190785
9313	661343	190720
9314	661421	190651
9315	661499	190582
9316	661575	190512
9317	661644	190441
9318	661716	190370
9319	661785	190298
9320	661857	190228
9321	661928	190157
9322	662002	190087
9323	662078	190017
9324	662153	189947
9325	662226	189877
9326	662303	189807
9327	662375	189737
9328	662445	189665
9329	662518	189595
9330	662610	189530
9331	662687	189461
9332	662762	189391
9333	662882	189334
9334	663000	189276
9335	663168	189233
9336	663295	189178
9337	663378	189110
9338	663478	189047
9339	663600	188991
9340	663731	188937
9341	663825	188872
9342	663913	188806
9343	663998	188739
9344	664099	188676
9345	664170	188605
9346	664243	188535
9347	664317	188464
9348	664390	188394
9349	664462	188323
9350	664538	188253
9351	664613	188183
9352	664686	188113
9353	664756	188042
9354	664842	187975
9355	664913	187904
9356	664993	187835
9357	665070	187766
9358	665142	187695
9359	665219	187626
9360	665300	187557
9361	665380	187489
9362	665456	187419
9363	665533	187350
9364	665626	187285
9365	665708	187217
9366	665787	187148
9367	665858	187077
9368	665935	187007
9369	666007	186936
9370	666075	186865
9371	666151	186795
9372	666219	186723
9373	666290	186652
9374	666360	186580
9375	666431	186509
9376	666505	186439
9377	666583	186370
9378	666662	186301
9379	666734	186230
9380	666809	186160
9381	666887	186091
9382	666957	186020
9383	667028	185949
9384	667109	185880
9385	667178	185809
9386	667246	185737
9387	667322	185667
9388	667395	185596
9389	667466	185525
9390	667541	185455
9391	667650	185395
9392	667748	185331
9393	667839	185266
9394	667929	185200
9395	668016	185133
9396	668110	185068
9397	668208	185005
9398	668289	184936
9399	668361	184866
9400	668447	184799
9401	668532	184731
9402	668605	184661
9403	668689	184593
9404	668776	184526
9405	668861	184459
9406	668939	184390
9407	669021	184322
9408	669094	184251
9409	669169	184181
9410	669243	184111
9411	669321	184042
9412	669393	183971
9413	669472	183902
9414	669559	183835
9415	669640	183767
9416	669720	183698
9417	669798	183629
9418	669877	183560
9419	669971	183495
9420	670091	183437
9421	670168	183368
9422	670242	183297
9423	670316	183227
9424	670392	183157
9425	670466	183087
9426	670538	183016
9427	670610	182945
9428	670684	182875
9429	670758	182804
9430	670831	182734
9431	670910	182665
9432	670985	182595
9433	671062	182525
9434	671142	182456
9435	671221	182387
9436	671309	182321
9437	671386	182251
9438	671498	182191
9439	671728	182163
9440	671918	182124
9441	672015	182060
9442	672122	181998
9443	672224	181936
9444	672314	181870
9445	672400	181802
9446	672474	181732
9447	672554	181663
9448	672657	181601
9449	672764	181539
9450	672850	181472
9451	672933	181404
9452	673008	181334
9453	673086	181265
9454	673168	181196
9455	673264	181132
9456	673350	181064
9457	673442	180999
9458	673526	180931
9459	673605	180862
9460	673697	180796
9461	673831	180742
9462	674007	180699
9463	674110	180636
9464	674194	180568
9465	674277	180500
9466	674352	180430
9467	674429	180360
9468	674503	180290
9469	674577	180219
9470	674651	180149
9471	674732	180080
9472	674910	180037
9473	675021	179977
9474	675113	179911
9475	675199	179844
9476	675280	179775
9477	675366	179708
9478	675460	179642
9479	675570	179581
9480	675686	179522
9481	675785	179458
9482	675890	179396
9483	675976	179328
9484	676058	179260
9485	676135	179190
9486	676226	179124
9487	676311	179057
9488	676402	178991
9489	676478	178921
9490	676559	178852
9491	676646	178785
9492	676728	178716
9493	676811	178648
9494	676898	178581
9495	676989	178515
9496	677076	178448
9497	677182	178386
9498	677297	178326
9499	677416	178267
9500	677502	178200
9501	677595	178134
9502	677682	178067
9503	677793	178006
9504	677961	177960
9505	678055	177895
9506	678156	177831
9507	678282	177774
9508	678372	177708
9509	678471	177644
9510	678550	177574
9511	678639	177507
9512	678747	177446
9513	678851	177383
9514	678962	177322
9515	679084	177264
9516	679176	177198
9517	679284	177136
9518	679452	177090
9519	679637	177048
9520	679767	176992
9521	679936	176946
9522	680081	176894
9523	680249	176847
9524	680454	176811
9525	680569	176750
9526	680688	176691
9527	680839	176640
9528	680945	176578
9529	681035	176511
9530	681123	176444
9531	681206	176376
9532	681299	176310
9533	681391	176244
9534	681483	176177
9535	681574	176111
9536	681657	176042
9537	681748	175976
9538	681909	175928
9539	682035	175870
9540	682123	175803
9541	682197	175732
9542	682270	175661
9543	682345	175590
9544	682414	175518
9545	682482	175446
9546	682552	175374
9547	682627	175304
9548	682702	175233
9549	682780	175163
9550	682853	175092
9551	682925	175021
9552	683002	174951
9553	683077	174880
9554	683155	174810
9555	683236	174741
9556	683307	174669
9557	683380	174598
9558	683453	174527
9559	683529	174457
9560	683595	174384
9561	683673	174314
9562	683743	174242
9563	683818	174172
9564	683893	174101
9565	683984	174034
9566	684068	173966
9567	684148	173897
9568	684218	173825
9569	684289	173753
9570	684362	173682
9571	684436	173611
9572	684506	173539
9573	684572	173466
9574	684639	173394
9575	684711	173323
9576	684783	173251
9577	684851	173179
9578	684927	173108
9579	685008	173039
9580	685080	172968
9581	685153	172897
9582	685223	172825
9583	685293	172753
9584	685363	172681
9585	685435	172610
9586	685504	172538
9587	685587	172469
9588	685660	172398
9589	685739	172328
9590	685809	172256
9591	685886	172186
9592	685954	172114
9593	686023	172042
9594	686094	171970
9595	686174	171901
9596	686242	171828
9597	686307	171755
9598	686373	171682
9599	686439	171609
9600	686507	171537
9601	686575	171465
9602	686645	171393
9603	686715	171321
9604	686787	171250
9605	686859	171178
9606	686930	171106
9607	687000	171035
9608	687072	170963
9609	687163	170896
9610	687240	170826
9611	687319	170757
9612	687392	170686
9613	687460	170613
9614	687532	170542
9615	687600	170470
9616	687670	170398
9617	687738	170325
9618	687806	170253
9619	687880	170182
9620	687953	170111
9621	688021	170038
9622	688096	169968
9623	688169	169897
9624	688244	169826
9625	688318	169755
9626	688393	169685
9627	688481	169617
9628	688563	169548
9629	688634	169477
9630	688714	169407
9631	688786	169336
9632	688857	169264
9633	688927	169192
9634	688996	169120
9635	689067	169048
9636	689140	168977
9637	689213	168906
9638	689284	168834
9639	689356	168763
9640	689453	168698
9641	689531	168628
9642	689606	168557
9643	689682	168487
9644	689762	168417
9645	689841	168348
9646	689914	168277
9647	689990	168206
9648	690080	168139
9649	690171	168072
9650	690258	168005
9651	690340	167936
9652	690416	167865
9653	690486	167793
9654	690557	167722
9655	690638	167652
9656	690713	167582
9657	690787	167511
9658	690863	167440
9659	690934	167369
9660	691009	167298
9661	691079	167226
9662	691155	167156
9663	691224	167084
9664	691298	167013
9665	691369	166941
9666	691448	166871
9667	691523	166801
9668	691593	166729
9669	691667	166658
9670	691740	166587
9671	691816	166516
9672	691889	166445
9673	691954	166372
9674	692020	166299
9675	692089	166227
9676	692166	166157
9677	692233	166084
9678	692299	166011
9679	692372	165940
9680	692512	165885
9681	692593	165816
9682	692662	165744
9683	692740	165673
9684	692809	165601
9685	692882	165530
9686	692949	165458
9687	693021	165386
9688	693093	165315
9689	693160	165242
9690	693226	165169
9691	693294	165097
9692	693366	165026
9693	693433	164953
9694	693503	164881
9695	693583	164811
9696	693669	164743
9697	693744	164673
9698	693821	164602
9699	693913	164536
9700	693994	164467
9701	694077	164398
9702	694155	164328
9703	694231	164257
9704	694302	164186
9705	694373	164114
9706	694443	164042
9707	694522	163972
9708	694589	163900
9709	694663	163828
9710	694731	163756
9711	694800	163684
9712	694869	163612
9713	694950	163543
9714	695026	163472
9715	695111	163404
9716	695184	163333
9717	695251	163260
9718	695315	163187
9719	695385	163115
9720	695460	163044
9721	695532	162972
9722	695610	162902
9723	695677	162830
9724	695748	162758
9725	695819	162686
9726	695890	162615
9727	695956	162542
9728	696030	162471
9729	696105	162400
9730	696173	162328
9731	696246	162257
9732	696329	162188
9733	696402	162117
9734	696472	162045
9735	696542	161973
9736	696613	161901
9737	696707	161835
9738	696797	161768
9739	696889	161701
9740	696972	161632
9741	697043	161560
9742	697109	161487
9743	697177	161415
9744	697253	161344
9745	697327	161274
9746	697402	161203
9747	697474	161131
9748	697551	161061
9749	697619	160989
9750	697690	160917
9751	697761	160845
9752	697838	160775
9753	697920	160706
9754	698000	160636
9755	698079	160566
9756	698155	160496
9757	698230	160425
9758	698310	160355
9759	698382	160284
9760	698457	160213
9761	698533	160143
9762	698638	160079
9763	698736	160013
9764	698821	159945
9765	698895	159874
9766	698971	159803
9767	699041	159731
9768	699111	159659
9769	699186	159589
9770	699267	159519
9771	699343	159449
9772	699443	159384
9773	699533	159316
9774	699612	159246
9775	699688	159176
9776	699761	159104
9777	699837	159034
9778	699920	158965
9779	700005	158896
9780	700105	158831
9781	700174	158759
9782	700246	158688
9783	700326	158618
9784	700401	158547
9785	700480	158477
9786	700555	158406
9787	700640	158338
9788	700716	158267
9789	700785	158195
9790	700861	158125
9791	700937	158054
9792	701017	157984
9793	701092	157914
9794	701158	157841
9795	701226	157768
9796	701296	157696
9797	701362	157624
9798	701449	157555
9799	701519	157484
9800	701595	157413
9801	701665	157341
9802	701743	157271
9803	701818	157200
9804	701890	157129
9805	701964	157057
9806	702035	156986
9807	702114	156916
9808	702196	156846
9809	702276	156777
9810	702346	156705
9811	702430	156636
9812	702505	156565
9813	702579	156494
9814	702653	156423
9815	702725	156352
9816	702796	156280
9817	702867	156208
9818	702937	156136
9819	703009	156065
9820	703086	155994
9821	703159	155923
9822	703230	155851
9823	703312	155782
9824	703380	155710
9825	703446	155637
9826	703516	155565
9827	703581	155492
9828	703650	155420
9829	703725	155349
9830	703803	155279
9831	703894	155211
9832	703965	155140
9833	704033	155067
9834	704100	154995
9835	704170	154923
9836	704243	154851
9837	704311	154779
9838	704379	154707
9839	704456	154636
9840	704529	154565
9841	704606	154495
9842	704690	154426
9843	704755	154353
9844	704825	154281
9845	704892	154208
9846	704958	154135
9847	705022	154062
9848	705092	153990
9849	705156	153917
9850	705220	153844
9851	705288	153771
9852	705369	153702
9853	705446	153631
9854	705521	153561
9855	705615	153494
9856	705691	153423
9857	705760	153351
9858	705830	153279
9859	705899	153207
9860	705963	153134
9861	706040	153063
9862	706118	152993
9863	706186	152921
9864	706249	152847
9865	706318	152775
9866	706387	152703
9867	706454	152630
9868	706521	152558
9869	706591	152486
9870	706664	152415
9871	706730	152342
9872	706795	152269
9873	706863	152196
9874	706927	152123
9875	706993	152050
9876	707058	151977
9877	707125	151905
9878	707195	151833
9879	707303	151769
9880	707385	151700
9881	707453	151627
9882	707517	151554
9883	707584	151482
9884	707654	151410
9885	707725	151338
9886	707797	151266
9887	707868	151195
9888	707935	151122
9889	708034	151056
9890	708111	150986
9891	708180	150914
9892	708249	150842
9893	708316	150769
9894	708382	150696
9895	708448	150624
9896	708513	150551
9897	708579	150478
9898	708646	150405
9899	708712	150332
9900	708779	150260
9901	708842	150186
9902	708908	150114
9903	708973	150041
9904	709038	149968
9905	709101	149894
9906	709165	149821
9907	709231	149748
9908	709303	149677
9909	709381	149607
9910	709458	149536
9911	709534	149466
9912	709607	149394
9913	709675	149322
9914	709740	149249
9915	709815	149178
9916	709883	149106
9917	709971	149038
9918	710039	148965
9919	710107	148893
9920	710175	148821
9921	710244	148748
9922	710310	148676
9923	710377	148603
9924	710445	148531
9925	710508	148458
9926	710580	148386
9927	710651	148314
9928	710720	148242
9929	710787	148170
9930	710855	148097
9931	710921	148025
9932	710994	147953
9933	711063	147881
9934	711128	147808
9935	711194	147735
9936	711258	147662
9937	711325	147590
9938	711398	147519
9939	711480	147449
9940	711547	147377
9941	711616	147305
9942	711681	147232
9943	711746	147159
9944	711814	147086
9945	711881	147014
9946	711949	146942
9947	712019	146870
9948	712096	146799
9949	712180	146730
9950	712247	146658
9951	712317	146586
9952	712390	146514
9953	712461	146443
9954	712530	146371
9955	712597	146298
9956	712663	146225
9957	712732	146153
9958	712800	146081
9959	712864	146008
9960	712929	145935
9961	712997	145863
9962	713068	145791
9963	713134	145718
9964	713201	145646
9965	713266	145573
9966	713334	145501
9967	713402	145428
9968	713473	145357
9969	713537	145284
9970	713603	145211
9971	713673	145139
9972	713744	145067
9973	713819	144996
9974	713909	144928
9975	713976	144856
9976	714050	144785
9977	714115	144712
9978	714180	144639
9979	714253	144568
9980	714327	144497
9981	714400	144425
9982	714469	144353
9983	714541	144282
9984	714606	144209
9985	714674	144137
9986	714745	144065
9987	714820	143994
9988	714916	143927
9989	714983	143855
9990	715052	143783
9991	715120	143711
9992	715184	143638
9993	715249	143565
9994	715316	143492
9995	715387	143420
9996	715471	143351
9997	715538	143279
9998	715605	143206
9999	715679	143135
10000	715748	143063
10001	715813	142990
10002	715880	142918
10003	715946	142845
10004	716011	142772
10005	716079	142700
10006	716148	142628
10007	716214	142555
10008	716282	142483
10009	716347	142410
10010	716415	142338
10011	716485	142266
10012	716556	142194
10013	716633	142124
10014	716710	142053
10015	716789	141983
10016	716862	141912
10017	716932	141840
10018	717004	141769
10019	717073	141697
10020	717147	141625
10021	717221	141554
10022	717308	141486
10023	717380	141415
10024	717450	141343
10025	717519	141271
10026	717589	141199
10027	717660	141127
10028	717729	141055
10029	717798	140983
10030	717868	140911
10031	717934	140838
10032	718002	140766
10033	718072	140694
10034	718136	140621
10035	718200	140548
10036	718265	140475
10037	718332	140403
10038	718400	140331
10039	718473	140259
10040	718541	140187
10041	718612	140115
10042	718678	140043
10043	718748	139971
10044	718820	139899
10045	718891	139828
10046	718962	139756
10047	719030	139684
10048	719097	139611
10049	719160	139538
10050	719226	139465
10051	719293	139393
10052	719360	139321
10053	719427	139248
10054	719497	139176
10055	719564	139104
10056	719633	139032
10057	719697	138959
10058	719769	138887
10059	719837	138815
10060	719922	138746
10061	720007	138677
10062	720076	138605
10063	720159	138536
10064	720227	138464
10065	720292	138391
10066	720357	138318
10067	720422	138245
10068	720488	138172
10069	720556	138100
10070	720625	138028
10071	720690	137955
10072	720754	137882
10073	720819	137810
10074	720888	137738
10075	720955	137665
10076	721026	137593
10077	721093	137521
10078	721162	137449
10079	721230	137377
10080	721306	137306
10081	721380	137235
10082	721454	137164
10083	721529	137093
10084	721601	137022
10085	721672	136950
10086	721751	136880
10087	721822	136808
10088	721886	136735
10089	721953	136663
10090	722025	136591
10091	722094	136519
10092	722165	136448
10093	722232	136375
10094	722297	136302
10095	722364	136230
10096	722428	136157
10097	722495	136084
10098	722560	136012
10099	722628	135939
10100	722695	135867
10101	722768	135796
10102	722835	135723
10103	722903	135651
10104	722972	135579
10105	723043	135508
10106	723112	135435
10107	723183	135364
10108	723256	135293
10109	723326	135221
10110	723396	135149
10111	723460	135076
10112	723526	135003
10113	723593	134931
10114	723668	134860
10115	723738	134788
10116	723820	134719
10117	723890	134647
10118	723967	134576
10119	724036	134504
10120	724101	134432
10121	724165	134359
10122	724230	134286
10123	724300	134214
10124	724365	134141
10125	724429	134068
10126	724493	133995
10127	724559	133923
10128	724630	133851
10129	724710	133781
10130	724780	133709
10131	724847	133637
10132	724914	133565
10133	724979	133492
10134	725047	133420
10135	725113	133347
10136	725181	133275
10137	725254	133204
10138	725323	133132
10139	725393	133060
10140	725470	132989
10141	725558	132921
10142	725627	132849
10143	725699	132777
10144	725776	132707
10145	725845	132635
10146	725918	132563
10147	725990	132492
10148	726063	132421
10149	726136	132350
10150	726215	132279
10151	726294	132209
10152	726367	132138
10153	726436	132066
10154	726503	131994
10155	726575	131922
10156	726658	131853
10157	726739	131783
10158	726814	131712
10159	726889	131641
10160	726961	131569
10161	727035	131498
10162	727112	131428
10163	727186	131357
10164	727258	131285
10165	727328	131213
10166	727396	131141
10167	727464	131069
10168	727536	130998
10169	727617	130928
10170	727704	130859
10171	727780	130788
10172	727857	130718
10173	727938	130648
10174	728031	130580
10175	728108	130510
10176	728180	130438
10177	728259	130368
10178	728334	130297
10179	728418	130228
10180	728489	130156
10181	728559	130084
10182	728638	130014
10183	728708	129942
10184	728781	129871
10185	728852	129799
10186	728920	129727
10187	728988	129655
10188	729056	129583
10189	729125	129510
10190	729192	129438
10191	729267	129367
10192	729340	129296
10193	729407	129224
10194	729475	129151
10195	729544	129079
10196	729615	129008
10197	729686	128936
10198	729759	128865
10199	729832	128793
10200	729920	128725
10201	730019	128658
10202	730094	128587
10203	730176	128517
10204	730254	128447
10205	730322	128375
10206	730390	128303
10207	730458	128231
10208	730531	128159
10209	730606	128088
10210	730687	128018
10211	730759	127947
10212	730842	127877
10213	730913	127806
10214	730986	127734
10215	731058	127663
10216	731127	127591
10217	731194	127519
10218	731265	127447
10219	731335	127375
10220	731403	127303
10221	731472	127231
10222	731545	127160
10223	731614	127087
10224	731680	127015
10225	731747	126943
10226	731817	126871
10227	731884	126798
10228	731954	126727
10229	732024	126655
10230	732089	126582
10231	732163	126511
10232	732236	126440
10233	732307	126368
10234	732378	126296
10235	732452	126225
10236	732522	126153
10237	732591	126081
10238	732659	126009
10239	732740	125939
10240	732814	125868
10241	732882	125796
10242	732949	125724
10243	733016	125651
10244	733085	125579
10245	733153	125507
10246	733222	125435
10247	733300	125365
10248	733373	125293
10249	733443	125221
10250	733513	125150
10251	733582	125078
10252	733655	125006
10253	733727	124935
10254	733805	124864
10255	733896	124796
10256	733970	124725
10257	734038	124653
10258	734107	124581
10259	734176	124509
10260	734246	124437
10261	734321	124366
10262	734400	124296
10263	734473	124225
10264	734545	124153
10265	734618	124082
10266	734694	124011
10267	734761	123939
10268	734833	123867
10269	734901	123795
10270	734974	123724
10271	735042	123651
10272	735116	123580
10273	735183	123508
10274	735253	123436
10275	735327	123365
10276	735408	123295
10277	735499	123227
10278	735578	123156
10279	735647	123084
10280	735722	123013
10281	735799	122943
10282	735868	122871
10283	735950	122801
10284	736030	122731
10285	736103	122660
10286	736172	122588
10287	736245	122516
10288	736318	122445
10289	736389	122373
10290	736462	122302
10291	736536	122231
10292	736615	122160
10293	736692	122090
10294	736776	122020
10295	736862	121951
10296	736936	121880
10297	737004	121808
10298	737076	121736
10299	737145	121664
10300	737221	121593
10301	737296	121522
10302	737373	121452
10303	737442	121380
10304	737512	121308
10305	737584	121236
10306	737657	121165
10307	737734	121094
10308	737805	121023
10309	737877	120951
10310	737945	120879
10311	738012	120807
10312	738082	120735
10313	738152	120663
10314	738222	120591
10315	738296	120520
10316	738365	120448
10317	738433	120376
10318	738504	120304
10319	738577	120233
10320	738644	120161
10321	738717	120089
10322	738789	120018
10323	738860	119946
10324	738938	119876
10325	739008	119804
10326	739098	119735
10327	739186	119666
10328	739288	119600
10329	739357	119528
10330	739425	119456
10331	739491	119383
10332	739563	119312
10333	739629	119239
10334	739702	119168
10335	739771	119096
10336	739841	119024
10337	739930	118955
10338	740001	118884
10339	740068	118811
10340	740137	118739
10341	740208	118668
10342	740286	118597
10343	740372	118528
10344	740445	118457
10345	740519	118385
10346	740597	118315
10347	740664	118242
10348	740737	118171
10349	740807	118099
10350	740877	118027
10351	740945	117955
10352	741018	117884
10353	741090	117812
10354	741172	117742
10355	741255	117673
10356	741340	117603
10357	741411	117532
10358	741483	117460
10359	741557	117389
10360	741627	117317
10361	741694	117245
10362	741763	117173
10363	741846	117103
10364	741928	117033
10365	742004	116962
10366	742070	116890
10367	742142	116818
10368	742211	116746
10369	742279	116674
10370	742350	116602
10371	742418	116530
10372	742494	116459
10373	742570	116388
10374	742645	116318
10375	742726	116247
10376	742798	116176
10377	742882	116106
10378	742949	116034
10379	743023	115963
10380	743089	115890
10381	743153	115817
10382	743222	115745
10383	743297	115674
10384	743391	115606
10385	743507	115542
10386	743607	115475
10387	743692	115405
10388	743770	115334
10389	743853	115265
10390	743929	115194
10391	744006	115123
10392	744084	115052
10393	744153	114980
10394	744230	114910
10395	744302	114838
10396	744375	114767
10397	744447	114695
10398	744520	114624
10399	744596	114553
10400	744666	114481
10401	744734	114409
10402	744807	114337
10403	744876	114266
10404	744945	114194
10405	745014	114121
10406	745082	114049
10407	745157	113978
10408	745225	113906
10409	745303	113835
10410	745381	113765
10411	745465	113695
10412	745535	113623
10413	745604	113551
10414	745679	113480
10415	745756	113410
10416	745824	113337
10417	745892	113265
10418	745963	113193
10419	746035	113122
10420	746109	113051
10421	746182	112979
10422	746256	112908
10423	746330	112837
10424	746403	112766
10425	746473	112694
10426	746543	112622
10427	746616	112550
10428	746686	112479
10429	746757	112407
10430	746823	112335
10431	746900	112264
10432	746971	112192
10433	747045	112121
10434	747116	112049
10435	747185	111977
10436	747253	111905
10437	747322	111833
10438	747399	111762
10439	747465	111690
10440	747530	111617
10441	747596	111545
10442	747663	111472
10443	747731	111400
10444	747796	111328
10445	747867	111256
10446	747940	111185
10447	748008	111113
10448	748082	111041
10449	748151	110969
10450	748220	110897
10451	748289	110825
10452	748357	110753
10453	748424	110681
10454	748489	110608
10455	748560	110537
10456	748631	110465
10457	748702	110393
10458	748769	110321
10459	748834	110249
10460	748908	110177
10461	748977	110105
10462	749046	110033
10463	749112	109961
10464	749180	109889
10465	749257	109818
10466	749323	109746
10467	749391	109674
10468	749456	109601
10469	749524	109529
10470	749594	109457
10471	749663	109385
10472	749733	109313
10473	749812	109243
10474	749886	109172
10475	749961	109100
10476	750029	109028
10477	750101	108957
10478	750171	108885
10479	750242	108813
10480	750311	108741
10481	750379	108669
10482	750448	108597
10483	750516	108525
10484	750583	108453
10485	750652	108381
10486	750717	108308
10487	750789	108237
10488	750860	108165
10489	750928	108093
10490	751002	108022
10491	751073	107950
10492	751141	107878
10493	751211	107806
10494	751282	107735
10495	751355	107663
10496	751423	107591
10497	751492	107519
10498	751561	107447
10499	751629	107375
10500	751701	107304
10501	751783	107233
10502	751854	107162
10503	751923	107090
10504	751996	107018
10505	752076	106948
10506	752145	106876
10507	752218	106805
10508	752291	106733
10509	752370	106663
10510	752445	106592
10511	752519	106521
10512	752594	106449
10513	752665	106378
10514	752737	106306
10515	752808	106235
10516	752893	106165
10517	752965	106093
10518	753036	106022
10519	753111	105951
10520	753182	105879
10521	753255	105808
10522	753330	105736
10523	753405	105665
10524	753545	105603
10525	753671	105539
10526	753758	105470
10527	753875	105405
10528	753964	105335
10529	754049	105266
10530	754194	105204
10531	754329	105142
10532	754433	105074
10533	754525	105006
10534	754615	104937
10535	754700	104867
10536	754780	104796
10537	754858	104726
10538	754932	104654
10539	755009	104583
10540	755087	104513
10541	755166	104442
10542	755248	104372
10543	755348	104304
10544	755431	104234
10545	755527	104166
10546	755602	104095
10547	755674	104023
10548	755752	103952
10549	755826	103881
10550	755898	103809
10551	755970	103738
10552	756040	103666
10553	756112	103594
10554	756184	103523
10555	756254	103451
10556	756325	103379
10557	756393	103307
10558	756465	103235
10559	756538	103164
10560	756606	103092
10561	756679	103020
10562	756751	102949
10563	756821	102877
10564	756895	102805
10565	756964	102734
10566	757037	102662
10567	757106	102590
10568	757175	102518
10569	757249	102447
10570	757323	102375
10571	757392	102303
10572	757462	102231
10573	757534	102160
10574	757605	102088
10575	757683	102017
10576	757754	101946
10577	757822	101874
10578	757890	101801
10579	757961	101730
10580	758027	101657
10581	758095	101585
10582	758162	101513
10583	758235	101441
10584	758306	101370
10585	758377	101298
10586	758446	101226
10587	758515	101154
10588	758584	101082
10589	758655	101010
10590	758726	100939
10591	758796	100867
10592	758863	100794
10593	758931	100722
10594	758999	100650
10595	759067	100578
10596	759143	100507
10597	759215	100435
10598	759287	100364
10599	759355	100292
10600	759421	100219
10601	759493	100148
10602	759561	100076
10603	759629	100004
10604	759704	99932
10605	759783	99862
10606	759879	99793
10607	759949	99721
10608	760017	99649
10609	760085	99577
10610	760166	99507
10611	760238	99435
10612	760316	99364
10613	760389	99293
10614	760468	99222
10615	760541	99151
10616	760609	99079
10617	760676	99006
10618	760749	98935
10619	760821	98863
10620	760887	98791
10621	760954	98719
10622	761022	98647
10623	761092	98575
10624	761161	98503
10625	761232	98431
10626	761300	98359
10627	761377	98288
10628	761454	98217
10629	761530	98146
10630	761597	98074
10631	761668	98002
10632	761740	97930
10633	761808	97858
10634	761879	97787
10635	761946	97714
10636	762016	97643
10637	762093	97572
10638	762165	97500
10639	762235	97428
10640	762304	97356
10641	762372	97284
10642	762443	97212
10643	762518	97141
10644	762586	97069
10645	762653	96997
10646	762722	96925
10647	762795	96853
10648	762867	96782
10649	762936	96710
10650	763008	96638
10651	763077	96566
10652	763148	96494
10653	763219	96423
10654	763297	96352
10655	763379	96282
10656	763470	96212
10657	763549	96142
10658	763642	96073
10659	763724	96002
10660	763814	95933
10661	763921	95866
10662	763999	95795
10663	764069	95723
10664	764138	95651
10665	764206	95579
10666	764278	95507
10667	764350	95436
10668	764418	95364
10669	764495	95293
10670	764568	95221
10671	764682	95155
10672	764813	95091
10673	764926	95024
10674	765023	94956
10675	765162	94892
10676	765274	94826
10677	765355	94755
10678	765448	94686
10679	765563	94620
10680	765649	94550
10681	765731	94479
10682	765813	94409
10683	765900	94339
10684	765991	94270
10685	766081	94200
10686	766174	94131
10687	766260	94061
10688	766334	93990
10689	766407	93918
10690	766482	93847
10691	766593	93780
10692	766676	93710
10693	766766	93640
10694	766850	93570
10695	766925	93499
10696	766999	93428
10697	767070	93356
10698	767142	93284
10699	767219	93213
10700	767289	93141
10701	767359	93069
10702	767430	92998
10703	767506	92926
10704	767575	92854
10705	767643	92782
10706	767712	92710
10707	767781	92638
10708	767850	92566
10709	767921	92494
10710	767992	92423
10711	768067	92351
10712	768141	92280
10713	768218	92209
10714	768296	92138
10715	768367	92066
10716	768447	91995
10717	768518	91923
10718	768591	91852
10719	768661	91780
10720	768732	91708
10721	768800	91636
10722	768879	91565
10723	768947	91493
10724	769021	91422
10725	769090	91350
10726	769161	91278
10727	769231	91206
10728	769304	91134
10729	769372	91062
10730	769442	90990
10731	769515	90919
10732	769596	90848
10733	769690	90779
10734	769769	90708
10735	769860	90639
10736	769946	90569
10737	770024	90498
10738	770094	90426
10739	770166	90354
10740	770237	90282
10741	770307	90211
10742	770380	90139
10743	770461	90068
10744	770533	89997
10745	770603	89925
10746	770669	89852
10747	770740	89781
10748	770811	89709
10749	770881	89637
10750	770950	89565
10751	771022	89493
10752	771098	89422
10753	771183	89352
10754	771254	89280
10755	771328	89209
10756	771401	89137
10757	771480	89066
10758	771549	88994
10759	771617	88922
10760	771688	88850
10761	771759	88778
10762	771831	88707
10763	771899	88635
10764	771972	88563
10765	772042	88491
10766	772116	88420
10767	772187	88348
10768	772261	88276
10769	772329	88204
10770	772403	88133
10771	772480	88062
10772	772553	87990
10773	772628	87919
10774	772702	87847
10775	772772	87775
10776	772842	87704
10777	772915	87632
10778	772983	87560
10779	773050	87488
10780	773117	87415
10781	773190	87344
10782	773262	87272
10783	773341	87201
10784	773416	87130
10785	773489	87058
10786	773563	86987
10787	773650	86917
10788	773738	86847
10789	773838	86778
10790	773919	86708
10791	774013	86639
10792	774102	86569
10793	774183	86498
10794	774264	86427
10795	774352	86357
10796	774445	86288
10797	774523	86217
10798	774595	86145
10799	774682	86075
10800	774756	86004
10801	774835	85933
10802	774910	85862
10803	775012	85793
10804	775086	85722
10805	775161	85650
10806	775263	85582
10807	775337	85510
10808	775442	85442
10809	775524	85372
10810	775605	85301
10811	775680	85230
10812	775755	85158
10813	775828	85087
10814	775912	85016
10815	775984	84945
10816	776052	84872
10817	776134	84802
10818	776222	84732
10819	776297	84660
10820	776368	84589
10821	776441	84517
10822	776531	84447
10823	776618	84377
10824	776693	84306
10825	776764	84234
10826	776842	84163
10827	776934	84093
10828	777022	84023
10829	777091	83951
10830	777190	83882
10831	777278	83812
10832	777348	83740
10833	777427	83669
10834	777511	83599
10835	777671	83537
10836	777742	83465
10837	777823	83394
10838	777896	83322
10839	777981	83252
10840	778060	83181
10841	778137	83110
10842	778215	83039
10843	778289	82967
10844	778366	82896
10845	778448	82825
10846	778525	82754
10847	778601	82683
10848	778680	82612
10849	778754	82540
10850	778825	82468
10851	778898	82397
10852	778967	82325
10853	779040	82253
10854	779112	82181
10855	779185	82110
10856	779260	82038
10857	779343	81968
10858	779438	81898
10859	779520	81828
10860	779615	81758
10861	779705	81688
10862	779794	81618
10863	779898	81550
10864	779978	81479
10865	780063	81409
10866	780141	81338
10867	780218	81266
10868	780297	81195
10869	780392	81126
10870	780489	81057
10871	780601	80989
10872	780717	80922
10873	780799	80851
10874	780879	80780
10875	780961	80709
10876	781041	80638
10877	781121	80567
10878	781197	80496
10879	781271	80425
10880	781343	80353
10881	781414	80281
10882	781489	80209
10883	781560	80137
10884	781629	80065
10885	781705	79994
